temps_s,temperature_C
0.000,23.21
0.502,23.19
1.003,23.21
1.505,23.21
2.006,23.19
2.507,23.21
3.009,23.19
3.511,23.21
4.011,23.17
4.513,23.17
5.015,23.17
5.516,23.23
6.017,23.23
6.519,23.21
7.020,23.21
7.522,23.23
8.023,23.21
8.524,23.23
9.026,23.21
9.528,23.19
10.028,23.21
10.530,23.23
11.032,23.23
11.533,23.23
12.034,23.26
12.536,23.26
13.038,23.23
13.539,23.23
14.040,23.28
14.542,23.28
15.043,23.26
15.545,23.26
16.046,23.23
16.548,23.30
17.049,23.28
17.551,23.30
18.052,23.30
18.553,23.30
19.055,23.30
19.557,23.33
20.058,23.35
20.559,23.33
21.061,23.35
21.563,23.33
22.063,23.37
22.565,23.37
23.067,23.35
23.569,23.40
24.069,23.37
24.571,23.40
25.073,23.44
25.574,23.40
26.076,23.40
26.577,23.42
27.079,23.42
27.580,23.44
28.082,23.42
28.583,23.44
29.084,23.44
29.586,23.44
30.088,23.44
30.589,23.46
31.090,23.46
31.592,23.46
32.094,23.44
32.594,23.49
33.096,23.51
33.598,23.46
34.099,23.49
34.600,23.49
35.102,23.51
35.604,23.56
36.105,23.51
36.606,23.51
37.108,23.51
37.609,23.53
38.111,23.53
38.612,23.53
39.114,23.51
39.615,23.53
40.117,23.56
40.618,23.56
41.119,23.56
41.621,23.56
42.123,23.53
42.624,23.58
43.125,23.56
43.627,23.58
44.129,23.60
44.629,23.60
45.131,23.58
45.633,23.60
46.135,23.62
46.635,23.62
47.137,23.62
47.639,23.62
48.140,23.62
48.641,23.65
49.143,23.65
49.645,23.65
50.146,23.65
50.647,23.62
51.149,23.67
51.650,23.65
52.152,23.72
52.653,23.67
53.155,23.65
53.656,23.69
54.158,23.72
54.659,23.72
55.160,23.67
55.662,23.69
56.164,23.69
56.665,23.72
57.166,23.69
57.668,23.74
58.170,23.74
58.670,23.72
59.172,23.74
59.674,23.76
60.175,23.76
60.676,23.74
61.178,23.76
61.680,23.72
62.181,23.79
62.682,23.76
63.184,23.79
63.685,23.79
64.187,23.79
64.689,23.76
65.190,23.83
65.691,23.81
66.193,23.79
66.695,23.81
67.195,23.81
67.697,23.85
68.199,23.81
68.701,23.85
69.201,23.81
69.703,23.83
70.205,23.81
70.706,23.83
71.207,23.83
71.709,23.83
72.211,23.83
72.712,23.81
73.213,23.83
73.715,23.85
74.216,23.88
74.718,23.85
75.219,23.85
75.721,23.83
76.222,23.85
76.724,23.88
77.225,23.85
77.726,23.90
78.228,23.88
78.730,23.88
79.231,23.88
79.732,23.88
80.234,23.90
80.736,23.88
81.236,23.90
81.738,23.90
82.240,23.92
82.742,23.90
83.242,23.90
83.744,23.92
84.246,23.90
84.747,23.95
85.248,23.92
85.750,23.95
86.251,23.95
86.753,23.95
87.254,23.97
87.756,23.97
88.257,23.97
88.759,23.97
89.260,23.99
89.761,23.97
90.263,23.99
90.765,23.97
91.266,23.97
91.767,23.99
92.269,24.01
92.771,23.99
93.271,24.01
93.773,23.99
94.275,23.99
94.777,23.99
95.277,24.01
95.779,24.04
96.281,24.04
96.782,24.04
97.283,24.04
97.785,24.04
98.287,24.01
98.788,24.01
99.289,24.04
99.791,24.04
100.292,24.06
100.794,24.04
101.295,24.08
101.797,24.06
102.298,24.06
102.800,24.04
103.301,24.04
103.803,24.06
104.304,24.08
104.806,24.06
105.308,24.06
105.809,24.08
106.310,24.06
106.812,24.11
107.314,24.11
107.815,24.08
108.316,24.11
108.818,24.08
109.320,24.08
109.821,24.08
110.323,24.13
110.824,24.11
111.326,24.11
111.827,24.08
112.329,24.13
112.830,24.11
113.332,24.13
113.833,24.13
114.335,24.11
114.836,24.13
115.338,24.13
115.839,24.13
116.341,24.13
116.842,24.13
117.344,24.11
117.845,24.15
118.347,24.11
118.848,24.15
119.350,24.13
119.851,24.15
120.353,24.13
120.855,24.15
121.356,24.15
121.857,24.15
122.359,24.15
122.861,24.17
123.362,24.17
123.863,24.17
124.365,24.15
124.867,24.17
125.368,24.17
125.869,24.20
126.371,24.22
126.873,24.17
127.374,24.20
127.875,24.20
128.377,24.20
128.879,24.20
129.380,24.22
129.881,24.20
130.383,24.22
130.885,24.24
131.386,24.20
131.887,24.22
132.389,24.22
132.891,24.24
133.392,24.22
133.893,24.24
134.395,24.22
134.897,24.22
135.399,24.27
135.900,24.27
136.401,24.24
136.903,24.24
137.405,24.24
137.906,24.24
138.407,24.24
138.909,24.29
139.411,24.27
139.912,24.27
140.413,24.24
140.915,24.27
141.417,24.27
141.918,24.27
142.419,24.24
142.921,24.27
143.423,24.29
143.924,24.29
144.425,24.24
144.927,24.27
145.429,24.29
145.930,24.27
146.431,24.29
146.933,24.31
147.435,24.29
147.936,24.29
148.437,24.29
148.939,24.29
149.441,24.27
149.943,24.29
150.443,24.31
150.945,24.29
151.447,24.29
151.949,24.29
152.449,24.31
152.951,24.31
153.453,24.29
153.955,24.29
154.455,24.29
154.957,24.33
155.459,24.31
155.961,24.29
156.461,24.31
156.963,24.31
157.465,24.31
157.967,24.33
158.467,24.31
158.969,24.29
159.471,24.31
159.973,24.33
160.474,24.33
160.975,24.33
161.477,24.33
161.979,24.33
162.481,24.31
162.981,24.31
163.483,24.31
163.985,24.38
164.487,24.33
164.987,24.31
165.489,24.31
165.991,24.31
166.493,24.33
166.993,24.36
167.495,24.36
167.997,24.33
168.499,24.33
168.999,24.33
169.501,24.33
170.003,24.31
170.505,24.36
171.006,24.36
171.507,24.36
172.009,24.38
172.511,24.36
173.012,24.36
173.513,24.38
174.015,24.38
174.517,24.36
175.018,24.38
175.519,24.36
176.021,24.33
176.523,24.38
177.024,24.38
177.525,24.38
178.027,24.38
178.529,24.36
179.030,24.36
179.531,24.40
180.033,24.38
180.535,24.38
181.036,24.38
181.537,24.38
182.039,24.36
182.541,24.40
183.042,24.38
183.543,24.36
184.045,24.36
184.547,24.40
185.048,24.38
185.549,24.40
186.051,24.40
186.553,24.40
187.054,24.40
187.555,24.40
188.057,24.40
188.559,24.40
189.060,24.43
189.561,24.40
190.063,24.40
190.565,24.38
191.066,24.40
191.567,24.43
192.069,24.45
192.571,24.43
193.073,24.40
193.573,24.40
194.075,24.43
194.577,24.43
195.079,24.43
195.579,24.43
196.081,24.43
196.583,24.45
197.085,24.43
197.586,24.45
198.087,24.47
198.589,24.47
199.091,24.45
199.592,24.47
200.093,24.47
200.595,24.47
201.097,24.47
201.598,24.47
202.099,24.45
202.601,24.45
203.103,24.47
203.604,24.45
204.105,24.47
204.607,24.49
205.109,24.47
205.610,24.49
206.111,24.49
206.613,24.47
207.115,24.52
207.616,24.47
208.117,24.49
208.619,24.49
209.121,24.49
209.622,24.47
210.124,24.49
210.625,24.52
211.127,24.49
211.628,24.49
212.130,24.49
212.631,24.49
213.133,24.52
213.634,24.52
214.136,24.52
214.637,24.54
215.139,24.49
215.640,24.52
216.142,24.54
216.643,24.54
217.145,24.52
217.646,24.52
218.148,24.52
218.649,24.52
219.151,24.54
219.652,24.54
220.154,24.56
220.656,24.54
221.157,24.56
221.658,24.54
222.160,24.54
222.662,24.54
223.163,24.52
223.665,24.54
224.166,24.54
224.668,24.54
225.169,24.54
225.671,24.56
226.172,24.54
226.674,24.59
227.175,24.56
227.677,24.56
228.178,24.59
228.680,24.56
229.181,24.54
229.683,24.59
230.184,24.56
230.686,24.54
231.188,24.54
231.689,24.59
232.190,24.59
232.692,24.59
233.194,24.59
233.695,24.59
234.196,24.59
234.698,24.59
235.200,24.61
235.701,24.59
236.202,24.61
236.704,24.59
237.206,24.59
237.707,24.59
238.208,24.59
238.710,24.59
239.212,24.61
239.714,24.59
