temps_s,T3_mesuree,T3_estimT2,T3_estimT1,T3_moy
0.000,22.63,22.59,22.59,22.59
0.515,22.63,22.59,22.59,22.59
1.019,22.59,22.59,22.59,22.59
1.523,22.63,22.59,22.59,22.59
2.027,22.59,22.59,22.60,22.59
2.531,22.59,22.59,22.60,22.59
3.035,22.59,22.59,22.60,22.60
3.538,22.63,22.59,22.60,22.60
4.042,22.63,22.59,22.60,22.60
4.546,22.59,22.60,22.61,22.60
5.050,22.63,22.60,22.61,22.60
5.554,22.63,22.60,22.61,22.60
6.057,22.63,22.60,22.62,22.61
6.561,22.63,22.60,22.62,22.61
7.065,22.59,22.60,22.62,22.61
7.569,22.63,22.60,22.63,22.62
8.073,22.63,22.60,22.63,22.62
8.576,22.63,22.60,22.64,22.62
9.080,22.63,22.61,22.64,22.63
9.584,22.63,22.61,22.65,22.63
10.088,22.63,22.61,22.66,22.63
10.592,22.63,22.61,22.66,22.64
11.095,22.63,22.62,22.67,22.64
11.599,22.63,22.62,22.67,22.65
12.103,22.63,22.62,22.68,22.65
12.607,22.63,22.63,22.69,22.66
13.111,22.63,22.63,22.69,22.66
13.615,22.63,22.63,22.70,22.67
14.118,22.63,22.64,22.71,22.67
14.623,22.63,22.64,22.71,22.68
15.127,22.63,22.64,22.72,22.68
15.631,22.66,22.65,22.73,22.69
16.135,22.66,22.65,22.74,22.70
16.638,22.66,22.66,22.74,22.70
17.142,22.66,22.66,22.75,22.71
17.646,22.66,22.67,22.76,22.71
18.150,22.66,22.67,22.77,22.72
18.654,22.66,22.68,22.78,22.73
19.157,22.66,22.69,22.78,22.74
19.661,22.70,22.69,22.79,22.74
20.165,22.70,22.70,22.80,22.75
20.669,22.70,22.70,22.81,22.76
21.173,22.70,22.71,22.82,22.76
21.676,22.70,22.72,22.83,22.77
22.180,22.70,22.72,22.84,22.78
22.685,22.74,22.73,22.84,22.79
23.189,22.74,22.74,22.85,22.80
23.693,22.74,22.75,22.86,22.80
24.197,22.74,22.75,22.87,22.81
24.700,22.77,22.76,22.88,22.82
25.204,22.77,22.77,22.89,22.83
25.708,22.77,22.78,22.90,22.84
26.212,22.77,22.79,22.91,22.85
26.716,22.77,22.79,22.92,22.86
27.219,22.81,22.80,22.93,22.86
27.723,22.81,22.81,22.94,22.87
28.227,22.81,22.82,22.95,22.88
28.731,22.81,22.83,22.95,22.89
29.235,22.84,22.84,22.96,22.90
29.738,22.84,22.85,22.97,22.91
30.242,22.84,22.86,22.98,22.92
30.747,22.88,22.86,22.99,22.93
31.251,22.88,22.87,23.00,22.94
31.755,22.88,22.88,23.01,22.95
32.258,22.91,22.89,23.02,22.96
32.762,22.91,22.90,23.03,22.97
33.266,22.91,22.91,23.04,22.98
33.770,22.95,22.92,23.05,22.99
34.274,22.95,22.93,23.06,23.00
34.778,22.95,22.94,23.07,23.01
35.281,22.95,22.95,23.08,23.02
35.785,22.98,22.97,23.09,23.03
36.289,22.98,22.98,23.10,23.04
36.793,22.98,22.99,23.11,23.05
37.297,23.02,23.00,23.12,23.06
37.800,23.02,23.01,23.13,23.07
38.304,23.02,23.02,23.14,23.08
38.808,23.06,23.03,23.15,23.09
39.313,23.06,23.04,23.16,23.10
39.817,23.06,23.05,23.18,23.11
40.320,23.09,23.06,23.19,23.12
40.824,23.09,23.07,23.20,23.13
41.328,23.09,23.09,23.21,23.15
41.832,23.13,23.10,23.22,23.16
42.336,23.13,23.11,23.23,23.17
42.839,23.13,23.12,23.24,23.18
43.343,23.16,23.13,23.25,23.19
43.847,23.16,23.14,23.26,23.20
44.351,23.16,23.15,23.27,23.21
44.855,23.20,23.16,23.28,23.22
45.359,23.20,23.18,23.29,23.23
45.862,23.20,23.19,23.30,23.24
46.367,23.23,23.20,23.31,23.25
46.871,23.23,23.21,23.32,23.27
47.375,23.27,23.22,23.33,23.28
47.879,23.27,23.23,23.34,23.29
48.382,23.27,23.25,23.35,23.30
48.886,23.27,23.26,23.36,23.31
49.390,23.30,23.27,23.37,23.32
49.894,23.30,23.28,23.38,23.33
50.398,23.30,23.29,23.39,23.34
50.901,23.34,23.31,23.40,23.35
51.405,23.34,23.32,23.41,23.36
51.909,23.37,23.33,23.42,23.38
52.413,23.37,23.34,23.43,23.39
52.917,23.37,23.35,23.44,23.40
53.420,23.41,23.37,23.45,23.41
53.924,23.41,23.38,23.46,23.42
54.429,23.41,23.39,23.47,23.43
54.933,23.45,23.40,23.48,23.44
55.437,23.45,23.41,23.49,23.45
55.941,23.45,23.43,23.50,23.46
56.444,23.48,23.44,23.51,23.48
56.948,23.48,23.45,23.52,23.49
57.452,23.52,23.46,23.53,23.50
57.956,23.52,23.47,23.54,23.51
58.460,23.52,23.49,23.55,23.52
58.963,23.55,23.50,23.56,23.53
59.467,23.55,23.51,23.57,23.54
59.971,23.55,23.52,23.58,23.55
60.475,23.59,23.53,23.59,23.56
60.979,23.59,23.54,23.60,23.57
61.482,23.62,23.56,23.61,23.59
61.987,23.62,23.57,23.62,23.60
62.491,23.62,23.58,23.63,23.61
62.995,23.66,23.59,23.64,23.62
63.499,23.66,23.60,23.65,23.63
64.002,23.66,23.62,23.66,23.64
64.506,23.69,23.63,23.67,23.65
65.010,23.69,23.64,23.68,23.66
65.514,23.69,23.65,23.69,23.67
66.018,23.73,23.66,23.70,23.68
66.522,23.73,23.68,23.71,23.69
67.025,23.73,23.69,23.72,23.71
67.529,23.76,23.70,23.73,23.72
68.033,23.76,23.71,23.74,23.73
68.537,23.76,23.72,23.75,23.74
69.041,23.80,23.74,23.76,23.75
69.544,23.80,23.75,23.77,23.76
70.048,23.83,23.76,23.78,23.77
70.553,23.83,23.77,23.79,23.78
71.057,23.83,23.78,23.80,23.79
71.561,23.83,23.79,23.81,23.80
72.064,23.87,23.81,23.82,23.81
72.568,23.87,23.82,23.83,23.82
73.072,23.87,23.83,23.84,23.83
73.576,23.90,23.84,23.85,23.85
74.080,23.90,23.85,23.86,23.86
74.583,23.90,23.86,23.87,23.87
75.087,23.94,23.87,23.88,23.88
75.591,23.94,23.89,23.89,23.89
76.095,23.98,23.90,23.90,23.90
76.599,23.98,23.91,23.91,23.91
77.103,23.98,23.92,23.92,23.92
77.606,24.01,23.93,23.93,23.93
78.110,24.01,23.94,23.94,23.94
78.615,24.01,23.95,23.94,23.95
79.119,24.05,23.97,23.95,23.96
79.623,24.05,23.98,23.96,23.97
80.126,24.05,23.99,23.97,23.98
80.630,24.08,24.00,23.98,23.99
81.134,24.08,24.01,23.99,24.00
81.638,24.08,24.02,24.00,24.01
82.142,24.12,24.03,24.01,24.02
82.645,24.12,24.04,24.02,24.03
83.149,24.12,24.05,24.03,24.04
83.653,24.15,24.07,24.04,24.05
84.157,24.15,24.08,24.05,24.06
84.661,24.15,24.09,24.06,24.07
85.164,24.19,24.10,24.07,24.08
85.668,24.19,24.11,24.07,24.09
86.172,24.19,24.12,24.08,24.10
86.677,24.22,24.13,24.09,24.11
87.181,24.22,24.14,24.10,24.12
87.685,24.22,24.15,24.11,24.13
88.188,24.22,24.16,24.12,24.14
88.692,24.26,24.17,24.13,24.15
89.196,24.26,24.19,24.14,24.16
89.700,24.29,24.20,24.15,24.17
90.204,24.29,24.21,24.16,24.18
90.707,24.29,24.22,24.17,24.19
91.211,24.29,24.23,24.17,24.20
91.715,24.33,24.24,24.18,24.21
92.219,24.33,24.25,24.19,24.22
92.723,24.33,24.26,24.20,24.23
93.226,24.36,24.27,24.21,24.24
93.731,24.36,24.28,24.22,24.25
94.235,24.36,24.29,24.23,24.26
94.739,24.36,24.30,24.24,24.27
95.243,24.40,24.31,24.25,24.28
95.746,24.40,24.32,24.25,24.29
96.250,24.40,24.33,24.26,24.30
96.754,24.43,24.34,24.27,24.31
97.258,24.43,24.35,24.28,24.32
97.762,24.43,24.36,24.29,24.33
98.266,24.47,24.37,24.30,24.34
98.769,24.47,24.38,24.31,24.34
99.273,24.47,24.39,24.31,24.35
99.777,24.47,24.40,24.32,24.36
100.281,24.50,24.41,24.33,24.37
100.786,24.50,24.42,24.34,24.38
101.289,24.50,24.43,24.35,24.39
101.793,24.50,24.44,24.36,24.40
102.297,24.54,24.45,24.37,24.41
102.801,24.54,24.46,24.37,24.42
103.305,24.54,24.47,24.38,24.43
103.808,24.57,24.48,24.39,24.44
104.312,24.57,24.49,24.40,24.45
104.816,24.57,24.50,24.41,24.45
105.321,24.61,24.51,24.42,24.46
105.825,24.61,24.52,24.42,24.47
106.328,24.61,24.53,24.43,24.48
106.832,24.61,24.54,24.44,24.49
107.336,24.64,24.55,24.45,24.50
107.840,24.64,24.56,24.46,24.51
108.344,24.64,24.57,24.47,24.52
108.848,24.68,24.58,24.47,24.52
109.352,24.68,24.59,24.48,24.53
109.856,24.68,24.59,24.49,24.54
110.360,24.68,24.60,24.50,24.55
110.864,24.71,24.61,24.51,24.56
111.368,24.71,24.62,24.51,24.57
111.871,24.71,24.63,24.52,24.58
112.375,24.71,24.64,24.53,24.59
112.879,24.75,24.65,24.54,24.59
113.383,24.75,24.66,24.55,24.60
113.888,24.75,24.67,24.55,24.61
114.391,24.75,24.68,24.56,24.62
114.895,24.78,24.69,24.57,24.63
115.399,24.78,24.70,24.58,24.64
115.903,24.78,24.70,24.59,24.65
116.407,24.82,24.71,24.59,24.65
116.911,24.82,24.72,24.60,24.66
117.414,24.82,24.73,24.61,24.67
117.918,24.82,24.74,24.62,24.68
118.423,24.85,24.75,24.62,24.69
118.927,24.85,24.76,24.63,24.70
119.431,24.85,24.77,24.64,24.70
119.934,24.85,24.78,24.65,24.71
120.438,24.85,24.78,24.66,24.72
120.942,24.89,24.79,24.66,24.73
121.446,24.89,24.80,24.67,24.74
121.950,24.89,24.81,24.68,24.74
122.453,24.89,24.82,24.69,24.75
122.958,24.93,24.83,24.69,24.76
123.462,24.93,24.84,24.70,24.77
123.966,24.93,24.84,24.71,24.78
124.470,24.93,24.85,24.72,24.78
124.973,24.93,24.86,24.72,24.79
125.477,24.96,24.87,24.73,24.80
125.981,24.96,24.88,24.74,24.81
126.485,24.96,24.89,24.74,24.82
126.989,24.96,24.89,24.75,24.82
127.493,25.00,24.90,24.76,24.83
127.997,25.00,24.91,24.77,24.84
128.501,25.00,24.92,24.77,24.85
129.005,25.00,24.93,24.78,24.85
129.509,25.03,24.94,24.79,24.86
130.013,25.03,24.94,24.80,24.87
130.516,25.03,24.95,24.80,24.88
131.020,25.03,24.96,24.81,24.88
131.524,25.03,24.97,24.82,24.89
132.028,25.07,24.98,24.82,24.90
132.533,25.07,24.98,24.83,24.91
133.036,25.07,24.99,24.84,24.91
133.540,25.07,25.00,24.84,24.92
134.044,25.10,25.01,24.85,24.93
134.548,25.10,25.01,24.86,24.94
135.052,25.10,25.02,24.87,24.94
135.555,25.10,25.03,24.87,24.95
136.059,25.14,25.04,24.88,24.96
136.563,25.14,25.05,24.89,24.97
137.067,25.14,25.05,24.89,24.97
137.572,25.14,25.06,24.90,24.98
138.076,25.14,25.07,24.91,24.99
138.579,25.17,25.08,24.91,24.99
139.083,25.17,25.08,24.92,25.00
139.587,25.17,25.09,24.93,25.01
140.091,25.17,25.10,24.93,25.02
140.595,25.17,25.11,24.94,25.02
141.098,25.21,25.11,24.95,25.03
141.602,25.21,25.12,24.95,25.04
142.106,25.21,25.13,24.96,25.04
142.611,25.21,25.14,24.97,25.05
143.115,25.24,25.14,24.97,25.06
143.618,25.24,25.15,24.98,25.06
144.122,25.24,25.16,24.99,25.07
144.626,25.24,25.16,24.99,25.08
145.130,25.24,25.17,25.00,25.08
145.634,25.24,25.18,25.01,25.09
146.138,25.28,25.19,25.01,25.10
146.641,25.28,25.19,25.02,25.11
147.146,25.28,25.20,25.02,25.11
147.650,25.28,25.21,25.03,25.12
148.154,25.31,25.21,25.04,25.13
148.658,25.31,25.22,25.04,25.13
149.161,25.31,25.23,25.05,25.14
149.665,25.31,25.23,25.06,25.15
150.169,25.31,25.24,25.06,25.15
150.673,25.31,25.25,25.07,25.16
151.177,25.35,25.25,25.08,25.16
151.681,25.35,25.26,25.08,25.17
152.185,25.35,25.27,25.09,25.18
152.689,25.35,25.27,25.09,25.18
153.193,25.35,25.28,25.10,25.19
153.697,25.35,25.29,25.11,25.20
154.200,25.38,25.29,25.11,25.20
154.704,25.38,25.30,25.12,25.21
155.208,25.38,25.31,25.12,25.22
155.713,25.38,25.31,25.13,25.22
156.217,25.42,25.32,25.14,25.23
156.721,25.42,25.33,25.14,25.23
157.224,25.42,25.33,25.15,25.24
157.728,25.42,25.34,25.15,25.25
158.232,25.42,25.35,25.16,25.25
158.736,25.42,25.35,25.17,25.26
159.240,25.45,25.36,25.17,25.27
159.744,25.45,25.37,25.18,25.27
160.248,25.45,25.37,25.18,25.28
160.752,25.45,25.38,25.19,25.28
161.256,25.45,25.38,25.20,25.29
161.760,25.49,25.39,25.20,25.30
162.263,25.49,25.40,25.21,25.30
162.767,25.49,25.40,25.21,25.31
163.271,25.49,25.41,25.22,25.31
163.776,25.49,25.42,25.22,25.32
164.280,25.49,25.42,25.23,25.33
164.784,25.52,25.43,25.24,25.33
165.287,25.52,25.43,25.24,25.34
165.791,25.52,25.44,25.25,25.34
166.295,25.52,25.45,25.25,25.35
166.799,25.52,25.45,25.26,25.36
167.303,25.56,25.46,25.26,25.36
167.807,25.56,25.46,25.27,25.37
168.311,25.56,25.47,25.28,25.37
168.815,25.56,25.48,25.28,25.38
169.319,25.56,25.48,25.29,25.38
169.823,25.56,25.49,25.29,25.39
170.326,25.59,25.49,25.30,25.40
170.830,25.59,25.50,25.30,25.40
171.334,25.59,25.51,25.31,25.41
171.838,25.59,25.51,25.31,25.41
172.343,25.59,25.52,25.32,25.42
172.847,25.59,25.52,25.33,25.42
173.350,25.59,25.53,25.33,25.43
173.854,25.63,25.54,25.34,25.44
174.358,25.63,25.54,25.34,25.44
174.862,25.63,25.55,25.35,25.45
175.366,25.63,25.55,25.35,25.45
175.869,25.66,25.56,25.36,25.46
176.374,25.63,25.56,25.36,25.46
176.878,25.66,25.57,25.37,25.47
177.382,25.66,25.58,25.37,25.48
177.886,25.66,25.58,25.38,25.48
178.389,25.66,25.59,25.38,25.49
178.893,25.66,25.59,25.39,25.49
179.397,25.70,25.60,25.40,25.50
179.901,25.70,25.60,25.40,25.50
180.405,25.70,25.61,25.41,25.51
180.908,25.70,25.62,25.41,25.51
181.413,25.70,25.62,25.42,25.52
181.917,25.70,25.63,25.42,25.52
182.421,25.70,25.63,25.43,25.53
182.925,25.73,25.64,25.43,25.53
183.429,25.73,25.64,25.44,25.54
183.932,25.73,25.65,25.44,25.55
184.436,25.73,25.65,25.45,25.55
184.940,25.73,25.66,25.45,25.56
185.444,25.73,25.66,25.46,25.56
185.949,25.77,25.67,25.46,25.57
186.452,25.77,25.67,25.47,25.57
186.956,25.77,25.68,25.47,25.58
187.460,25.77,25.68,25.48,25.58
187.964,25.77,25.69,25.48,25.59
188.468,25.77,25.70,25.49,25.59
188.971,25.80,25.70,25.49,25.60
189.475,25.80,25.71,25.50,25.60
189.979,25.80,25.71,25.50,25.61
190.483,25.80,25.71,25.51,25.61
190.988,25.80,25.72,25.51,25.62
191.491,25.80,25.73,25.52,25.62
191.995,25.80,25.73,25.52,25.63
192.499,25.80,25.74,25.53,25.63
193.003,25.84,25.74,25.53,25.64
193.507,25.84,25.74,25.54,25.64
194.011,25.84,25.75,25.54,25.64
194.514,25.84,25.75,25.54,25.65
195.018,25.84,25.76,25.55,25.65
195.523,25.84,25.76,25.55,25.66
196.027,25.84,25.77,25.56,25.66
196.531,25.84,25.77,25.56,25.67
197.034,25.87,25.78,25.57,25.67
197.538,25.87,25.78,25.57,25.68
198.042,25.87,25.79,25.58,25.68
198.546,25.87,25.79,25.58,25.69
199.050,25.87,25.80,25.59,25.69
199.553,25.87,25.80,25.59,25.70
200.057,25.87,25.81,25.59,25.70
200.561,25.91,25.81,25.60,25.70
201.066,25.91,25.81,25.60,25.71
201.570,25.91,25.82,25.61,25.71
202.074,25.91,25.82,25.61,25.72
202.577,25.91,25.83,25.62,25.72
203.081,25.91,25.83,25.62,25.73
203.585,25.91,25.84,25.63,25.73
204.089,25.94,25.84,25.63,25.74
204.593,25.94,25.84,25.64,25.74
205.096,25.94,25.85,25.64,25.74
205.601,25.94,25.85,25.64,25.75
206.105,25.94,25.86,25.65,25.75
206.609,25.94,25.86,25.65,25.76
207.113,25.94,25.87,25.66,25.76
207.616,25.94,25.87,25.66,25.77
208.120,25.98,25.87,25.67,25.77
208.624,25.98,25.88,25.67,25.77
209.128,25.98,25.88,25.67,25.78
209.632,25.98,25.89,25.68,25.78
210.135,25.98,25.89,25.68,25.79
210.639,25.98,25.90,25.69,25.79
211.144,25.98,25.90,25.69,25.80
211.648,26.01,25.90,25.70,25.80
212.152,26.01,25.91,25.70,25.80
212.656,26.01,25.91,25.70,25.81
213.159,26.01,25.92,25.71,25.81
213.663,26.01,25.92,25.71,25.82
214.167,26.01,25.93,25.72,25.82
214.671,26.01,25.93,25.72,25.82
215.175,26.01,25.93,25.72,25.83
215.678,26.01,25.94,25.73,25.83
216.183,26.05,25.94,25.73,25.84
216.687,26.05,25.94,25.74,25.84
217.191,26.05,25.95,25.74,25.84
217.695,26.05,25.95,25.74,25.85
218.198,26.05,25.96,25.75,25.85
218.702,26.05,25.96,25.75,25.86
219.206,26.05,25.96,25.76,25.86
219.710,26.05,25.97,25.76,25.86
220.214,26.08,25.97,25.76,25.87
220.717,26.08,25.98,25.77,25.87
221.221,26.08,25.98,25.77,25.88
221.726,26.08,25.98,25.78,25.88
222.230,26.08,25.99,25.78,25.88
222.734,26.08,25.99,25.78,25.89
223.238,26.08,26.00,25.79,25.89
223.741,26.08,26.00,25.79,25.90
224.245,26.08,26.00,25.79,25.90
224.749,26.12,26.01,25.80,25.90
225.253,26.12,26.01,25.80,25.91
225.757,26.12,26.02,25.81,25.91
226.260,26.12,26.02,25.81,25.91
226.765,26.12,26.02,25.81,25.92
227.269,26.12,26.03,25.82,25.92
227.773,26.12,26.03,25.82,25.93
228.277,26.12,26.03,25.82,25.93
228.780,26.12,26.04,25.83,25.93
229.284,26.12,26.04,25.83,25.94
229.788,26.12,26.05,25.83,25.94
230.292,26.12,26.05,25.84,25.94
230.796,26.12,26.05,25.84,25.95
231.301,26.12,26.06,25.85,25.95
231.804,26.15,26.06,25.85,25.96
232.308,26.15,26.06,25.85,25.96
232.812,26.15,26.07,25.86,25.96
233.316,26.15,26.07,25.86,25.97
233.820,26.15,26.08,25.86,25.97
234.323,26.15,26.08,25.87,25.97
234.827,26.15,26.08,25.87,25.98
235.331,26.15,26.09,25.87,25.98
235.835,26.18,26.09,25.88,25.98
236.340,26.18,26.09,25.88,25.99
236.843,26.18,26.10,25.88,25.99
237.347,26.18,26.10,25.89,25.99
237.851,26.18,26.10,25.89,26.00
238.355,26.18,26.11,25.90,26.00
238.859,26.18,26.11,25.90,26.00
239.362,26.18,26.11,25.90,26.01
239.866,26.18,26.12,25.91,26.01
240.370,26.18,26.12,25.91,26.01
240.874,26.18,26.12,25.91,26.02
241.379,26.18,26.13,25.92,26.02
241.883,26.22,26.13,25.92,26.02
242.386,26.22,26.13,25.92,26.03
242.890,26.22,26.14,25.93,26.03
243.394,26.22,26.14,25.93,26.03
243.898,26.22,26.14,25.93,26.04
244.402,26.22,26.15,25.94,26.04
244.905,26.22,26.15,25.94,26.04
245.409,26.22,26.15,25.94,26.05
245.914,26.22,26.16,25.95,26.05
246.418,26.22,26.16,25.95,26.05
246.922,26.22,26.16,25.95,26.06
247.425,26.22,26.17,25.95,26.06
247.929,26.22,26.17,25.96,26.06
248.433,26.25,26.17,25.96,26.07
248.937,26.25,26.18,25.96,26.07
249.441,26.25,26.18,25.97,26.07
249.944,26.25,26.18,25.97,26.08
250.448,26.25,26.18,25.97,26.08
250.953,26.25,26.19,25.98,26.08
251.457,26.25,26.19,25.98,26.09
251.961,26.25,26.19,25.98,26.09
252.465,26.25,26.20,25.99,26.09
252.968,26.29,26.20,25.99,26.09
253.472,26.29,26.20,25.99,26.10
253.976,26.29,26.20,26.00,26.10
254.480,26.29,26.21,26.00,26.10
254.984,26.29,26.21,26.00,26.11
255.488,26.29,26.21,26.00,26.11
255.992,26.29,26.22,26.01,26.11
256.496,26.29,26.22,26.01,26.11
257.000,26.29,26.22,26.01,26.12
257.504,26.29,26.22,26.02,26.12
258.007,26.29,26.23,26.02,26.12
258.511,26.29,26.23,26.02,26.13
259.015,26.29,26.23,26.02,26.13
259.519,26.29,26.23,26.03,26.13
260.023,26.29,26.24,26.03,26.13
260.528,26.32,26.24,26.03,26.14
261.031,26.32,26.24,26.04,26.14
261.535,26.32,26.25,26.04,26.14
262.039,26.32,26.25,26.04,26.14
262.543,26.32,26.25,26.04,26.15
263.047,26.32,26.25,26.05,26.15
263.550,26.32,26.26,26.05,26.15
264.054,26.32,26.26,26.05,26.16
264.558,26.32,26.26,26.06,26.16
265.063,26.32,26.26,26.06,26.16
265.567,26.32,26.27,26.06,26.16
266.070,26.36,26.27,26.06,26.17
266.574,26.36,26.27,26.07,26.17
267.078,26.36,26.28,26.07,26.17
267.582,26.36,26.28,26.07,26.18
268.086,26.36,26.28,26.08,26.18
268.589,26.36,26.28,26.08,26.18
269.093,26.36,26.29,26.08,26.18
269.598,26.36,26.29,26.08,26.19
270.102,26.36,26.29,26.09,26.19
270.606,26.36,26.29,26.09,26.19
271.110,26.36,26.30,26.09,26.19
271.613,26.36,26.30,26.10,26.20
272.117,26.39,26.30,26.10,26.20
272.621,26.39,26.31,26.10,26.20
273.125,26.39,26.31,26.10,26.21
273.629,26.39,26.31,26.11,26.21
274.133,26.39,26.31,26.11,26.21
274.637,26.39,26.32,26.11,26.21
275.141,26.39,26.32,26.11,26.22
275.645,26.39,26.32,26.12,26.22
276.149,26.39,26.33,26.12,26.22
276.652,26.39,26.33,26.12,26.23
277.156,26.39,26.33,26.13,26.23
277.660,26.39,26.33,26.13,26.23
278.164,26.39,26.34,26.13,26.23
278.669,26.39,26.34,26.13,26.24
279.173,26.43,26.34,26.14,26.24
279.676,26.43,26.34,26.14,26.24
280.180,26.43,26.35,26.14,26.24
280.684,26.43,26.35,26.14,26.25
281.188,26.43,26.35,26.15,26.25
281.692,26.43,26.35,26.15,26.25
282.195,26.43,26.36,26.15,26.25
282.700,26.43,26.36,26.15,26.26
283.204,26.43,26.36,26.16,26.26
283.708,26.43,26.36,26.16,26.26
284.212,26.43,26.37,26.16,26.26
284.715,26.43,26.37,26.16,26.27
285.219,26.43,26.37,26.17,26.27
285.723,26.43,26.37,26.17,26.27
286.227,26.46,26.38,26.17,26.27
286.732,26.43,26.38,26.17,26.28
287.235,26.46,26.38,26.18,26.28
287.739,26.46,26.38,26.18,26.28
288.243,26.46,26.38,26.18,26.28
288.747,26.46,26.39,26.19,26.29
289.251,26.46,26.39,26.19,26.29
289.755,26.46,26.39,26.19,26.29
290.258,26.46,26.39,26.19,26.29
290.762,26.46,26.40,26.20,26.30
291.267,26.46,26.40,26.20,26.30
291.771,26.46,26.40,26.20,26.30
292.275,26.46,26.40,26.20,26.30
292.778,26.46,26.40,26.21,26.30
293.282,26.50,26.41,26.21,26.31
293.786,26.50,26.41,26.21,26.31
294.290,26.50,26.41,26.21,26.31
294.794,26.50,26.41,26.21,26.31
295.297,26.50,26.42,26.22,26.32
295.802,26.50,26.42,26.22,26.32
296.306,26.50,26.42,26.22,26.32
296.810,26.50,26.42,26.22,26.32
297.314,26.50,26.42,26.23,26.33
297.818,26.50,26.43,26.23,26.33
298.321,26.50,26.43,26.23,26.33
298.825,26.50,26.43,26.23,26.33
299.329,26.50,26.43,26.24,26.34
299.833,26.53,26.44,26.24,26.34
300.338,26.53,26.44,26.24,26.34
300.841,26.53,26.44,26.24,26.34
301.345,26.53,26.44,26.25,26.34
301.849,26.53,26.44,26.25,26.35
302.353,26.53,26.45,26.25,26.35
302.857,26.53,26.45,26.25,26.35
303.360,26.53,26.45,26.25,26.35
303.864,26.53,26.45,26.26,26.36
304.368,26.53,26.46,26.26,26.36
304.873,26.53,26.46,26.26,26.36
305.377,26.53,26.46,26.26,26.36
305.880,26.53,26.46,26.27,26.36
306.384,26.53,26.47,26.27,26.37
306.888,26.53,26.47,26.27,26.37
307.392,26.57,26.47,26.27,26.37
307.896,26.57,26.47,26.27,26.37
308.400,26.57,26.47,26.28,26.37
308.903,26.57,26.48,26.28,26.38
309.408,26.57,26.48,26.28,26.38
309.912,26.57,26.48,26.28,26.38
310.416,26.57,26.48,26.28,26.38
310.920,26.57,26.48,26.29,26.38
311.423,26.57,26.48,26.29,26.39
311.927,26.57,26.49,26.29,26.39
312.431,26.57,26.49,26.29,26.39
312.935,26.57,26.49,26.29,26.39
313.439,26.57,26.49,26.30,26.39
313.943,26.57,26.49,26.30,26.40
314.447,26.57,26.49,26.30,26.40
314.951,26.57,26.50,26.30,26.40
315.455,26.57,26.50,26.30,26.40
315.959,26.57,26.50,26.31,26.40
316.463,26.57,26.50,26.31,26.40
316.966,26.57,26.50,26.31,26.41
317.470,26.57,26.50,26.31,26.41
317.974,26.57,26.50,26.31,26.41
318.479,26.57,26.51,26.32,26.41
318.983,26.57,26.51,26.32,26.41
319.486,26.57,26.51,26.32,26.41
319.990,26.57,26.51,26.32,26.42
320.494,26.57,26.51,26.32,26.42
320.998,26.60,26.51,26.32,26.42
321.502,26.57,26.52,26.33,26.42
322.005,26.60,26.52,26.33,26.42
322.510,26.60,26.52,26.33,26.42
323.014,26.60,26.52,26.33,26.43
323.518,26.60,26.52,26.33,26.43
324.022,26.60,26.52,26.34,26.43
324.525,26.60,26.52,26.34,26.43
325.029,26.60,26.52,26.34,26.43
325.533,26.60,26.52,26.34,26.43
326.037,26.60,26.53,26.34,26.43
326.541,26.60,26.53,26.34,26.44
327.046,26.60,26.53,26.35,26.44
327.549,26.60,26.53,26.35,26.44
328.053,26.60,26.53,26.35,26.44
328.557,26.64,26.53,26.35,26.44
329.061,26.64,26.53,26.35,26.44
329.565,26.60,26.53,26.36,26.44
330.068,26.64,26.53,26.36,26.44
330.572,26.64,26.53,26.36,26.45
331.076,26.64,26.54,26.36,26.45
331.581,26.64,26.54,26.36,26.45
332.085,26.64,26.54,26.36,26.45
332.588,26.64,26.54,26.37,26.45
333.092,26.64,26.54,26.37,26.45
333.596,26.64,26.54,26.37,26.46
334.100,26.64,26.54,26.37,26.46
334.604,26.64,26.54,26.37,26.46
335.107,26.64,26.55,26.37,26.46
335.611,26.64,26.55,26.37,26.46
336.116,26.64,26.55,26.38,26.46
336.620,26.64,26.55,26.38,26.46
337.124,26.64,26.55,26.38,26.46
337.628,26.64,26.55,26.38,26.47
338.131,26.64,26.55,26.38,26.47
338.635,26.64,26.55,26.38,26.47
339.139,26.64,26.56,26.38,26.47
339.643,26.64,26.56,26.39,26.47
340.148,26.67,26.56,26.39,26.47
340.651,26.67,26.56,26.39,26.47
341.155,26.67,26.56,26.39,26.48
341.659,26.67,26.56,26.39,26.48
342.163,26.67,26.56,26.39,26.48
342.667,26.67,26.57,26.40,26.48
343.170,26.67,26.57,26.40,26.48
343.674,26.67,26.57,26.40,26.48
344.178,26.67,26.57,26.40,26.48
344.683,26.67,26.57,26.40,26.49
345.187,26.67,26.57,26.40,26.49
345.691,26.67,26.57,26.40,26.49
346.194,26.67,26.57,26.41,26.49
346.698,26.67,26.58,26.41,26.49
347.202,26.67,26.58,26.41,26.49
347.706,26.67,26.58,26.41,26.49
348.210,26.67,26.58,26.41,26.50
348.713,26.67,26.58,26.41,26.50
349.218,26.67,26.58,26.41,26.50
349.722,26.67,26.58,26.42,26.50
350.226,26.67,26.59,26.42,26.50
350.730,26.67,26.59,26.42,26.50
351.233,26.67,26.59,26.42,26.51
351.737,26.67,26.59,26.42,26.51
352.241,26.67,26.59,26.42,26.51
352.745,26.67,26.59,26.43,26.51
353.249,26.67,26.59,26.43,26.51
353.754,26.67,26.60,26.43,26.51
354.257,26.67,26.60,26.43,26.51
354.761,26.67,26.60,26.43,26.51
355.265,26.67,26.60,26.43,26.52
355.769,26.67,26.60,26.43,26.52
356.273,26.67,26.60,26.44,26.52
356.776,26.67,26.60,26.44,26.52
357.280,26.67,26.60,26.44,26.52
357.784,26.67,26.61,26.44,26.52
358.289,26.67,26.61,26.44,26.52
358.793,26.67,26.61,26.44,26.52
359.296,26.67,26.61,26.44,26.53
359.800,26.67,26.61,26.44,26.53
360.304,26.71,26.61,26.45,26.53
360.808,26.71,26.61,26.45,26.53
361.312,26.71,26.61,26.45,26.53
361.815,26.71,26.61,26.45,26.53
362.319,26.71,26.61,26.45,26.53
362.824,26.71,26.62,26.45,26.53
363.328,26.71,26.62,26.45,26.54
363.832,26.71,26.62,26.45,26.54
364.336,26.71,26.62,26.46,26.54
364.839,26.71,26.62,26.46,26.54
365.343,26.71,26.62,26.46,26.54
365.847,26.71,26.62,26.46,26.54
366.351,26.71,26.62,26.46,26.54
366.856,26.71,26.63,26.46,26.54
367.359,26.71,26.63,26.46,26.55
367.863,26.71,26.63,26.46,26.55
368.367,26.71,26.63,26.47,26.55
368.871,26.71,26.63,26.47,26.55
369.375,26.71,26.63,26.47,26.55
369.878,26.71,26.63,26.47,26.55
370.382,26.71,26.63,26.47,26.55
370.886,26.71,26.64,26.47,26.55
371.391,26.71,26.64,26.47,26.55
371.895,26.71,26.64,26.47,26.56
372.399,26.71,26.64,26.47,26.56
372.902,26.71,26.64,26.48,26.56
373.406,26.71,26.64,26.48,26.56
373.910,26.71,26.64,26.48,26.56
374.414,26.71,26.64,26.48,26.56
374.918,26.71,26.65,26.48,26.56
375.422,26.71,26.65,26.48,26.56
375.926,26.71,26.65,26.48,26.57
376.430,26.71,26.65,26.48,26.57
376.934,26.71,26.65,26.49,26.57
377.438,26.71,26.65,26.49,26.57
377.941,26.71,26.65,26.49,26.57
378.445,26.74,26.66,26.49,26.57
378.949,26.74,26.66,26.49,26.57
379.453,26.74,26.66,26.49,26.57
379.958,26.74,26.66,26.49,26.58
380.461,26.74,26.66,26.49,26.58
380.965,26.74,26.66,26.49,26.58
381.469,26.74,26.66,26.50,26.58
381.973,26.74,26.66,26.50,26.58
382.477,26.74,26.67,26.50,26.58
382.981,26.74,26.67,26.50,26.58
383.484,26.74,26.67,26.50,26.58
383.989,26.74,26.67,26.50,26.59
384.493,26.74,26.67,26.50,26.59
384.997,26.74,26.67,26.50,26.59
385.501,26.74,26.67,26.50,26.59
386.004,26.74,26.67,26.51,26.59
386.508,26.74,26.68,26.51,26.59
387.012,26.74,26.68,26.51,26.59
387.516,26.74,26.68,26.51,26.59
388.020,26.74,26.68,26.51,26.59
388.523,26.74,26.68,26.51,26.60
389.028,26.74,26.68,26.51,26.60
389.532,26.74,26.68,26.51,26.60
390.036,26.74,26.69,26.51,26.60
390.540,26.74,26.69,26.51,26.60
391.043,26.74,26.69,26.52,26.60
391.547,26.74,26.69,26.52,26.60
392.051,26.74,26.69,26.52,26.60
392.555,26.74,26.69,26.52,26.61
393.059,26.74,26.69,26.52,26.61
393.564,26.74,26.69,26.52,26.61
394.067,26.74,26.70,26.52,26.61
394.571,26.74,26.70,26.52,26.61
395.075,26.74,26.70,26.52,26.61
395.579,26.74,26.70,26.52,26.61
396.083,26.74,26.70,26.53,26.61
396.586,26.74,26.70,26.53,26.61
397.090,26.74,26.70,26.53,26.61
397.594,26.74,26.70,26.53,26.62
398.099,26.74,26.70,26.53,26.62
398.603,26.74,26.70,26.53,26.62
399.106,26.74,26.71,26.53,26.62
399.610,26.74,26.71,26.53,26.62
400.114,26.74,26.71,26.53,26.62
400.618,26.74,26.71,26.54,26.62
401.122,26.74,26.71,26.54,26.62
401.626,26.74,26.71,26.54,26.62
402.129,26.74,26.71,26.54,26.62
402.634,26.74,26.71,26.54,26.63
403.138,26.74,26.71,26.54,26.63
403.642,26.74,26.71,26.54,26.63
404.146,26.74,26.71,26.54,26.63
404.649,26.74,26.71,26.54,26.63
405.153,26.74,26.71,26.54,26.63
405.657,26.74,26.72,26.55,26.63
406.161,26.74,26.72,26.55,26.63
406.665,26.78,26.72,26.55,26.63
407.169,26.78,26.72,26.55,26.63
407.673,26.78,26.72,26.55,26.63
408.177,26.78,26.72,26.55,26.63
408.681,26.78,26.72,26.55,26.64
409.185,26.78,26.72,26.55,26.64
409.688,26.78,26.72,26.55,26.64
410.192,26.78,26.72,26.55,26.64
410.696,26.78,26.72,26.56,26.64
411.200,26.78,26.73,26.56,26.64
411.705,26.78,26.73,26.56,26.64
412.209,26.78,26.73,26.56,26.64
412.712,26.78,26.73,26.56,26.64
413.216,26.78,26.73,26.56,26.65
413.720,26.78,26.73,26.56,26.65
414.224,26.78,26.73,26.56,26.65
414.728,26.78,26.73,26.56,26.65
415.231,26.78,26.73,26.56,26.65
415.736,26.78,26.73,26.57,26.65
416.240,26.78,26.74,26.57,26.65
416.744,26.78,26.74,26.57,26.65
417.248,26.78,26.74,26.57,26.65
417.751,26.78,26.74,26.57,26.65
418.255,26.78,26.74,26.57,26.65
418.759,26.78,26.74,26.57,26.66
419.263,26.78,26.74,26.57,26.66
419.767,26.78,26.74,26.57,26.66
420.272,26.78,26.74,26.57,26.66
420.775,26.78,26.74,26.57,26.66
421.279,26.78,26.74,26.58,26.66
421.783,26.81,26.74,26.58,26.66
422.287,26.81,26.75,26.58,26.66
422.791,26.81,26.75,26.58,26.66
423.294,26.81,26.75,26.58,26.66
423.798,26.81,26.75,26.58,26.66
424.302,26.81,26.75,26.58,26.67
424.807,26.81,26.75,26.58,26.67
425.311,26.81,26.75,26.58,26.67
425.814,26.81,26.75,26.58,26.67
426.318,26.81,26.75,26.59,26.67
426.822,26.81,26.76,26.59,26.67
427.326,26.81,26.76,26.59,26.67
427.830,26.81,26.76,26.59,26.67
428.333,26.81,26.76,26.59,26.67
428.837,26.81,26.76,26.59,26.67
429.342,26.81,26.76,26.59,26.68
429.846,26.81,26.76,26.59,26.68
430.350,26.81,26.76,26.59,26.68
430.854,26.81,26.76,26.59,26.68
431.357,26.81,26.76,26.59,26.68
431.861,26.81,26.77,26.60,26.68
432.365,26.81,26.77,26.60,26.68
432.869,26.81,26.77,26.60,26.68
433.373,26.81,26.77,26.60,26.68
433.877,26.81,26.77,26.60,26.68
434.381,26.81,26.77,26.60,26.68
434.885,26.81,26.77,26.60,26.69
435.389,26.81,26.77,26.60,26.69
435.893,26.85,26.77,26.60,26.69
436.396,26.85,26.77,26.60,26.69
436.900,26.85,26.77,26.60,26.69
437.404,26.85,26.77,26.60,26.69
437.908,26.85,26.77,26.61,26.69
438.412,26.85,26.78,26.61,26.69
438.917,26.85,26.78,26.61,26.69
439.420,26.85,26.78,26.61,26.69
439.924,26.85,26.78,26.61,26.69
440.428,26.85,26.78,26.61,26.69
440.932,26.85,26.78,26.61,26.70
441.436,26.85,26.78,26.61,26.70
441.939,26.85,26.78,26.61,26.70
442.443,26.85,26.78,26.61,26.70
442.947,26.85,26.78,26.61,26.70
443.452,26.85,26.79,26.61,26.70
443.956,26.85,26.79,26.62,26.70
444.459,26.85,26.79,26.62,26.70
444.963,26.85,26.79,26.62,26.70
445.467,26.85,26.79,26.62,26.70
445.971,26.85,26.79,26.62,26.70
446.475,26.85,26.79,26.62,26.71
446.978,26.85,26.79,26.62,26.71
447.482,26.85,26.79,26.62,26.71
447.987,26.85,26.79,26.62,26.71
448.491,26.85,26.79,26.62,26.71
448.995,26.85,26.80,26.62,26.71
449.499,26.85,26.80,26.62,26.71
450.002,26.88,26.80,26.62,26.71
450.506,26.85,26.80,26.63,26.71
451.010,26.88,26.80,26.63,26.71
451.514,26.88,26.80,26.63,26.71
452.018,26.88,26.80,26.63,26.71
452.522,26.88,26.80,26.63,26.72
453.026,26.88,26.80,26.63,26.72
453.530,26.88,26.80,26.63,26.72
454.034,26.88,26.80,26.63,26.72
454.538,26.85,26.80,26.63,26.72
455.041,26.88,26.80,26.63,26.72
455.545,26.88,26.81,26.63,26.72
456.049,26.88,26.81,26.63,26.72
456.553,26.88,26.81,26.63,26.72
457.057,26.88,26.81,26.64,26.72
457.562,26.88,26.81,26.64,26.72
458.065,26.88,26.81,26.64,26.72
458.569,26.88,26.81,26.64,26.72
459.073,26.88,26.81,26.64,26.72
459.577,26.88,26.81,26.64,26.72
460.081,26.88,26.81,26.64,26.73
460.584,26.88,26.81,26.64,26.73
461.088,26.88,26.81,26.64,26.73
461.592,26.88,26.81,26.64,26.73
462.096,26.88,26.81,26.64,26.73
462.601,26.88,26.81,26.64,26.73
463.104,26.88,26.81,26.65,26.73
463.608,26.88,26.81,26.65,26.73
464.112,26.88,26.81,26.65,26.73
464.616,26.88,26.82,26.65,26.73
465.120,26.88,26.82,26.65,26.73
465.623,26.88,26.82,26.65,26.73
466.127,26.88,26.82,26.65,26.73
466.631,26.88,26.82,26.65,26.73
467.135,26.92,26.82,26.65,26.74
467.640,26.92,26.82,26.65,26.74
468.144,26.92,26.82,26.65,26.74
468.647,26.92,26.82,26.65,26.74
469.151,26.92,26.82,26.66,26.74
469.655,26.92,26.82,26.66,26.74
470.159,26.92,26.82,26.66,26.74
470.663,26.92,26.83,26.66,26.74
471.166,26.92,26.83,26.66,26.74
471.670,26.92,26.83,26.66,26.74
472.175,26.92,26.83,26.66,26.74
472.679,26.92,26.83,26.66,26.74
473.183,26.92,26.83,26.66,26.75
473.686,26.92,26.83,26.66,26.75
474.190,26.92,26.83,26.66,26.75
474.694,26.92,26.83,26.66,26.75
475.198,26.92,26.83,26.66,26.75
475.702,26.92,26.83,26.66,26.75
476.205,26.92,26.83,26.67,26.75
476.710,26.92,26.83,26.67,26.75
477.214,26.92,26.84,26.67,26.75
477.718,26.92,26.84,26.67,26.75
478.222,26.92,26.84,26.67,26.75
478.726,26.92,26.84,26.67,26.75
479.229,26.92,26.84,26.67,26.75
479.733,26.95,26.84,26.67,26.75
480.237,26.95,26.84,26.67,26.75
480.741,26.95,26.84,26.67,26.76
481.245,26.95,26.84,26.67,26.76
481.749,26.95,26.84,26.67,26.76
482.253,26.95,26.84,26.67,26.76
482.757,26.95,26.84,26.67,26.76
483.261,26.95,26.84,26.67,26.76
483.765,26.95,26.84,26.68,26.76
484.268,26.95,26.84,26.68,26.76
484.772,26.95,26.84,26.68,26.76
485.276,26.95,26.84,26.68,26.76
485.780,26.95,26.84,26.68,26.76
486.285,26.95,26.84,26.68,26.76
486.789,26.95,26.85,26.68,26.76
487.292,26.95,26.85,26.68,26.76
487.796,26.95,26.85,26.68,26.76
488.300,26.95,26.85,26.68,26.76
488.804,26.95,26.85,26.68,26.76
489.308,26.95,26.85,26.68,26.76
489.811,26.95,26.85,26.68,26.77
490.315,26.92,26.85,26.68,26.77
490.819,26.95,26.85,26.68,26.77
491.324,26.95,26.85,26.68,26.77
491.828,26.95,26.85,26.68,26.77
492.331,26.92,26.85,26.68,26.77
492.835,26.95,26.85,26.69,26.77
493.339,26.95,26.85,26.69,26.77
493.843,26.95,26.86,26.69,26.77
494.347,26.95,26.86,26.69,26.77
494.850,26.92,26.86,26.69,26.77
495.354,26.95,26.86,26.69,26.77
495.858,26.95,26.86,26.69,26.77
496.363,26.95,26.86,26.69,26.77
496.867,26.95,26.86,26.69,26.77
497.371,26.92,26.86,26.69,26.78
497.874,26.95,26.86,26.69,26.78
498.378,26.95,26.86,26.69,26.78
498.882,26.95,26.86,26.69,26.78
499.386,26.95,26.86,26.69,26.78
499.890,26.95,26.86,26.69,26.78
500.393,26.95,26.86,26.69,26.78
500.898,26.95,26.86,26.69,26.78
501.402,26.95,26.86,26.70,26.78
501.906,26.95,26.86,26.70,26.78
502.410,26.95,26.87,26.70,26.78
502.913,26.95,26.87,26.70,26.78
503.417,26.95,26.87,26.70,26.78
503.921,26.95,26.87,26.70,26.78
504.425,26.95,26.87,26.70,26.78
504.929,26.95,26.87,26.70,26.78
505.432,26.95,26.87,26.70,26.78
505.936,26.95,26.87,26.70,26.79
506.441,26.95,26.87,26.70,26.79
506.945,26.95,26.87,26.70,26.79
507.449,26.95,26.87,26.70,26.79
507.953,26.95,26.87,26.70,26.79
508.456,26.95,26.87,26.70,26.79
508.960,26.95,26.87,26.70,26.79
509.464,26.95,26.87,26.70,26.79
509.968,26.95,26.87,26.70,26.79
510.472,26.95,26.87,26.71,26.79
510.975,26.95,26.87,26.71,26.79
511.480,26.95,26.88,26.71,26.79
511.984,26.95,26.88,26.71,26.79
512.488,26.95,26.88,26.71,26.79
512.992,26.95,26.88,26.71,26.79
513.495,26.95,26.88,26.71,26.79
513.999,26.95,26.88,26.71,26.79
514.503,26.95,26.88,26.71,26.79
515.007,26.95,26.88,26.71,26.79
515.511,26.99,26.88,26.71,26.79
516.016,26.99,26.88,26.71,26.79
516.519,26.95,26.88,26.71,26.79
517.023,26.99,26.88,26.71,26.80
517.527,26.99,26.88,26.71,26.80
518.031,26.99,26.88,26.71,26.80
518.535,26.99,26.88,26.71,26.80
519.038,26.99,26.88,26.71,26.80
519.542,26.99,26.88,26.71,26.80
520.046,26.95,26.88,26.71,26.80
520.550,26.99,26.88,26.71,26.80
521.055,26.99,26.88,26.71,26.80
521.558,26.99,26.88,26.72,26.80
522.062,26.99,26.88,26.72,26.80
522.566,26.99,26.88,26.72,26.80
523.070,26.99,26.88,26.72,26.80
523.574,26.99,26.88,26.72,26.80
524.077,26.99,26.88,26.72,26.80
524.581,26.99,26.88,26.72,26.80
525.085,26.99,26.88,26.72,26.80
525.589,26.99,26.88,26.72,26.80
526.093,26.99,26.88,26.72,26.80
526.598,26.99,26.88,26.72,26.80
527.101,26.99,26.89,26.72,26.80
527.605,26.99,26.89,26.72,26.80
528.109,26.99,26.89,26.72,26.80
528.613,26.99,26.89,26.72,26.80
529.117,26.99,26.89,26.72,26.80
529.620,26.99,26.89,26.72,26.80
530.124,26.99,26.89,26.72,26.80
530.628,26.99,26.89,26.72,26.80
531.132,26.99,26.89,26.72,26.80
531.637,26.99,26.89,26.72,26.80
532.140,26.99,26.89,26.72,26.81
532.644,26.99,26.89,26.72,26.81
533.148,26.99,26.89,26.72,26.81
533.652,26.99,26.89,26.72,26.81
534.156,26.99,26.89,26.72,26.81
534.659,26.99,26.89,26.73,26.81
535.163,26.99,26.89,26.73,26.81
535.667,26.99,26.89,26.73,26.81
536.172,26.99,26.89,26.73,26.81
536.676,26.99,26.89,26.73,26.81
537.180,26.99,26.89,26.73,26.81
537.683,26.99,26.89,26.73,26.81
538.187,26.99,26.89,26.73,26.81
538.691,26.99,26.89,26.73,26.81
539.195,26.99,26.89,26.73,26.81
539.699,26.99,26.89,26.73,26.81
540.202,26.99,26.89,26.73,26.81
540.706,26.99,26.89,26.73,26.81
541.211,26.99,26.89,26.73,26.81
541.715,26.99,26.89,26.73,26.81
542.219,26.99,26.89,26.73,26.81
542.722,26.99,26.89,26.73,26.81
543.226,26.99,26.89,26.73,26.81
543.730,26.99,26.89,26.73,26.81
544.234,26.99,26.89,26.73,26.81
544.738,26.99,26.89,26.73,26.81
545.242,26.99,26.89,26.73,26.81
545.746,26.99,26.90,26.73,26.81
546.250,26.99,26.90,26.73,26.81
546.754,26.99,26.90,26.73,26.81
547.258,26.99,26.90,26.73,26.82
547.762,26.99,26.90,26.73,26.82
548.265,26.99,26.90,26.73,26.82
548.769,26.99,26.90,26.73,26.82
549.273,26.99,26.90,26.73,26.82
549.777,26.99,26.90,26.74,26.82
550.281,26.99,26.90,26.74,26.82
550.785,26.99,26.90,26.74,26.82
551.289,26.99,26.90,26.74,26.82
551.793,26.99,26.90,26.74,26.82
552.297,26.99,26.90,26.74,26.82
552.801,26.99,26.90,26.74,26.82
553.304,26.99,26.90,26.74,26.82
553.808,26.99,26.90,26.74,26.82
554.312,26.99,26.90,26.74,26.82
554.816,26.99,26.90,26.74,26.82
555.320,26.99,26.91,26.74,26.82
555.825,26.99,26.91,26.74,26.82
556.328,26.99,26.91,26.74,26.82
556.832,26.99,26.91,26.74,26.82
557.336,26.99,26.91,26.74,26.82
557.840,26.99,26.91,26.74,26.82
558.344,27.02,26.91,26.74,26.82
558.847,27.02,26.91,26.74,26.82
559.351,27.02,26.91,26.74,26.82
559.855,27.02,26.91,26.74,26.83
560.360,27.02,26.91,26.74,26.83
560.864,27.02,26.91,26.74,26.83
561.367,27.02,26.91,26.74,26.83
561.871,27.02,26.91,26.74,26.83
562.375,26.99,26.91,26.74,26.83
562.879,26.99,26.91,26.74,26.83
563.383,27.02,26.91,26.74,26.83
563.887,27.02,26.91,26.75,26.83
564.390,27.02,26.91,26.75,26.83
564.894,27.02,26.91,26.75,26.83
565.399,27.02,26.91,26.75,26.83
565.903,27.02,26.91,26.75,26.83
566.407,27.02,26.91,26.75,26.83
566.910,27.02,26.91,26.75,26.83
567.414,27.02,26.91,26.75,26.83
567.918,27.02,26.92,26.75,26.83
568.422,27.02,26.92,26.75,26.83
568.926,26.99,26.92,26.75,26.83
569.429,26.99,26.92,26.75,26.83
