Temps (s),Consigne (°C),Erreur (°C),Thermistance 1 - T1 (°C),Thermistance 2 - T2 (°C),Thermistance 3 - T3 (°C),T4',Thermistance 3 estimée - T3_moy (°C),Commande (PWM),R1,R,R3
1.4244310855865479,20.0,0.0,27.71,28.0,28.65,,28.65,10.0,8633.74,8753.53,8605.57
1.8940017223358154,20.0,0.0,27.67,27.97,28.62,,28.62,10.0,8651.45,8753.53,8617.69
2.3634226322174072,20.0,0.0,27.62,27.97,28.62,,28.62,10.0,8669.2,8765.91,8617.69
2.833237409591675,20.0,0.0,27.62,27.97,28.58,,28.58,10.0,8669.2,8765.91,8629.83
3.3010170459747314,20.0,0.0,27.62,27.94,28.55,,28.55,10.0,8669.2,8778.3,8641.99
3.7686092853546143,20.0,0.0,27.62,27.94,28.51,,28.51,10.0,8669.2,8778.3,8654.17
4.252737045288086,20.0,0.0,27.67,27.9,28.51,,28.51,10.0,8651.45,8790.71,8654.17
4.719820022583008,20.0,0.0,27.71,27.87,28.48,,28.48,10.0,8633.74,8790.71,8666.37
5.20308780670166,20.0,0.0,27.71,27.87,28.44,,28.44,10.0,8616.08,8803.15,8678.59
5.701639175415039,20.0,0.0,27.76,27.87,28.44,,28.44,10.0,8616.08,8803.15,8678.59
6.20066499710083,20.0,0.0,27.8,27.84,28.41,,28.41,10.0,8598.47,8815.61,8690.83
6.7029054164886475,20.0,0.0,27.85,27.84,28.38,,28.38,10.0,8580.89,8815.61,8690.83
7.198902606964111,20.0,0.0,27.89,27.81,28.38,,28.38,10.0,8563.36,8828.09,8703.1
7.71299147605896,20.0,0.0,27.94,27.81,28.34,,28.34,10.0,8545.88,8828.09,8715.39
8.20863127708435,20.0,0.0,27.94,27.81,28.34,,28.34,10.0,8545.88,8828.09,8715.39
8.706979036331177,20.0,0.0,28.03,27.78,28.31,,28.31,10.0,8528.43,8840.59,8727.69
9.212032318115234,20.0,0.0,28.03,27.78,28.31,,28.31,10.0,8511.03,8840.59,8727.69
9.709892511367798,20.0,0.0,28.07,27.78,28.27,,28.27,10.0,8493.67,8840.59,8740.02
10.211074113845825,20.0,0.0,28.12,27.74,28.24,,28.24,10.0,8476.36,8853.12,8740.02
10.706666231155396,20.0,0.0,28.12,27.74,28.24,,28.24,10.0,8476.36,8853.12,8752.37
11.219624280929565,20.0,0.0,28.16,27.74,28.2,,28.2,10.0,8459.09,8853.12,8764.74
11.721084356307983,20.0,0.0,28.21,27.74,28.2,,28.2,10.0,8441.86,8853.12,8764.74
12.220070838928223,20.0,0.0,28.21,27.71,28.17,,28.17,10.0,8441.86,8865.66,8777.13
12.72014045715332,20.0,0.0,28.25,27.71,28.17,,28.17,10.0,8424.67,8865.66,8777.13
13.218707799911499,20.0,0.0,28.25,27.71,28.13,,28.13,10.0,8424.67,8865.66,8789.55
13.71700644493103,20.0,0.0,28.3,27.71,28.13,,28.13,10.0,8407.52,8865.66,8789.55
14.21706223487854,20.0,0.0,28.3,27.71,28.1,,28.1,10.0,8407.52,8865.66,8801.98
14.717076063156128,20.0,0.0,28.34,27.71,28.1,,28.1,10.0,8390.42,8865.66,8801.98
15.23253345489502,20.0,0.0,28.34,27.71,28.06,,28.06,10.0,8390.42,8865.66,8814.44
15.731460809707642,20.0,0.0,28.39,27.68,28.06,,28.06,10.0,8373.36,8878.23,8814.44
16.228602647781372,20.0,0.0,28.39,27.68,28.06,,28.06,10.0,8373.36,8878.23,8814.44
16.72690176963806,20.0,0.0,28.43,27.68,28.03,,28.03,10.0,8356.34,8878.23,8826.92
17.220988512039185,20.0,0.0,28.43,27.68,28.03,,28.03,10.0,8356.34,8878.23,8826.92
17.725841283798218,20.0,0.0,28.43,27.68,27.99,,27.99,10.0,8356.34,8878.23,8839.42
18.23918056488037,20.0,0.0,28.47,27.68,27.99,,27.99,10.0,8339.36,8878.23,8839.42
18.740560293197632,20.0,0.0,28.47,27.68,27.96,,27.96,10.0,8339.36,8890.82,8839.42
19.23850131034851,20.0,0.0,28.47,27.65,27.96,,27.96,10.0,8339.36,8878.23,8851.94
19.738872051239014,20.0,0.0,28.52,27.68,27.96,,27.96,10.0,8322.42,8878.23,8851.94
20.23843765258789,20.0,0.0,28.52,27.65,27.92,,27.92,10.0,8322.42,8890.82,8864.48
20.738768815994263,20.0,0.0,28.52,27.65,27.92,,27.92,10.0,8322.42,8890.82,8864.48
21.23854112625122,20.0,0.0,28.56,27.65,27.92,,27.92,10.0,8305.52,8890.82,8864.48
21.73832106590271,20.0,0.0,28.56,27.65,27.89,,27.89,10.0,8305.52,8890.82,8877.05
22.236454486846924,20.0,0.0,28.56,27.65,27.89,,27.89,10.0,8305.52,8890.82,8877.05
22.75180459022522,20.0,0.0,28.56,27.65,27.85,,27.85,10.0,8305.52,8890.82,8889.63
23.248472452163696,20.0,0.0,28.61,27.65,27.85,,27.85,10.0,8288.67,8890.82,8889.63
23.744917392730713,20.0,0.0,28.61,27.65,27.85,,27.85,10.0,8288.67,8890.82,8889.63
24.245110750198364,20.0,0.0,28.61,27.65,27.82,,27.82,10.0,8288.67,8890.82,8902.24
24.744083166122437,20.0,0.0,28.61,27.65,27.82,,27.82,10.0,8288.67,8890.82,8902.24
25.243761777877808,20.0,0.0,28.65,27.65,27.82,,27.82,10.0,8271.85,8890.82,8902.24
25.758304834365845,20.0,0.0,28.65,27.65,27.82,,27.82,10.0,8271.85,8890.82,8902.24
26.258052587509155,20.0,0.0,28.65,27.65,27.79,,27.79,10.0,8271.85,8890.82,8914.87
26.759845972061157,20.0,0.0,28.65,27.65,27.79,,27.79,10.0,8271.85,8890.82,8914.87
27.259206771850586,20.0,0.0,28.65,27.65,27.79,,27.79,10.0,8271.85,8890.82,8914.87
27.75566029548645,20.0,0.0,28.7,27.65,27.79,,27.79,10.0,8255.08,8890.82,8914.87
28.256226301193237,20.0,0.0,28.7,27.65,27.75,,27.75,10.0,8255.08,8890.82,8927.53
28.753982067108154,20.0,0.0,28.7,27.65,27.75,,27.75,10.0,8255.08,8890.82,8927.53
29.255632638931274,20.0,0.0,28.7,27.65,27.75,,27.75,10.0,8255.08,8890.82,8927.53
29.76118755340576,20.0,0.0,28.7,27.65,27.72,,27.72,10.0,8255.08,8890.82,8940.2
30.259011268615723,20.0,0.0,28.74,27.65,27.72,,27.72,10.0,8238.34,8890.82,8940.2
30.772005796432495,20.0,0.0,28.74,27.65,27.72,,27.72,10.0,8238.34,8890.82,8940.2
31.270673990249634,20.0,0.0,28.74,27.65,27.72,,27.72,10.0,8238.34,8890.82,8940.2
31.770693063735962,20.0,0.0,28.74,27.65,27.68,,27.68,10.0,8238.34,8890.82,8952.9
32.26712369918823,20.0,0.0,28.74,27.65,27.68,,27.68,10.0,8238.34,8890.82,8952.9
32.779860973358154,20.0,0.0,28.79,27.65,27.68,,27.68,10.0,8238.34,8890.82,8952.9
33.28104639053345,20.0,0.0,28.79,27.65,27.68,,27.68,10.0,8221.65,8890.82,8952.9
33.7790641784668,20.0,0.0,28.79,27.65,27.65,,27.65,10.0,8221.65,8890.82,8965.62
34.277371406555176,20.0,0.0,28.79,27.65,27.65,,27.65,10.0,8221.65,8890.82,8965.62
34.77436113357544,20.0,0.0,28.79,27.65,27.65,,27.65,10.0,8221.65,8890.82,8965.62
35.27334475517273,20.0,0.0,28.79,27.65,27.65,,27.65,10.0,8221.65,8890.82,8965.62
35.772499084472656,20.0,0.0,28.79,27.65,27.65,,27.65,10.0,8221.65,8890.82,8965.62
36.28807306289673,20.0,0.0,28.79,27.65,27.65,,27.65,10.0,8221.65,8890.82,8965.62
36.78348636627197,20.0,0.0,28.83,27.65,27.61,,27.61,10.0,8205.0,8890.82,8978.36
37.28359937667847,20.0,0.0,28.83,27.65,27.61,,27.61,10.0,8205.0,8890.82,8978.36
37.78521656990051,20.0,0.0,28.83,27.65,27.61,,27.61,10.0,8205.0,8890.82,8978.36
38.28242802619934,20.0,0.0,28.83,27.65,27.61,,27.61,10.0,8205.0,8890.82,8978.36
38.78335499763489,20.0,0.0,28.83,27.65,27.61,,27.61,10.0,8205.0,8890.82,8978.36
39.28495216369629,20.0,0.0,28.83,27.65,27.61,,27.61,10.0,8205.0,8890.82,8978.36
39.78638434410095,20.0,0.0,28.83,27.65,27.58,,27.58,10.0,8205.0,8890.82,8978.36
40.28731632232666,20.0,0.0,28.83,27.65,27.58,,27.58,10.0,8205.0,8903.43,8991.12
40.78595781326294,20.0,0.0,28.83,27.65,27.58,,27.58,10.0,8205.0,8890.82,8991.12
41.30192232131958,20.0,0.0,28.83,27.65,27.58,,27.58,10.0,8205.0,8890.82,8991.12
41.80147743225098,20.0,0.0,28.83,27.65,27.58,,27.58,10.0,8205.0,8890.82,8991.12
42.29750418663025,20.0,0.0,28.83,27.65,27.58,,27.58,10.0,8205.0,8890.82,8991.12
42.796783685684204,20.0,0.0,28.88,27.65,27.58,,27.58,10.0,8188.38,8890.82,8991.12
43.29495549201965,20.0,0.0,28.83,27.65,27.58,,27.58,10.0,8205.0,8890.82,8991.12
43.80862832069397,20.0,0.0,28.88,27.65,27.58,,27.58,10.0,8188.38,8890.82,8991.12
44.30598711967468,20.0,0.0,28.88,27.65,27.58,,27.58,10.0,8188.38,8890.82,8991.12
44.80540704727173,20.0,0.0,28.88,27.65,27.58,,27.58,10.0,8188.38,8890.82,8991.12
45.30295538902283,20.0,0.0,28.88,27.65,27.54,,27.54,10.0,8188.38,8890.82,9003.91
45.801833629608154,20.0,0.0,28.88,27.65,27.54,,27.54,10.0,8188.38,8890.82,9003.91
46.31386637687683,20.0,0.0,28.88,27.65,27.54,,27.54,10.0,8188.38,8890.82,9003.91
46.81294226646423,20.0,0.0,28.88,27.65,27.54,,27.54,10.0,8188.38,8890.82,9003.91
47.313828468322754,20.0,0.0,28.88,27.65,27.54,,27.54,10.0,8188.38,8890.82,9003.91
47.81254291534424,20.0,0.0,28.88,27.65,27.54,,27.54,10.0,8188.38,8890.82,9003.91
48.31034278869629,20.0,0.0,28.88,27.65,27.54,,27.54,10.0,8188.38,8890.82,9003.91
48.810823917388916,20.0,0.0,28.88,27.65,27.54,,27.54,10.0,8188.38,8890.82,9003.91
49.309645891189575,20.0,0.0,28.88,27.65,27.54,,27.54,10.0,8188.38,8890.82,9003.91
49.824981927871704,20.0,0.0,28.88,27.65,27.54,,27.54,10.0,8188.38,8890.82,9003.91
50.31863260269165,20.0,0.0,28.88,27.65,27.54,,27.54,10.0,8188.38,8890.82,9003.91
50.815040826797485,20.0,0.0,28.88,27.65,27.54,,27.54,10.0,8188.38,8890.82,9003.91
51.326805114746094,20.0,0.0,28.88,27.65,27.54,,27.54,10.0,8188.38,8890.82,9003.91
51.82601857185364,20.0,0.0,28.88,27.65,27.54,,27.54,10.0,8188.38,8890.82,9003.91
52.34390926361084,20.0,0.0,28.88,27.65,27.54,,27.54,10.0,8188.38,8890.82,9016.72
52.82583498954773,20.0,0.0,28.88,27.65,27.51,,27.51,10.0,8188.38,8890.82,9016.72
53.32560181617737,20.0,0.0,28.88,27.65,27.51,,27.51,10.0,8188.38,8890.82,9016.72
53.821152448654175,20.0,0.0,28.88,27.65,27.51,,27.51,10.0,8188.38,8890.82,9016.72
54.334877490997314,20.0,0.0,28.88,27.65,27.51,,27.51,10.0,8188.38,8890.82,9016.72
54.834858417510986,20.0,0.0,28.88,27.65,27.51,,27.51,10.0,8188.38,8903.43,9016.72
55.33229732513428,20.0,0.0,28.88,27.65,27.51,,27.51,10.0,8188.38,8890.82,9016.72
55.830408334732056,20.0,0.0,28.88,27.65,27.51,,27.51,10.0,8188.38,8890.82,9016.72
56.328954219818115,20.0,0.0,28.88,27.65,27.51,,27.51,10.0,8188.38,8890.82,9016.72
56.82815623283386,20.0,0.0,28.88,27.65,27.51,,27.51,10.0,8188.38,8903.43,9016.72
57.34195375442505,20.0,0.0,28.88,27.65,27.51,,27.51,10.0,8188.38,8903.43,9016.72
57.84102654457092,20.0,0.0,28.88,27.65,27.51,,27.51,10.0,8188.38,8903.43,9016.72
58.343066692352295,20.0,0.0,28.88,27.65,27.51,,27.51,10.0,8188.38,8903.43,9016.72
58.84447956085205,20.0,0.0,28.88,27.61,27.51,,27.51,10.0,8188.38,8890.82,9016.72
59.34097623825073,20.0,0.0,28.88,27.65,27.51,,27.51,10.0,8188.38,8890.82,9016.72
59.83810830116272,20.0,0.0,28.88,27.61,27.51,,27.51,10.0,8188.38,8890.82,9016.72
60.35135006904602,20.0,0.0,28.92,27.61,27.51,,27.51,10.0,8188.38,8890.82,9016.72
60.84796643257141,20.0,0.0,28.88,27.65,27.51,,27.51,10.0,8188.38,8890.82,9016.72
61.35010814666748,20.0,0.0,28.92,27.65,27.51,,27.51,10.0,8188.38,8903.43,9016.72
61.83907699584961,20.0,0.0,28.92,27.61,27.51,,27.51,10.0,8171.81,8903.43,9016.72
62.37965106964111,20.0,0.0,28.92,27.61,27.51,,27.51,10.0,8171.81,8903.43,9016.72
62.906551122665405,20.0,0.0,28.92,27.61,27.51,,27.51,10.0,8171.81,8903.43,9016.72
63.387237548828125,20.0,0.0,28.92,27.61,27.51,,27.51,10.0,8171.81,8903.43,9016.72
64.0049819946289,20.0,0.0,28.92,27.61,27.51,,27.51,10.0,8171.81,8903.43,9016.72
64.56256628036499,20.0,0.0,28.92,27.61,27.47,,27.47,10.0,8171.81,8903.43,9016.72
65.09068322181702,20.0,0.0,28.92,27.61,27.47,,27.47,10.0,8171.81,8903.43,9029.55
65.58860898017883,20.0,0.0,28.92,27.65,27.47,,27.47,10.0,8171.81,8903.43,9029.55
66.06984353065491,20.0,0.0,28.92,27.65,27.47,,27.47,10.0,8171.81,8890.82,9029.55
66.56914925575256,20.0,0.0,28.92,27.65,27.47,,27.47,10.0,8171.81,8903.43,9029.55
67.06811189651489,20.0,0.0,28.92,27.65,27.47,,27.47,10.0,8171.81,8903.43,9029.55
67.56763362884521,20.0,0.0,28.92,27.61,27.47,,27.47,10.0,8171.81,8903.43,9029.55
68.05662035942078,20.0,0.0,28.92,27.65,27.47,,27.47,10.0,8171.81,8890.82,9029.55
68.59192776679993,20.0,0.0,28.92,27.61,27.47,,27.47,10.0,8171.81,8903.43,9029.55
69.11808323860168,20.0,0.0,28.92,27.61,27.47,,27.47,10.0,8171.81,8903.43,9029.55
69.66459631919861,20.0,0.0,28.92,27.61,27.47,,27.47,10.0,8171.81,8903.43,9029.55
70.18942427635193,20.0,0.0,28.92,27.61,27.47,,27.47,10.0,8171.81,8903.43,9029.55
70.70607399940491,20.0,0.0,28.92,27.61,27.47,,27.47,10.0,8171.81,8903.43,9029.55
71.2560362815857,20.0,0.0,28.92,27.61,27.47,,27.47,10.0,8171.81,8903.43,9042.4
71.80276417732239,20.0,0.0,28.92,27.61,27.44,,27.44,10.0,8171.81,8903.43,9029.55
72.33142900466919,20.0,0.0,28.92,27.61,27.44,,27.44,10.0,8171.81,8903.43,9042.4
72.8623788356781,20.0,0.0,28.92,27.61,27.44,,27.44,10.0,8171.81,8903.43,9042.4
73.39168381690979,20.0,0.0,28.92,27.61,27.44,,27.44,10.0,8171.81,8903.43,9042.4
73.89392948150635,20.0,0.0,28.92,27.61,27.44,,27.44,10.0,8171.81,8903.43,9042.4
74.48229622840881,20.0,0.0,28.92,27.61,27.44,,27.44,10.0,8171.81,8903.43,9042.4
74.99883008003235,20.0,0.0,28.92,27.61,27.44,,27.44,10.0,8171.81,8903.43,9042.4
75.53760862350464,20.0,0.0,28.92,27.61,27.44,,27.44,10.0,8171.81,8903.43,9042.4
76.05624198913574,20.0,0.0,28.92,27.61,27.44,,27.44,10.0,8171.81,8903.43,9042.4
76.55200695991516,20.0,0.0,28.92,27.61,27.44,,27.44,10.0,8171.81,8903.43,9042.4
77.10104966163635,20.0,0.0,28.92,27.61,27.44,,27.44,10.0,8171.81,8903.43,9042.4
77.58318519592285,20.0,0.0,28.92,27.61,27.44,,27.44,10.0,8171.81,8903.43,9042.4
78.13045239448547,20.0,0.0,28.92,27.61,27.44,,27.44,10.0,8171.81,8903.43,9042.4
78.69224095344543,20.0,0.0,28.92,27.61,27.44,,27.44,10.0,8171.81,8903.43,9042.4
79.2388391494751,20.0,0.0,28.92,27.61,27.44,,27.44,10.0,8171.81,8903.43,9042.4
79.79922485351562,20.0,0.0,28.92,27.61,27.44,,27.44,10.0,8171.81,8903.43,9042.4
80.26752614974976,20.0,0.0,28.92,27.61,27.44,,27.44,10.0,8171.81,8903.43,9042.4
80.75235652923584,20.0,0.0,28.92,27.61,27.44,,27.44,10.0,8171.81,8903.43,9055.28
81.26583933830261,20.0,0.0,28.92,27.61,27.4,,27.4,10.0,8171.81,8903.43,9055.28
81.79496026039124,20.0,0.0,28.92,27.61,27.4,,27.4,10.0,8171.81,8903.43,9055.28
82.3132996559143,20.0,0.0,28.92,27.61,27.4,,27.4,10.0,8171.81,8903.43,9055.28
82.86155152320862,20.0,0.0,28.92,27.61,27.4,,27.4,10.0,8171.81,8903.43,9055.28
83.3635642528534,20.0,0.0,28.92,27.61,27.4,,27.4,10.0,8171.81,8903.43,9055.28
83.911794424057,20.0,0.0,28.92,27.61,27.4,,27.4,10.0,8171.81,8903.43,9055.28
84.40893411636353,20.0,0.0,28.92,27.61,27.4,,27.4,10.0,8171.81,8903.43,9055.28
84.91230821609497,20.0,0.0,28.92,27.61,27.4,,27.4,10.0,8171.81,8903.43,9055.28
85.41299414634705,20.0,0.0,28.92,27.61,27.4,,27.4,10.0,8171.81,8903.43,9055.28
85.9127562046051,20.0,0.0,28.92,27.61,27.4,,27.4,10.0,8171.81,8903.43,9055.28
86.41261911392212,20.0,0.0,28.92,27.61,27.4,,27.4,10.0,8171.81,8903.43,9055.28
86.89479231834412,20.0,0.0,28.92,27.61,27.4,,27.4,10.0,8171.81,8903.43,9055.28
87.38122725486755,20.0,0.0,28.92,27.61,27.4,,27.4,10.0,8171.81,8903.43,9055.28
87.86260485649109,20.0,0.0,28.92,27.61,27.4,,27.4,10.0,8171.81,8903.43,9055.28
88.37771677970886,20.0,0.0,28.92,27.61,27.4,,27.4,10.0,8171.81,8903.43,9055.28
88.86840081214905,20.0,0.0,28.92,27.61,27.4,,27.4,10.0,8171.81,8903.43,9055.28
89.35415625572205,20.0,0.0,28.92,27.61,27.4,,27.4,10.0,8171.81,8903.43,9055.28
89.86873435974121,20.0,0.0,28.92,27.61,27.4,,27.4,10.0,8171.81,8903.43,9055.28
90.33587694168091,20.0,0.0,28.92,27.61,27.4,,27.4,10.0,8171.81,8903.43,9055.28
90.80457901954651,20.0,0.0,28.92,27.61,27.4,,27.4,10.0,8171.81,8903.43,9055.28
91.27128434181213,20.0,0.0,28.88,27.61,27.4,,27.4,10.0,8188.38,8903.43,9055.28
91.74492049217224,20.0,0.0,28.88,27.61,27.4,,27.4,10.0,8188.38,8903.43,9055.28
92.21114110946655,20.0,0.0,28.88,27.61,27.4,,27.4,10.0,8188.38,8903.43,9055.28
92.66114735603333,20.0,0.0,28.88,27.61,27.4,,27.4,10.0,8188.38,8903.43,9055.28
93.1140296459198,20.0,0.0,28.88,27.61,27.4,,27.4,10.0,8188.38,8903.43,9055.28
93.57995557785034,20.0,0.0,28.88,27.61,27.4,,27.4,10.0,8188.38,8903.43,9055.28
94.04785323143005,20.0,0.0,28.88,27.61,27.4,,27.4,10.0,8188.38,8903.43,9055.28
94.51672077178955,20.0,0.0,28.88,27.58,27.4,,27.4,10.0,8188.38,8916.06,9055.28
94.9691710472107,20.0,0.0,28.88,27.61,27.4,,27.4,10.0,8188.38,8903.43,9055.28
95.4214825630188,20.0,0.0,28.88,27.61,27.4,,27.4,10.0,8188.38,8903.43,9055.28
95.87102556228638,20.0,0.0,28.88,27.61,27.4,,27.4,10.0,8188.38,8916.06,9055.28
96.32194018363953,20.0,0.0,28.88,27.58,27.4,,27.4,10.0,8188.38,8903.43,9055.28
96.7745749950409,20.0,0.0,28.88,27.61,27.4,,27.4,10.0,8188.38,8916.06,9055.28
97.24243426322937,20.0,0.0,28.88,27.58,27.4,,27.4,10.0,8188.38,8916.06,9055.28
97.71157503128052,20.0,0.0,28.88,27.61,27.4,,27.4,10.0,8188.38,8916.06,9055.28
98.15747094154358,20.0,0.0,28.88,27.61,27.4,,27.4,10.0,8188.38,8916.06,9055.28
98.62709927558899,20.0,0.0,28.88,27.58,27.4,,27.4,10.0,8188.38,8916.06,9055.28
99.09328269958496,20.0,0.0,28.88,27.58,27.4,,27.4,10.0,8188.38,8916.06,9055.28
99.57765626907349,20.0,0.0,28.88,27.58,27.4,,27.4,10.0,8188.38,8903.43,9055.28
100.04489970207214,20.0,0.0,28.88,27.58,27.4,,27.4,10.0,8188.38,8916.06,9055.28
100.50360798835754,20.0,0.0,28.88,27.58,27.4,,27.4,10.0,8188.38,8916.06,9055.28
100.96982860565186,20.0,0.0,28.88,27.58,27.4,,27.4,10.0,8188.38,8916.06,9055.28
101.45254898071289,20.0,0.0,28.88,27.58,27.4,,27.4,10.0,8188.38,8916.06,9055.28
101.94529390335083,20.0,0.0,28.88,27.58,27.4,,27.4,10.0,8188.38,8916.06,9055.28
102.4449110031128,20.0,0.0,28.88,27.58,27.4,,27.4,10.0,8188.38,8916.06,9055.28
102.96208930015564,20.0,0.0,28.88,27.58,27.4,,27.4,10.0,8188.38,8916.06,9055.28
103.45400166511536,20.0,0.0,28.88,27.58,27.4,,27.4,10.0,8188.38,8916.06,9055.28
103.94732141494751,20.0,0.0,28.88,27.58,27.4,,27.4,10.0,8188.38,8916.06,9055.28
104.45696759223938,20.0,0.0,28.88,27.58,27.4,,27.4,10.0,8188.38,8916.06,9055.28
104.95232510566711,20.0,0.0,28.88,27.58,27.4,,27.4,10.0,8188.38,8916.06,9055.28
105.46166276931763,20.0,0.0,28.88,27.58,27.4,,27.4,10.0,8188.38,8916.06,9055.28
105.97428870201111,20.0,0.0,28.88,27.58,27.4,,27.4,10.0,8188.38,8916.06,9055.28
106.47480916976929,20.0,0.0,28.88,27.58,27.4,,27.4,10.0,8188.38,8916.06,9055.28
106.97687411308289,20.0,0.0,28.88,27.58,27.4,,27.4,10.0,8188.38,8916.06,9055.28
107.47806596755981,20.0,0.0,28.88,27.58,27.4,,27.4,10.0,8188.38,8916.06,9055.28
107.96000599861145,20.0,0.0,28.88,27.58,27.4,,27.4,10.0,8188.38,8916.06,9055.28
108.48437094688416,20.0,0.0,28.88,27.58,27.4,,27.4,10.0,8188.38,8916.06,9055.28
108.97834134101868,20.0,0.0,28.88,27.58,27.4,,27.4,10.0,8188.38,8916.06,9055.28
109.47584462165833,20.0,0.0,28.88,27.58,27.4,,27.4,10.0,8188.38,8916.06,9055.28
109.97296786308289,20.0,0.0,28.88,27.58,27.4,,27.4,10.0,8188.38,8916.06,9055.28
110.47200870513916,20.0,0.0,28.88,27.58,27.4,,27.4,10.0,8188.38,8916.06,9055.28
110.98772025108337,20.0,0.0,28.88,27.58,27.4,,27.4,10.0,8188.38,8916.06,9055.28
111.48785734176636,20.0,0.0,28.88,27.58,27.4,,27.4,10.0,8188.38,8916.06,9055.28
111.98720026016235,20.0,0.0,28.88,27.58,27.4,,27.4,10.0,8188.38,8916.06,9055.28
112.48923945426941,20.0,0.0,28.88,27.58,27.4,,27.4,10.0,8188.38,8916.06,9055.28
113.00616002082825,20.0,0.0,28.88,27.58,27.4,,27.4,10.0,8188.38,8916.06,9055.28
113.54551792144775,20.0,0.0,28.88,27.58,27.4,,27.4,10.0,8188.38,8916.06,9055.28
114.03345322608948,20.0,0.0,28.88,27.58,27.4,,27.4,10.0,8188.38,8916.06,9055.28
114.48207902908325,20.0,0.0,28.88,27.58,27.4,,27.4,10.0,8188.38,8916.06,9055.28
114.98123669624329,20.0,0.0,28.88,27.58,27.4,,27.4,10.0,8188.38,8916.06,9055.28
115.48568391799927,20.0,0.0,28.88,27.58,27.4,,27.4,10.0,8188.38,8916.06,9055.28
115.99348521232605,20.0,0.0,28.88,27.58,27.4,,27.4,10.0,8188.38,8916.06,9055.28
116.49148559570312,20.0,0.0,28.88,27.58,27.4,,27.4,10.0,8188.38,8916.06,9055.28
116.99361968040466,20.0,0.0,28.88,27.58,27.4,,27.4,10.0,8188.38,8916.06,9055.28
117.74362230300903,20.0,0.0,28.88,27.58,27.4,,27.4,10.0,8188.38,8916.06,9055.28
118.21312737464905,20.0,0.0,28.88,27.58,27.4,,27.4,10.0,8188.38,8916.06,9055.28
118.7128369808197,20.0,0.0,28.88,27.58,27.4,,27.4,10.0,8188.38,8916.06,9055.28
119.1722424030304,20.0,0.0,28.88,27.58,27.4,,27.4,10.0,8188.38,8916.06,9055.28
119.64931416511536,20.0,0.0,28.88,27.58,27.4,,27.4,10.0,8188.38,8916.06,9055.28
120.11970019340515,20.0,0.0,28.88,27.58,27.4,,27.4,10.0,8188.38,8916.06,9055.28
120.63236260414124,20.0,0.0,28.88,27.58,27.4,,27.4,10.0,8188.38,8916.06,9055.28
121.0843231678009,20.0,0.0,28.88,27.58,27.4,,27.4,10.0,8188.38,8916.06,9055.28
121.55412316322327,20.0,0.0,28.88,27.58,27.4,,27.4,10.0,8188.38,8916.06,9055.28
122.0403618812561,20.0,0.0,28.88,27.58,27.4,,27.4,10.0,8188.38,8916.06,9055.28
122.52412796020508,20.0,0.0,28.83,27.58,27.37,,27.37,10.0,8188.38,8916.06,9055.28
123.08645439147949,20.0,0.0,28.83,27.58,27.4,,27.4,10.0,8205.0,8916.06,9055.28
123.55241370201111,20.0,0.0,28.83,27.58,27.4,,27.4,10.0,8205.0,8916.06,9055.28
124.0217936038971,20.0,0.0,28.83,27.58,27.4,,27.4,10.0,8205.0,8916.06,9055.28
124.52178859710693,20.0,0.0,28.83,27.58,27.4,,27.4,10.0,8205.0,8916.06,9055.28
125.01976299285889,20.0,0.0,28.83,27.58,27.4,,27.4,10.0,8205.0,8916.06,9055.28
125.5192654132843,20.0,0.0,28.83,27.58,27.4,,27.4,10.0,8205.0,8916.06,9055.28
126.02033543586731,20.0,0.0,28.88,27.58,27.4,,27.4,10.0,8188.38,8916.06,9068.18
126.51972532272339,20.0,0.0,28.88,27.58,27.37,,27.37,10.0,8188.38,8916.06,9055.28
127.04927277565002,20.0,0.0,28.88,27.58,27.37,,27.37,10.0,8188.38,8916.06,9068.18
127.51868486404419,20.0,0.0,28.88,27.58,27.37,,27.37,10.0,8188.38,8916.06,9068.18
128.0160632133484,20.0,0.0,28.88,27.58,27.37,,27.37,10.0,8188.38,8916.06,9068.18
128.51425337791443,20.0,0.0,28.88,27.58,27.37,,27.37,10.0,8188.38,8916.06,9068.18
129.02275705337524,20.0,0.0,28.88,27.58,27.37,,27.37,10.0,8188.38,8916.06,9068.18
129.51594352722168,20.0,0.0,28.88,27.58,27.37,,27.37,10.0,8188.38,8928.72,9068.18
130.02953028678894,20.0,0.0,28.88,27.58,27.37,,27.37,10.0,8188.38,8916.06,9068.18
130.53126502037048,20.0,0.0,28.88,27.58,27.37,,27.37,10.0,8188.38,8916.06,9068.18
131.02870297431946,20.0,0.0,28.88,27.58,27.37,,27.37,10.0,8188.38,8916.06,9068.18
131.5278720855713,20.0,0.0,28.88,27.58,27.37,,27.37,10.0,8188.38,8916.06,9068.18
132.04342341423035,20.0,0.0,28.88,27.55,27.37,,27.37,10.0,8188.38,8928.72,9068.18
132.52879858016968,20.0,0.0,28.88,27.58,27.37,,27.37,10.0,8188.38,8916.06,9068.18
133.04654002189636,20.0,0.0,28.88,27.58,27.37,,27.37,10.0,8188.38,8928.72,9068.18
133.5451967716217,20.0,0.0,28.88,27.58,27.37,,27.37,10.0,8188.38,8916.06,9068.18
134.0438632965088,20.0,0.0,28.88,27.58,27.37,,27.37,10.0,8188.38,8916.06,9068.18
134.5422921180725,20.0,0.0,28.88,27.58,27.37,,27.37,10.0,8188.38,8916.06,9068.18
135.0412473678589,20.0,0.0,28.88,27.55,27.37,,27.37,10.0,8188.38,8916.06,9068.18
135.53985500335693,20.0,0.0,28.88,27.58,27.37,,27.37,10.0,8188.38,8928.72,9068.18
136.05159974098206,20.0,0.0,28.88,27.55,27.37,,27.37,10.0,8188.38,8928.72,9068.18
136.55298399925232,20.0,0.0,28.88,27.55,27.33,,27.33,10.0,8188.38,8928.72,9068.18
137.0503261089325,20.0,0.0,28.88,27.55,27.37,,27.37,10.0,8188.38,8928.72,9068.18
137.55159974098206,20.0,0.0,28.88,27.55,27.33,,27.33,10.0,8188.38,8928.72,9081.1
138.0472662448883,20.0,0.0,28.88,27.55,27.37,,27.37,10.0,8188.38,8928.72,9068.18
138.54700684547424,20.0,0.0,28.88,27.55,27.33,,27.33,10.0,8188.38,8928.72,9068.18
139.04581451416016,20.0,0.0,28.88,27.55,27.37,,27.37,10.0,8188.38,8928.72,9068.18
139.56178832054138,20.0,0.0,28.88,27.55,27.37,,27.37,10.0,8188.38,8928.72,9068.18
140.06385016441345,20.0,0.0,28.88,27.55,27.37,,27.37,10.0,8188.38,8928.72,9068.18
140.5625033378601,20.0,0.0,28.88,27.55,27.37,,27.37,10.0,8188.38,8928.72,9068.18
141.06670784950256,20.0,0.0,28.88,27.55,27.37,,27.37,10.0,8188.38,8928.72,9068.18
141.56497597694397,20.0,0.0,28.88,27.55,27.37,,27.37,10.0,8188.38,8928.72,9068.18
142.06737899780273,20.0,0.0,28.88,27.55,27.33,,27.33,10.0,8188.38,8928.72,9068.18
142.56571507453918,20.0,0.0,28.88,27.55,27.37,,27.37,10.0,8188.38,8928.72,9068.18
143.0624556541443,20.0,0.0,28.88,27.55,27.37,,27.37,10.0,8188.38,8928.72,9068.18
143.575119972229,20.0,0.0,28.88,27.55,27.37,,27.37,10.0,8188.38,8928.72,9068.18
144.07435274124146,20.0,0.0,28.88,27.55,27.37,,27.37,10.0,8188.38,8928.72,9068.18
144.5861132144928,20.0,0.0,28.88,27.55,27.33,,27.33,10.0,8188.38,8928.72,9068.18
145.06786632537842,20.0,0.0,28.88,27.55,27.33,,27.33,10.0,8188.38,8928.72,9068.18
145.5675082206726,20.0,0.0,28.88,27.55,27.37,,27.37,10.0,8188.38,8928.72,9081.1
146.06684255599976,20.0,0.0,28.88,27.55,27.33,,27.33,10.0,8188.38,8928.72,9081.1
146.57895588874817,20.0,0.0,28.88,27.55,27.33,,27.33,10.0,8188.38,8928.72,9081.1
147.0946159362793,20.0,0.0,28.88,27.55,27.33,,27.33,10.0,8188.38,8928.72,9081.1
147.58260703086853,20.0,0.0,28.88,27.55,27.33,,27.33,10.0,8188.38,8928.72,9081.1
148.079176902771,20.0,0.0,28.88,27.55,27.33,,27.33,10.0,8188.38,8928.72,9081.1
148.57903504371643,20.0,0.0,28.88,27.55,27.33,,27.33,10.0,8188.38,8928.72,9081.1
149.07894825935364,20.0,0.0,28.88,27.55,27.33,,27.33,10.0,8188.38,8928.72,9081.1
149.57518482208252,20.0,0.0,28.88,27.55,27.33,,27.33,10.0,8188.38,8928.72,9081.1
150.08967399597168,20.0,0.0,28.88,27.55,27.33,,27.33,10.0,8188.38,8928.72,9081.1
150.5848684310913,20.0,0.0,28.88,27.55,27.33,,27.33,10.0,8188.38,8928.72,9081.1
151.08596634864807,20.0,0.0,28.88,27.55,27.33,,27.33,10.0,8188.38,8928.72,9081.1
151.58511400222778,20.0,0.0,28.88,27.55,27.33,,27.33,10.0,8188.38,8928.72,9081.1
152.08837008476257,20.0,0.0,28.88,27.55,27.33,,27.33,10.0,8188.38,8928.72,9081.1
152.58910202980042,20.0,0.0,28.88,27.55,27.33,,27.33,10.0,8188.38,8928.72,9081.1
153.08689332008362,20.0,0.0,28.88,27.55,27.33,,27.33,10.0,8188.38,8928.72,9081.1
153.58823132514954,20.0,0.0,28.88,27.55,27.33,,27.33,10.0,8188.38,8928.72,9081.1
154.10154175758362,20.0,0.0,28.88,27.55,27.33,,27.33,10.0,8188.38,8928.72,9081.1
154.60018491744995,20.0,0.0,28.88,27.55,27.33,,27.33,10.0,8188.38,8928.72,9081.1
155.10374855995178,20.0,0.0,28.88,27.55,27.33,,27.33,10.0,8188.38,8928.72,9081.1
155.60203409194946,20.0,0.0,28.88,27.55,27.33,,27.33,10.0,8188.38,8928.72,9081.1
156.13929152488708,20.0,0.0,28.88,27.55,27.33,,27.33,10.0,8188.38,8928.72,9081.1
156.619300365448,20.0,0.0,28.88,27.55,27.33,,27.33,10.0,8188.38,8928.72,9081.1
157.10129857063293,20.0,0.0,28.83,27.55,27.33,,27.33,10.0,8205.0,8928.72,9081.1
157.59921860694885,20.0,0.0,28.83,27.55,27.33,,27.33,10.0,8188.38,8928.72,9081.1
158.09943675994873,20.0,0.0,28.83,27.55,27.33,,27.33,10.0,8205.0,8928.72,9081.1
158.61132049560547,20.0,0.0,28.83,27.55,27.33,,27.33,10.0,8205.0,8928.72,9081.1
159.1084749698639,20.0,0.0,28.88,27.55,27.33,,27.33,10.0,8188.38,8928.72,9081.1
159.60858488082886,20.0,0.0,28.83,27.55,27.33,,27.33,10.0,8205.0,8928.72,9081.1
160.1062867641449,20.0,0.0,28.83,27.55,27.33,,27.33,10.0,8205.0,8928.72,9081.1
160.60754489898682,20.0,0.0,28.83,27.55,27.33,,27.33,10.0,8205.0,8928.72,9081.1
161.12444424629211,20.0,0.0,28.83,27.55,27.33,,27.33,10.0,8205.0,8928.72,9081.1
161.64173102378845,20.0,0.0,28.83,27.55,27.33,,27.33,10.0,8205.0,8928.72,9081.1
162.12626934051514,20.0,0.0,28.83,27.55,27.33,,27.33,10.0,8205.0,8928.72,9081.1
162.64061760902405,20.0,0.0,28.83,27.55,27.33,,27.33,10.0,8205.0,8928.72,9081.1
163.13788151741028,20.0,0.0,28.83,27.55,27.33,,27.33,10.0,8205.0,8928.72,9081.1
163.62179589271545,20.0,0.0,28.83,27.55,27.33,,27.33,10.0,8205.0,8928.72,9081.1
164.17036151885986,20.0,0.0,28.83,27.55,27.37,,27.37,10.0,8205.0,8928.72,9068.18
164.6687092781067,20.0,0.0,28.83,27.55,27.37,,27.37,10.0,8205.0,8928.72,9068.18
165.1831042766571,20.0,0.0,28.83,27.55,27.37,,27.37,10.0,8205.0,8928.72,9068.18
165.68445587158203,20.0,0.0,28.83,27.55,27.37,,27.37,10.0,8205.0,8928.72,9068.18
166.19897651672363,20.0,0.0,28.83,27.55,27.37,,27.37,10.0,8205.0,8928.72,9068.18
166.72932052612305,20.0,0.0,28.83,27.55,27.37,,27.37,10.0,8205.0,8928.72,9068.18
167.24452710151672,20.0,0.0,28.83,27.55,27.37,,27.37,10.0,8205.0,8928.72,9068.18
167.74278903007507,20.0,0.0,28.83,27.55,27.37,,27.37,10.0,8205.0,8928.72,9068.18
168.2589728832245,20.0,0.0,28.83,27.55,27.37,,27.37,10.0,8205.0,8928.72,9068.18
168.80396580696106,20.0,0.0,28.83,27.55,27.37,,27.37,10.0,8205.0,8928.72,9068.18
169.32163071632385,20.0,0.0,28.79,27.55,27.37,,27.37,10.0,8221.65,8928.72,9068.18
169.83531141281128,20.0,0.0,28.79,27.52,27.37,,27.37,10.0,8221.65,8941.39,9068.18
170.3348605632782,20.0,0.0,28.79,27.52,27.37,,27.37,10.0,8221.65,8941.39,9068.18
170.83478426933289,20.0,0.0,28.79,27.55,27.33,,27.33,10.0,8221.65,8941.39,9068.18
171.3333010673523,20.0,0.0,28.79,27.52,27.33,,27.33,10.0,8221.65,8928.72,9081.1
171.8630928993225,20.0,0.0,28.79,27.52,27.33,,27.33,10.0,8221.65,8941.39,9081.1
172.3914635181427,20.0,0.0,28.79,27.52,27.33,,27.33,10.0,8221.65,8941.39,9081.1
172.92363500595093,20.0,0.0,28.79,27.52,27.33,,27.33,10.0,8221.65,8941.39,9081.1
173.4537754058838,20.0,0.0,28.79,27.52,27.33,,27.33,10.0,8221.65,8941.39,9081.1
173.98658657073975,20.0,0.0,28.79,27.52,27.33,,27.33,10.0,8221.65,8941.39,9081.1
174.55946564674377,20.0,0.0,28.79,27.52,27.33,,27.33,10.0,8221.65,8941.39,9081.1
175.09467434883118,20.0,0.0,28.79,27.52,27.33,,27.33,10.0,8221.65,8941.39,9081.1
175.5799744129181,20.0,0.0,28.79,27.52,27.33,,27.33,10.0,8221.65,8941.39,9081.1
176.07486033439636,20.0,0.0,28.79,27.52,27.33,,27.33,10.0,8221.65,8941.39,9081.1
176.59226989746094,20.0,0.0,28.79,27.52,27.33,,27.33,10.0,8221.65,8941.39,9081.1
177.09470868110657,20.0,0.0,28.79,27.52,27.33,,27.33,10.0,8221.65,8941.39,9081.1
177.5954873561859,20.0,0.0,28.79,27.52,27.33,,27.33,10.0,8221.65,8928.72,9081.1
178.08521485328674,20.0,0.0,28.79,27.52,27.33,,27.33,10.0,8221.65,8941.39,9081.1
178.60173201560974,20.0,0.0,28.79,27.52,27.33,,27.33,10.0,8221.65,8941.39,9081.1
179.06943488121033,20.0,0.0,28.79,27.52,27.33,,27.33,10.0,8221.65,8941.39,9081.1
179.57003116607666,20.0,0.0,28.79,27.52,27.33,,27.33,10.0,8221.65,8941.39,9081.1
180.10011911392212,20.0,0.0,28.79,27.52,27.33,,27.33,10.0,8221.65,8941.39,9081.1
180.56891059875488,20.0,0.0,28.79,27.52,27.33,,27.33,10.0,8221.65,8941.39,9081.1
181.06899285316467,20.0,0.0,28.79,27.52,27.33,,27.33,10.0,8221.65,8941.39,9081.1
181.55266571044922,20.0,0.0,28.79,27.52,27.33,,27.33,10.0,8221.65,8941.39,9081.1
182.0506453514099,20.0,0.0,28.79,27.52,27.33,,27.33,10.0,8221.65,8941.39,9081.1
182.55015897750854,20.0,0.0,28.79,27.52,27.33,,27.33,10.0,8221.65,8941.39,9081.1
183.0497214794159,20.0,0.0,28.79,27.52,27.33,,27.33,10.0,8221.65,8941.39,9081.1
183.5555305480957,20.0,0.0,28.79,27.52,27.33,,27.33,10.0,8221.65,8941.39,9081.1
184.05293941497803,20.0,0.0,28.79,27.52,27.33,,27.33,10.0,8221.65,8941.39,9081.1
184.53818368911743,20.0,0.0,28.79,27.52,27.33,,27.33,10.0,8221.65,8941.39,9081.1
185.09781050682068,20.0,0.0,28.79,27.52,27.33,,27.33,10.0,8221.65,8941.39,9081.1
185.62872862815857,20.0,0.0,28.79,27.52,27.33,,27.33,10.0,8221.65,8941.39,9081.1
186.12782096862793,20.0,0.0,28.79,27.52,27.33,,27.33,10.0,8221.65,8941.39,9081.1
186.61293625831604,20.0,0.0,28.79,27.52,27.33,,27.33,10.0,8221.65,8941.39,9081.1
187.16010308265686,20.0,0.0,28.79,27.52,27.33,,27.33,10.0,8221.65,8941.39,9081.1
187.72191333770752,20.0,0.0,28.79,27.52,27.33,,27.33,10.0,8221.65,8941.39,9081.1
188.23700976371765,20.0,0.0,28.79,27.52,27.33,,27.33,10.0,8221.65,8941.39,9081.1
188.72207713127136,20.0,0.0,28.79,27.52,27.33,,27.33,10.0,8221.65,8941.39,9081.1
189.22174453735352,20.0,0.0,28.79,27.52,27.33,,27.33,10.0,8221.65,8941.39,9081.1
189.70543122291565,20.0,0.0,28.79,27.52,27.33,,27.33,10.0,8221.65,8941.39,9081.1
190.2029345035553,20.0,0.0,28.79,27.52,27.33,,27.33,10.0,8221.65,8941.39,9081.1
190.70466589927673,20.0,0.0,28.79,27.52,27.33,,27.33,10.0,8221.65,8941.39,9081.1
191.25305604934692,20.0,0.0,28.79,27.52,27.33,,27.33,10.0,8221.65,8941.39,9081.1
191.7679786682129,20.0,0.0,28.79,27.52,27.33,,27.33,10.0,8221.65,8941.39,9081.1
192.26246237754822,20.0,0.0,28.79,27.52,27.33,,27.33,10.0,8221.65,8941.39,9081.1
192.7780396938324,20.0,0.0,28.79,27.52,27.33,,27.33,10.0,8221.65,8941.39,9081.1
193.2619972229004,20.0,0.0,28.79,27.52,27.33,,27.33,10.0,8221.65,8941.39,9081.1
193.7471160888672,20.0,0.0,28.79,27.52,27.33,,27.33,10.0,8221.65,8941.39,9081.1
194.23248863220215,20.0,0.0,28.79,27.52,27.33,,27.33,10.0,8221.65,8941.39,9081.1
194.71368956565857,20.0,0.0,28.79,27.52,27.33,,27.33,10.0,8221.65,8941.39,9081.1
195.20186567306519,20.0,0.0,28.79,27.52,27.33,,27.33,10.0,8221.65,8941.39,9081.1
195.7180516719818,20.0,0.0,28.79,27.52,27.33,,27.33,10.0,8221.65,8941.39,9081.1
196.201153755188,20.0,0.0,28.79,27.52,27.33,,27.33,10.0,8221.65,8941.39,9081.1
196.71567368507385,20.0,0.0,28.79,27.52,27.33,,27.33,10.0,8221.65,8941.39,9081.1
197.19847679138184,20.0,0.0,28.79,27.52,27.33,,27.33,10.0,8221.65,8941.39,9081.1
197.66611194610596,20.0,0.0,28.79,27.52,27.33,,27.33,10.0,8221.65,8941.39,9081.1
198.14981031417847,20.0,0.0,28.79,27.52,27.33,,27.33,10.0,8221.65,8941.39,9081.1
198.616126537323,20.0,0.0,28.79,27.52,27.33,,27.33,10.0,8221.65,8941.39,9081.1
199.10212469100952,20.0,0.0,28.79,27.52,27.33,,27.33,10.0,8221.65,8941.39,9081.1
199.5869402885437,20.0,0.0,28.79,27.52,27.33,,27.33,10.0,8221.65,8941.39,9081.1
200.08562088012695,20.0,0.0,28.79,27.52,27.3,,27.3,10.0,8221.65,8941.39,9081.1
200.5872986316681,20.0,0.0,28.79,27.52,27.3,,27.3,10.0,8221.65,8941.39,9081.1
201.0871820449829,20.0,0.0,28.79,27.52,27.3,,27.3,10.0,8221.65,8941.39,9081.1
201.5894284248352,20.0,0.0,28.79,27.52,27.3,,27.3,10.0,8221.65,8941.39,9094.04
202.1017084121704,20.0,0.0,28.83,27.52,27.3,,27.3,10.0,8221.65,8941.39,9081.1
202.60233306884766,20.0,0.0,28.83,27.52,27.3,,27.3,10.0,8205.0,8941.39,9081.1
203.0849633216858,20.0,0.0,28.83,27.52,27.33,,27.33,10.0,8205.0,8941.39,9094.04
203.58350372314453,20.0,0.0,28.79,27.52,27.3,,27.3,10.0,8221.65,8941.39,9081.1
204.08427119255066,20.0,0.0,28.79,27.52,27.3,,27.3,10.0,8221.65,8941.39,9094.04
204.58163213729858,20.0,0.0,28.83,27.52,27.3,,27.3,10.0,8221.65,8941.39,9094.04
205.08020091056824,20.0,0.0,28.79,27.52,27.3,,27.3,10.0,8221.65,8941.39,9094.04
205.65616297721863,20.0,0.0,28.79,27.52,27.3,,27.3,10.0,8221.65,8941.39,9094.04
206.14176511764526,20.0,0.0,28.79,27.52,27.3,,27.3,10.0,8221.65,8941.39,9094.04
206.6461844444275,20.0,0.0,28.79,27.52,27.3,,27.3,10.0,8221.65,8941.39,9081.1
207.16286611557007,20.0,0.0,28.79,27.52,27.3,,27.3,10.0,8221.65,8941.39,9081.1
207.6967432498932,20.0,0.0,28.79,27.52,27.3,,27.3,10.0,8221.65,8941.39,9094.04
208.18041276931763,20.0,0.0,28.79,27.52,27.33,,27.33,10.0,8221.65,8941.39,9094.04
208.66640043258667,20.0,0.0,28.79,27.52,27.3,,27.3,10.0,8221.65,8941.39,9094.04
209.16430521011353,20.0,0.0,28.79,27.52,27.33,,27.33,10.0,8221.65,8941.39,9081.1
209.66209864616394,20.0,0.0,28.79,27.52,27.33,,27.33,10.0,8221.65,8941.39,9081.1
210.14610075950623,20.0,0.0,28.79,27.52,27.33,,27.33,10.0,8221.65,8941.39,9081.1
210.63069319725037,20.0,0.0,28.79,27.52,27.33,,27.33,10.0,8221.65,8941.39,9081.1
211.1605508327484,20.0,0.0,28.79,27.52,27.33,,27.33,10.0,8221.65,8941.39,9081.1
211.6893858909607,20.0,0.0,28.79,27.52,27.33,,27.33,10.0,8221.65,8941.39,9081.1
212.1917827129364,20.0,0.0,28.79,27.52,27.33,,27.33,10.0,8221.65,8941.39,9081.1
212.67252397537231,20.0,0.0,28.79,27.52,27.3,,27.3,10.0,8221.65,8941.39,9094.04
213.20557284355164,20.0,0.0,28.79,27.52,27.3,,27.3,10.0,8221.65,8941.39,9094.04
213.68860459327698,20.0,0.0,28.79,27.52,27.3,,27.3,10.0,8221.65,8941.39,9094.04
214.1887505054474,20.0,0.0,28.79,27.52,27.3,,27.3,10.0,8221.65,8941.39,9094.04
214.67372965812683,20.0,0.0,28.79,27.52,27.3,,27.3,10.0,8221.65,8941.39,9094.04
215.15799164772034,20.0,0.0,28.79,27.52,27.3,,27.3,10.0,8221.65,8941.39,9094.04
215.63874292373657,20.0,0.0,28.79,27.52,27.3,,27.3,10.0,8221.65,8941.39,9094.04
216.1205677986145,20.0,0.0,28.79,27.52,27.3,,27.3,10.0,8221.65,8941.39,9094.04
216.6038830280304,20.0,0.0,28.79,27.52,27.3,,27.3,10.0,8221.65,8941.39,9094.04
217.0881073474884,20.0,0.0,28.79,27.52,27.3,,27.3,10.0,8221.65,8941.39,9094.04
217.58200311660767,20.0,0.0,28.79,27.52,27.3,,27.3,10.0,8221.65,8941.39,9094.04
218.05551934242249,20.0,0.0,28.79,27.52,27.3,,27.3,10.0,8221.65,8941.39,9094.04
218.55382084846497,20.0,0.0,28.79,27.52,27.3,,27.3,10.0,8221.65,8941.39,9094.04
219.03636837005615,20.0,0.0,28.79,27.52,27.3,,27.3,10.0,8221.65,8941.39,9094.04
219.52380633354187,20.0,0.0,28.79,27.52,27.3,,27.3,10.0,8221.65,8941.39,9094.04
220.0019519329071,20.0,0.0,28.79,27.52,27.3,,27.3,10.0,8221.65,8941.39,9094.04
220.51453042030334,20.0,0.0,28.79,27.52,27.3,,27.3,10.0,8221.65,8941.39,9094.04
220.98131322860718,20.0,0.0,28.79,27.52,27.3,,27.3,10.0,8221.65,8941.39,9094.04
221.5586075782776,20.0,0.0,28.79,27.52,27.3,,27.3,10.0,8221.65,8941.39,9094.04
222.04404258728027,20.0,0.0,28.79,27.52,27.3,,27.3,10.0,8221.65,8941.39,9094.04
222.5314610004425,20.0,0.0,28.79,27.52,27.3,,27.3,10.0,8221.65,8941.39,9094.04
223.0291771888733,20.0,0.0,28.79,27.52,27.3,,27.3,10.0,8221.65,8941.39,9094.04
223.49607872962952,20.0,0.0,28.79,27.52,27.3,,27.3,10.0,8221.65,8954.09,9094.04
223.9803740978241,20.0,0.0,28.79,27.52,27.3,,27.3,10.0,8221.65,8941.39,9094.04
224.46303915977478,20.0,0.0,28.79,27.49,27.3,,27.3,10.0,8221.65,8954.09,9094.04
224.94924902915955,20.0,0.0,28.79,27.52,27.3,,27.3,10.0,8221.65,8954.09,9094.04
225.4296429157257,20.0,0.0,28.79,27.49,27.3,,27.3,10.0,8221.65,8954.09,9094.04
225.9139528274536,20.0,0.0,28.79,27.49,27.3,,27.3,10.0,8221.65,8954.09,9094.04
226.37999939918518,20.0,0.0,28.79,27.49,27.3,,27.3,10.0,8221.65,8954.09,9094.04
226.84983730316162,20.0,0.0,28.79,27.52,27.3,,27.3,10.0,8221.65,8941.39,9094.04
227.31595730781555,20.0,0.0,28.79,27.49,27.3,,27.3,10.0,8221.65,8954.09,9094.04
227.78573632240295,20.0,0.0,28.79,27.49,27.3,,27.3,10.0,8221.65,8954.09,9094.04
228.30150985717773,20.0,0.0,28.79,27.49,27.3,,27.3,10.0,8221.65,8954.09,9094.04
228.79918146133423,20.0,0.0,28.79,27.49,27.3,,27.3,10.0,8221.65,8954.09,9094.04
229.30056262016296,20.0,0.0,28.79,27.49,27.3,,27.3,10.0,8221.65,8954.09,9094.04
229.79881238937378,20.0,0.0,28.79,27.52,27.3,,27.3,10.0,8221.65,8941.39,9094.04
230.29864192008972,20.0,0.0,28.79,27.49,27.3,,27.3,10.0,8221.65,8954.09,9094.04
230.79513454437256,20.0,0.0,28.79,27.49,27.3,,27.3,10.0,8221.65,8954.09,9094.04
231.2935254573822,20.0,0.0,28.79,27.49,27.3,,27.3,10.0,8221.65,8941.39,9094.04
231.80866956710815,20.0,0.0,28.79,27.49,27.3,,27.3,10.0,8221.65,8954.09,9094.04
232.29034066200256,20.0,0.0,28.79,27.49,27.3,,27.3,10.0,8221.65,8954.09,9094.04
232.7920482158661,20.0,0.0,28.79,27.52,27.3,,27.3,10.0,8221.65,8954.09,9094.04
233.3102343082428,20.0,0.0,28.79,27.49,27.3,,27.3,10.0,8221.65,8954.09,9094.04
233.80948638916016,20.0,0.0,28.79,27.49,27.3,,27.3,10.0,8221.65,8954.09,9094.04
234.30383348464966,20.0,0.0,28.79,27.49,27.3,,27.3,10.0,8221.65,8954.09,9094.04
234.80199480056763,20.0,0.0,28.79,27.49,27.3,,27.3,10.0,8221.65,8954.09,9094.04
235.315105676651,20.0,0.0,28.79,27.49,27.3,,27.3,10.0,8221.65,8954.09,9094.04
235.81509232521057,20.0,0.0,28.79,27.49,27.3,,27.3,10.0,8221.65,8954.09,9094.04
236.31670999526978,20.0,0.0,28.79,27.49,27.3,,27.3,10.0,8221.65,8954.09,9094.04
236.81666827201843,20.0,0.0,28.79,27.49,27.3,,27.3,10.0,8221.65,8954.09,9094.04
237.3156599998474,20.0,0.0,28.79,27.49,27.3,,27.3,10.0,8221.65,8954.09,9081.1
237.81785130500793,20.0,0.0,28.79,27.49,27.3,,27.3,10.0,8221.65,8954.09,9094.04
238.31719207763672,20.0,0.0,28.79,27.49,27.3,,27.3,10.0,8221.65,8954.09,9094.04
238.81371665000916,20.0,0.0,28.79,27.49,27.3,,27.3,10.0,8221.65,8954.09,9094.04
239.31440687179565,20.0,0.0,28.79,27.49,27.3,,27.3,10.0,8221.65,8954.09,9094.04
239.82887434959412,20.0,0.0,28.79,27.49,27.3,,27.3,10.0,8221.65,8954.09,9094.04
240.32685375213623,20.0,0.0,28.79,27.49,27.3,,27.3,10.0,8221.65,8954.09,9094.04
240.8244822025299,20.0,0.0,28.79,27.49,27.3,,27.3,10.0,8221.65,8954.09,9094.04
241.31854343414307,20.0,0.0,28.79,27.49,27.3,,27.3,10.0,8221.65,8954.09,9094.04
241.82387781143188,20.0,0.0,28.79,27.49,27.3,,27.3,10.0,8221.65,8954.09,9094.04
242.3160183429718,20.0,0.0,28.79,27.49,27.3,,27.3,10.0,8221.65,8954.09,9094.04
242.8353316783905,20.0,0.0,28.79,27.49,27.3,,27.3,10.0,8221.65,8954.09,9094.04
243.3379030227661,20.0,0.0,28.79,27.49,27.3,,27.3,10.0,8221.65,8954.09,9094.04
243.83904814720154,20.0,0.0,28.74,27.49,27.3,,27.3,10.0,8221.65,8954.09,9094.04
244.35457706451416,20.0,0.0,28.79,27.49,27.3,,27.3,10.0,8221.65,8954.09,9094.04
244.8378336429596,20.0,0.0,28.79,27.49,27.3,,27.3,10.0,8221.65,8954.09,9094.04
245.38476705551147,20.0,0.0,28.74,27.49,27.3,,27.3,10.0,8221.65,8954.09,9094.04
245.86922597885132,20.0,0.0,28.74,27.49,27.3,,27.3,10.0,8238.34,8954.09,9094.04
246.33720064163208,20.0,0.0,28.74,27.49,27.3,,27.3,10.0,8238.34,8954.09,9094.04
246.83679223060608,20.0,0.0,28.74,27.49,27.3,,27.3,10.0,8238.34,8954.09,9094.04
247.3421061038971,20.0,0.0,28.74,27.49,27.3,,27.3,10.0,8238.34,8954.09,9094.04
247.84847116470337,20.0,0.0,28.74,27.49,27.3,,27.3,10.0,8238.34,8954.09,9094.04
248.3506875038147,20.0,0.0,28.74,27.49,27.3,,27.3,10.0,8238.34,8954.09,9094.04
248.85251832008362,20.0,0.0,28.74,27.49,27.3,,27.3,10.0,8238.34,8954.09,9094.04
249.35426020622253,20.0,0.0,28.74,27.49,27.3,,27.3,10.0,8238.34,8954.09,9094.04
249.85044193267822,20.0,0.0,28.74,27.49,27.3,,27.3,10.0,8238.34,8954.09,9094.04
250.3487627506256,20.0,0.0,28.74,27.49,27.3,,27.3,10.0,8238.34,8954.09,9094.04
250.8512098789215,20.0,0.0,28.74,27.49,27.3,,27.3,10.0,8238.34,8954.09,9094.04
251.35231351852417,20.0,0.0,28.74,27.49,27.3,,27.3,10.0,8238.34,8954.09,9094.04
251.85100841522217,20.0,0.0,28.74,27.49,27.3,,27.3,10.0,8238.34,8954.09,9094.04
252.35033988952637,20.0,0.0,28.74,27.49,27.3,,27.3,10.0,8238.34,8954.09,9094.04
252.86498355865479,20.0,0.0,28.74,27.49,27.3,,27.3,10.0,8238.34,8954.09,9094.04
253.36401677131653,20.0,0.0,28.74,27.49,27.3,,27.3,10.0,8238.34,8954.09,9094.04
253.86242961883545,20.0,0.0,28.74,27.49,27.3,,27.3,10.0,8238.34,8954.09,9094.04
254.36218404769897,20.0,0.0,28.74,27.49,27.3,,27.3,10.0,8238.34,8954.09,9094.04
254.86378455162048,20.0,0.0,28.74,27.49,27.3,,27.3,10.0,8238.34,8954.09,9094.04
255.3643536567688,20.0,0.0,28.74,27.49,27.3,,27.3,10.0,8238.34,8954.09,9094.04
255.860365152359,20.0,0.0,28.74,27.49,27.3,,27.3,10.0,8238.34,8954.09,9094.04
256.3616487979889,20.0,0.0,28.74,27.49,27.3,,27.3,10.0,8238.34,8954.09,9094.04
256.87486720085144,20.0,0.0,28.74,27.49,27.3,,27.3,10.0,8238.34,8954.09,9094.04
257.37196707725525,20.0,0.0,28.74,27.49,27.3,,27.3,10.0,8238.34,8954.09,9094.04
257.8687496185303,20.0,0.0,28.74,27.49,27.3,,27.3,10.0,8238.34,8954.09,9094.04
258.36727714538574,20.0,0.0,28.74,27.49,27.3,,27.3,10.0,8238.34,8954.09,9094.04
258.8671553134918,20.0,0.0,28.74,27.49,27.3,,27.3,10.0,8238.34,8954.09,9094.04
259.38067078590393,20.0,0.0,28.74,27.49,27.3,,27.3,10.0,8238.34,8954.09,9094.04
259.88073801994324,20.0,0.0,28.74,27.49,27.3,,27.3,10.0,8238.34,8954.09,9094.04
260.3780870437622,20.0,0.0,28.74,27.49,27.3,,27.3,10.0,8238.34,8954.09,9094.04
260.87787103652954,20.0,0.0,28.74,27.49,27.3,,27.3,10.0,8238.34,8954.09,9094.04
261.3763053417206,20.0,0.0,28.74,27.49,27.3,,27.3,10.0,8238.34,8954.09,9094.04
261.87671756744385,20.0,0.0,28.74,27.49,27.3,,27.3,10.0,8238.34,8954.09,9094.04
262.3765058517456,20.0,0.0,28.74,27.49,27.3,,27.3,10.0,8238.34,8954.09,9094.04
262.87692427635193,20.0,0.0,28.74,27.49,27.3,,27.3,10.0,8238.34,8954.09,9094.04
263.38919949531555,20.0,0.0,28.74,27.49,27.3,,27.3,10.0,8238.34,8954.09,9094.04
263.8880579471588,20.0,0.0,28.74,27.49,27.3,,27.3,10.0,8238.34,8954.09,9094.04
264.38847613334656,20.0,0.0,28.74,27.49,27.3,,27.3,10.0,8238.34,8954.09,9094.04
264.8865575790405,20.0,0.0,28.74,27.49,27.3,,27.3,10.0,8238.34,8954.09,9094.04
265.3846228122711,20.0,0.0,28.74,27.49,27.3,,27.3,10.0,8238.34,8954.09,9094.04
265.89795780181885,20.0,0.0,28.74,27.49,27.3,,27.3,10.0,8238.34,8954.09,9094.04
266.395813703537,20.0,0.0,28.74,27.49,27.3,,27.3,10.0,8238.34,8954.09,9094.04
266.89475417137146,20.0,0.0,28.74,27.49,27.3,,27.3,10.0,8238.34,8954.09,9094.04
267.3934271335602,20.0,0.0,28.74,27.49,27.3,,27.3,10.0,8238.34,8954.09,9094.04
267.8905348777771,20.0,0.0,28.74,27.49,27.3,,27.3,10.0,8238.34,8954.09,9094.04
268.3910572528839,20.0,0.0,28.74,27.49,27.3,,27.3,10.0,8238.34,8954.09,9094.04
268.904420375824,20.0,0.0,28.74,27.49,27.3,,27.3,10.0,8238.34,8954.09,9094.04
269.4028670787811,20.0,0.0,28.74,27.49,27.3,,27.3,10.0,8238.34,8954.09,9094.04
269.9017105102539,20.0,0.0,28.74,27.49,27.3,,27.3,10.0,8238.34,8954.09,9094.04
270.39839935302734,20.0,0.0,28.74,27.49,27.3,,27.3,10.0,8238.34,8954.09,9094.04
270.90077900886536,20.0,0.0,28.74,27.49,27.3,,27.3,10.0,8238.34,8954.09,9094.04
271.414342880249,20.0,0.0,28.74,27.49,27.3,,27.3,10.0,8238.34,8954.09,9094.04
271.9140419960022,20.0,0.0,28.74,27.49,27.3,,27.3,10.0,8238.34,8954.09,9094.04
272.41445541381836,20.0,0.0,28.74,27.49,27.3,,27.3,10.0,8238.34,8954.09,9094.04
272.9111976623535,20.0,0.0,28.74,27.49,27.3,,27.3,10.0,8238.34,8954.09,9094.04
273.4176137447357,20.0,0.0,28.74,27.49,27.3,,27.3,10.0,8238.34,8954.09,9094.04
273.9093334674835,20.0,0.0,28.74,27.49,27.3,,27.3,10.0,8238.34,8954.09,9094.04
274.41149258613586,20.0,0.0,28.74,27.49,27.3,,27.3,10.0,8238.34,8954.09,9094.04
274.90792965888977,20.0,0.0,28.74,27.49,27.3,,27.3,10.0,8238.34,8954.09,9094.04
275.4224681854248,20.0,0.0,28.74,27.49,27.3,,27.3,10.0,8238.34,8954.09,9094.04
275.9210183620453,20.0,0.0,28.74,27.49,27.3,,27.3,10.0,8238.34,8954.09,9094.04
276.4223036766052,20.0,0.0,28.74,27.49,27.3,,27.3,10.0,8238.34,8954.09,9094.04
276.9225206375122,20.0,0.0,28.74,27.49,27.3,,27.3,10.0,8238.34,8954.09,9094.04
277.4235484600067,20.0,0.0,28.74,27.49,27.3,,27.3,10.0,8238.34,8954.09,9094.04
277.9184846878052,20.0,0.0,28.74,27.49,27.3,,27.3,10.0,8238.34,8954.09,9094.04
278.4358766078949,20.0,0.0,28.74,27.49,27.3,,27.3,10.0,8238.34,8954.09,9094.04
278.9489994049072,20.0,0.0,28.74,27.49,27.3,,27.3,10.0,8238.34,8954.09,9094.04
279.4339871406555,20.0,0.0,28.74,27.49,27.3,,27.3,10.0,8238.34,8954.09,9094.04
279.9327404499054,20.0,0.0,28.74,27.49,27.3,,27.3,10.0,8238.34,8954.09,9094.04
280.43270683288574,20.0,0.0,28.74,27.49,27.3,,27.3,10.0,8238.34,8954.09,9094.04
280.93330669403076,20.0,0.0,28.74,27.49,27.3,,27.3,10.0,8238.34,8954.09,9094.04
281.4311079978943,20.0,0.0,28.74,27.49,27.3,,27.3,10.0,8238.34,8954.09,9094.04
281.92969036102295,20.0,0.0,28.74,27.49,27.3,,27.3,10.0,8238.34,8954.09,9094.04
282.442679643631,20.0,0.0,28.74,27.49,27.3,,27.3,10.0,8221.65,8954.09,9094.04
282.9461977481842,20.0,0.0,28.79,27.49,27.3,,27.3,10.0,8221.65,8954.09,9094.04
283.4304394721985,20.0,0.0,28.74,27.49,27.3,,27.3,10.0,8221.65,8954.09,9094.04
283.9488935470581,20.0,0.0,28.79,27.49,27.3,,27.3,10.0,8238.34,8954.09,9094.04
284.5382709503174,20.0,0.0,28.79,27.49,27.3,,27.3,10.0,8238.34,8954.09,9094.04
285.006400346756,20.0,0.0,28.79,27.49,27.3,,27.3,10.0,8221.65,8954.09,9094.04
285.47629737854004,20.0,0.0,28.79,27.49,27.3,,27.3,10.0,8238.34,8954.09,9094.04
285.95992612838745,20.0,0.0,28.79,27.49,27.3,,27.3,10.0,8221.65,8954.09,9094.04
286.44673132896423,20.0,0.0,28.79,27.49,27.3,,27.3,10.0,8221.65,8954.09,9094.04
286.94816732406616,20.0,0.0,28.79,27.49,27.26,,27.26,10.0,8221.65,8954.09,9107.01
287.4449453353882,20.0,0.0,28.74,27.49,27.26,,27.26,10.0,8238.34,8954.09,9107.01
287.9421534538269,20.0,0.0,28.74,27.49,27.26,,27.26,10.0,8238.34,8954.09,9107.01
288.45575618743896,20.0,0.0,28.74,27.49,27.26,,27.26,10.0,8238.34,8954.09,9107.01
288.95569133758545,20.0,0.0,28.74,27.49,27.26,,27.26,10.0,8238.34,8954.09,9107.01
289.45647072792053,20.0,0.0,28.74,27.49,27.26,,27.26,10.0,8238.34,8954.09,9107.01
289.97066855430603,20.0,0.0,28.74,27.49,27.26,,27.26,10.0,8238.34,8954.09,9107.01
290.4544310569763,20.0,0.0,28.74,27.49,27.26,,27.26,10.0,8221.65,8954.09,9107.01
290.95139145851135,20.0,0.0,28.74,27.49,27.26,,27.26,10.0,8238.34,8954.09,9107.01
291.46533012390137,20.0,0.0,28.74,27.49,27.26,,27.26,10.0,8238.34,8954.09,9107.01
291.98140501976013,20.0,0.0,28.74,27.49,27.26,,27.26,10.0,8238.34,8954.09,9107.01
292.46553111076355,20.0,0.0,28.74,27.49,27.26,,27.26,10.0,8238.34,8954.09,9107.01
292.9677357673645,20.0,0.0,28.74,27.49,27.26,,27.26,10.0,8238.34,8966.81,9107.01
293.4660224914551,20.0,0.0,28.74,27.49,27.26,,27.26,10.0,8238.34,8966.81,9107.01
293.96990942955017,20.0,0.0,28.74,27.49,27.26,,27.26,10.0,8238.34,8966.81,9107.01
294.46690130233765,20.0,0.0,28.74,27.45,27.26,,27.26,10.0,8238.34,8966.81,9107.01
294.9661648273468,20.0,0.0,28.74,27.45,27.26,,27.26,10.0,8238.34,8966.81,9107.01
295.4812397956848,20.0,0.0,28.74,27.45,27.26,,27.26,10.0,8238.34,8966.81,9107.01
295.9785132408142,20.0,0.0,28.74,27.45,27.26,,27.26,10.0,8238.34,8966.81,9107.01
296.4781551361084,20.0,0.0,28.79,27.45,27.26,,27.26,10.0,8238.34,8966.81,9107.01
296.97587633132935,20.0,0.0,28.74,27.49,27.26,,27.26,10.0,8221.65,8966.81,9107.01
297.4749925136566,20.0,0.0,28.79,27.45,27.26,,27.26,10.0,8221.65,8966.81,9107.01
297.974244594574,20.0,0.0,28.74,27.45,27.26,,27.26,10.0,8238.34,8966.81,9107.01
298.4710476398468,20.0,0.0,28.74,27.45,27.26,,27.26,10.0,8238.34,8966.81,9107.01
298.9852533340454,20.0,0.0,28.74,27.45,27.26,,27.26,10.0,8238.34,8966.81,9107.01
299.48611640930176,20.0,0.0,28.79,27.49,27.26,,27.26,10.0,8238.34,8954.09,9107.01
299.98337173461914,20.0,0.0,28.79,27.45,27.26,,27.26,10.0,8221.65,8966.81,9107.01
300.48219180107117,20.0,0.0,28.74,27.45,27.26,,27.26,10.0,8221.65,8966.81,9107.01
300.9854598045349,20.0,0.0,28.74,27.45,27.26,,27.26,10.0,8221.65,8966.81,9107.01
301.4872682094574,20.0,0.0,28.74,27.45,27.26,,27.26,10.0,8221.65,8966.81,9107.01
301.9833040237427,20.0,0.0,28.79,27.45,27.26,,27.26,10.0,8238.34,8966.81,9107.01
302.48367071151733,20.0,0.0,28.79,27.45,27.26,,27.26,10.0,8221.65,8966.81,9107.01
303.0273244380951,20.0,0.0,28.79,27.45,27.26,,27.26,10.0,8221.65,8966.81,9107.01
303.49228024482727,20.0,0.0,28.79,27.45,27.26,,27.26,10.0,8221.65,8966.81,9107.01
303.99059414863586,20.0,0.0,28.79,27.45,27.26,,27.26,10.0,8221.65,8966.81,9107.01
304.4911630153656,20.0,0.0,28.79,27.49,27.26,,27.26,10.0,8221.65,8966.81,9107.01
305.0215468406677,20.0,0.0,28.79,27.45,27.26,,27.26,10.0,8221.65,8966.81,9107.01
305.50770831108093,20.0,0.0,28.79,27.49,27.26,,27.26,10.0,8221.65,8966.81,9107.01
306.02027797698975,20.0,0.0,28.79,27.49,27.26,,27.26,10.0,8221.65,8966.81,9107.01
306.5357391834259,20.0,0.0,28.79,27.45,27.26,,27.26,10.0,8221.65,8966.81,9107.01
307.01754546165466,20.0,0.0,28.79,27.45,27.26,,27.26,10.0,8221.65,8966.81,9107.01
307.5010209083557,20.0,0.0,28.79,27.45,27.26,,27.26,10.0,8221.65,8966.81,9107.01
307.99888849258423,20.0,0.0,28.79,27.45,27.26,,27.26,10.0,8221.65,8966.81,9107.01
308.515424489975,20.0,0.0,28.79,27.49,27.23,,27.23,10.0,8221.65,8954.09,9120.0
309.01042771339417,20.0,0.0,28.79,27.49,27.23,,27.23,10.0,8221.65,8954.09,9107.01
309.50550413131714,20.0,0.0,28.79,27.49,27.26,,27.26,10.0,8221.65,8966.81,9120.0
310.015221118927,20.0,0.0,28.79,27.49,27.23,,27.23,10.0,8221.65,8966.81,9107.01
310.51369285583496,20.0,0.0,28.79,27.49,27.26,,27.26,10.0,8221.65,8966.81,9107.01
311.01151394844055,20.0,0.0,28.79,27.45,27.26,,27.26,10.0,8221.65,8966.81,9107.01
311.5114185810089,20.0,0.0,28.79,27.49,27.23,,27.23,10.0,8221.65,8966.81,9107.01
312.0108757019043,20.0,0.0,28.79,27.49,27.26,,27.26,10.0,8221.65,8954.09,9107.01
312.5088703632355,20.0,0.0,28.79,27.49,27.23,,27.23,10.0,8221.65,8954.09,9107.01
313.0856103897095,20.0,0.0,28.79,27.49,27.26,,27.26,10.0,8221.65,8954.09,9107.01
313.56958627700806,20.0,0.0,28.79,27.45,27.26,,27.26,10.0,8221.65,8966.81,9107.01
314.06858563423157,20.0,0.0,28.79,27.45,27.23,,27.23,10.0,8221.65,8966.81,9107.01
314.5523610115051,20.0,0.0,28.79,27.45,27.23,,27.23,10.0,8221.65,8966.81,9120.0
315.0196599960327,20.0,0.0,28.79,27.45,27.23,,27.23,10.0,8221.65,8966.81,9120.0
315.51803612709045,20.0,0.0,28.79,27.45,27.23,,27.23,10.0,8221.65,8966.81,9120.0
316.03167271614075,20.0,0.0,28.79,27.45,27.23,,27.23,10.0,8221.65,8966.81,9120.0
316.5326511859894,20.0,0.0,28.79,27.45,27.23,,27.23,10.0,8221.65,8966.81,9120.0
317.03180050849915,20.0,0.0,28.79,27.45,27.23,,27.23,10.0,8221.65,8966.81,9120.0
317.5307731628418,20.0,0.0,28.79,27.45,27.23,,27.23,10.0,8221.65,8966.81,9120.0
318.0323417186737,20.0,0.0,28.79,27.45,27.23,,27.23,10.0,8221.65,8966.81,9120.0
318.54813861846924,20.0,0.0,28.79,27.45,27.23,,27.23,10.0,8221.65,8966.81,9120.0
319.04780292510986,20.0,0.0,28.79,27.45,27.26,,27.26,10.0,8221.65,8966.81,9120.0
319.52719736099243,20.0,0.0,28.79,27.45,27.26,,27.26,10.0,8221.65,8966.81,9107.01
320.042188167572,20.0,0.0,28.79,27.49,27.26,,27.26,10.0,8221.65,8966.81,9107.01
320.53829526901245,20.0,0.0,28.79,27.45,27.26,,27.26,10.0,8221.65,8966.81,9107.01
321.0539059638977,20.0,0.0,28.79,27.45,27.26,,27.26,10.0,8221.65,8966.81,9107.01
321.5362343788147,20.0,0.0,28.79,27.45,27.26,,27.26,10.0,8221.65,8966.81,9107.01
322.03861451148987,20.0,0.0,28.79,27.45,27.26,,27.26,10.0,8221.65,8966.81,9107.01
322.5352623462677,20.0,0.0,28.79,27.45,27.26,,27.26,10.0,8221.65,8966.81,9107.01
323.0495331287384,20.0,0.0,28.79,27.45,27.26,,27.26,10.0,8221.65,8966.81,9107.01
323.5487904548645,20.0,0.0,28.79,27.49,27.26,,27.26,10.0,8221.65,8966.81,9107.01
324.04868745803833,20.0,0.0,28.79,27.45,27.26,,27.26,10.0,8221.65,8966.81,9107.01
324.54844665527344,20.0,0.0,28.79,27.49,27.26,,27.26,10.0,8221.65,8966.81,9107.01
325.0444281101227,20.0,0.0,28.79,27.49,27.26,,27.26,10.0,8221.65,8954.09,9107.01
325.5409207344055,20.0,0.0,28.79,27.49,27.26,,27.26,10.0,8221.65,8966.81,9107.01
326.04115557670593,20.0,0.0,28.79,27.49,27.26,,27.26,10.0,8221.65,8954.09,9107.01
326.54938983917236,20.0,0.0,28.74,27.49,27.26,,27.26,10.0,8221.65,8954.09,9107.01
327.056987285614,20.0,0.0,28.74,27.49,27.26,,27.26,10.0,8238.34,8966.81,9107.01
327.57736682891846,20.0,0.0,28.74,27.45,27.26,,27.26,10.0,8238.34,8966.81,9107.01
328.1088044643402,20.0,0.0,28.74,27.45,27.26,,27.26,10.0,8238.34,8966.81,9107.01
328.58831882476807,20.0,0.0,28.74,27.45,27.26,,27.26,10.0,8238.34,8966.81,9107.01
329.0549986362457,20.0,0.0,28.74,27.45,27.26,,27.26,10.0,8238.34,8954.09,9107.01
329.55493807792664,20.0,0.0,28.74,27.45,27.26,,27.26,10.0,8238.34,8966.81,9107.01
330.06491208076477,20.0,0.0,28.74,27.45,27.26,,27.26,10.0,8238.34,8966.81,9107.01
330.5727119445801,20.0,0.0,28.74,27.45,27.26,,27.26,10.0,8238.34,8966.81,9107.01
331.0681884288788,20.0,0.0,28.74,27.45,27.26,,27.26,10.0,8238.34,8966.81,9107.01
331.56690645217896,20.0,0.0,28.79,27.49,27.26,,27.26,10.0,8221.65,8966.81,9107.01
332.0644586086273,20.0,0.0,28.79,27.45,27.26,,27.26,10.0,8221.65,8966.81,9107.01
332.6084804534912,20.0,0.0,28.79,27.45,27.26,,27.26,10.0,8221.65,8954.09,9107.01
333.1123116016388,20.0,0.0,28.79,27.45,27.26,,27.26,10.0,8221.65,8966.81,9107.01
333.5982666015625,20.0,0.0,28.79,27.45,27.26,,27.26,10.0,8221.65,8966.81,9107.01
334.09616446495056,20.0,0.0,28.79,27.45,27.26,,27.26,10.0,8221.65,8966.81,9107.01
334.5817356109619,20.0,0.0,28.79,27.45,27.26,,27.26,10.0,8221.65,8966.81,9107.01
335.0833954811096,20.0,0.0,28.79,27.49,27.26,,27.26,10.0,8221.65,8966.81,9107.01
335.6093370914459,20.0,0.0,28.74,27.45,27.26,,27.26,10.0,8221.65,8966.81,9107.01
336.0931086540222,20.0,0.0,28.79,27.45,27.26,,27.26,10.0,8221.65,8966.81,9107.01
336.58066725730896,20.0,0.0,28.79,27.45,27.26,,27.26,10.0,8221.65,8954.09,9107.01
337.07580399513245,20.0,0.0,28.79,27.49,27.26,,27.26,10.0,8221.65,8954.09,9107.01
337.5749478340149,20.0,0.0,28.74,27.49,27.26,,27.26,10.0,8238.34,8954.09,9107.01
338.0759825706482,20.0,0.0,28.74,27.49,27.26,,27.26,10.0,8221.65,8954.09,9107.01
338.58688282966614,20.0,0.0,28.74,27.49,27.26,,27.26,10.0,8238.34,8954.09,9107.01
339.08604621887207,20.0,0.0,28.74,27.49,27.26,,27.26,10.0,8221.65,8954.09,9107.01
339.5869436264038,20.0,0.0,28.74,27.49,27.26,,27.26,10.0,8221.65,8954.09,9107.01
340.083993434906,20.0,0.0,28.79,27.49,27.26,,27.26,10.0,8238.34,8954.09,9107.01
340.58815717697144,20.0,0.0,28.79,27.49,27.26,,27.26,10.0,8238.34,8954.09,9107.01
341.08638429641724,20.0,0.0,28.74,27.49,27.26,,27.26,10.0,8238.34,8954.09,9107.01
341.60103940963745,20.0,0.0,28.79,27.49,27.26,,27.26,10.0,8238.34,8954.09,9107.01
342.08482003211975,20.0,0.0,28.79,27.49,27.26,,27.26,10.0,8221.65,8954.09,9107.01
342.6209948062897,20.0,0.0,28.74,27.49,27.26,,27.26,10.0,8221.65,8954.09,9107.01
343.2462351322174,20.0,0.0,28.79,27.49,27.26,,27.26,10.0,8221.65,8954.09,9107.01
343.77277302742004,20.0,0.0,28.79,27.49,27.26,,27.26,10.0,8221.65,8966.81,9107.01
344.24004578590393,20.0,0.0,28.79,27.49,27.26,,27.26,10.0,8221.65,8954.09,9107.01
344.7495198249817,20.0,0.0,28.79,27.49,27.26,,27.26,10.0,8221.65,8954.09,9107.01
345.2359526157379,20.0,0.0,28.79,27.49,27.26,,27.26,10.0,8221.65,8954.09,9107.01
345.7192950248718,20.0,0.0,28.79,27.49,27.26,,27.26,10.0,8221.65,8954.09,9107.01
346.1853504180908,20.0,0.0,28.79,27.49,27.26,,27.26,10.0,8221.65,8954.09,9107.01
346.66941952705383,20.0,0.0,28.79,27.45,27.26,,27.26,10.0,8221.65,8954.09,9107.01
347.13748121261597,20.0,0.0,28.79,27.49,27.26,,27.26,10.0,8221.65,8954.09,9107.01
347.6998600959778,20.0,0.0,28.79,27.49,27.26,,27.26,10.0,8221.65,8954.09,9107.01
348.18251514434814,20.0,0.0,28.79,27.49,27.26,,27.26,10.0,8221.65,8954.09,9107.01
348.6802189350128,20.0,0.0,28.79,27.49,27.26,,27.26,10.0,8221.65,8954.09,9107.01
349.1673147678375,20.0,0.0,28.79,27.49,27.26,,27.26,10.0,8221.65,8954.09,9107.01
349.6826298236847,20.0,0.0,28.79,27.49,27.26,,27.26,10.0,8221.65,8954.09,9107.01
350.1976635456085,20.0,0.0,28.79,27.49,27.26,,27.26,10.0,8221.65,8954.09,9107.01
350.71430492401123,20.0,0.0,28.79,27.49,27.26,,27.26,10.0,8221.65,8954.09,9107.01
351.2138125896454,20.0,0.0,28.79,27.49,27.26,,27.26,10.0,8221.65,8954.09,9107.01
351.71249866485596,20.0,0.0,28.79,27.49,27.26,,27.26,10.0,8221.65,8954.09,9107.01
352.21442890167236,20.0,0.0,28.79,27.49,27.26,,27.26,10.0,8221.65,8954.09,9107.01
352.6987020969391,20.0,0.0,28.79,27.49,27.26,,27.26,10.0,8221.65,8954.09,9107.01
353.1994848251343,20.0,0.0,28.79,27.49,27.26,,27.26,10.0,8221.65,8954.09,9107.01
353.6644310951233,20.0,0.0,28.79,27.49,27.26,,27.26,10.0,8221.65,8954.09,9107.01
354.1660461425781,20.0,0.0,28.79,27.49,27.26,,27.26,10.0,8221.65,8954.09,9107.01
354.6481237411499,20.0,0.0,28.79,27.49,27.26,,27.26,10.0,8221.65,8954.09,9107.01
355.13373374938965,20.0,0.0,28.79,27.45,27.26,,27.26,10.0,8221.65,8954.09,9107.01
355.6313126087189,20.0,0.0,28.79,27.49,27.26,,27.26,10.0,8221.65,8954.09,9107.01
356.1311619281769,20.0,0.0,28.79,27.49,27.26,,27.26,10.0,8221.65,8954.09,9107.01
356.631471157074,20.0,0.0,28.79,27.49,27.26,,27.26,10.0,8221.65,8954.09,9107.01
357.13878107070923,20.0,0.0,28.79,27.49,27.26,,27.26,10.0,8221.65,8954.09,9107.01
357.6706840991974,20.0,0.0,28.79,27.49,27.26,,27.26,10.0,8221.65,8966.81,9107.01
358.16616916656494,20.0,0.0,28.79,27.49,27.26,,27.26,10.0,8221.65,8954.09,9107.01
358.6322286128998,20.0,0.0,28.79,27.49,27.26,,27.26,10.0,8221.65,8954.09,9107.01
359.1319420337677,20.0,0.0,28.79,27.49,27.26,,27.26,10.0,8221.65,8954.09,9107.01
359.64306116104126,20.0,0.0,28.79,27.49,27.26,,27.26,10.0,8221.65,8954.09,9107.01
360.14222526550293,20.0,0.0,28.79,27.49,27.26,,27.26,10.0,8221.65,8954.09,9107.01
360.6412777900696,20.0,0.0,28.79,27.49,27.26,,27.26,10.0,8221.65,8954.09,9107.01
361.13916969299316,20.0,0.0,28.79,27.49,27.26,,27.26,10.0,8221.65,8954.09,9107.01
361.63598132133484,20.0,0.0,28.79,27.49,27.26,,27.26,10.0,8221.65,8954.09,9107.01
362.1511766910553,20.0,0.0,28.79,27.49,27.26,,27.26,10.0,8221.65,8954.09,9107.01
362.652747631073,20.0,0.0,28.79,27.49,27.26,,27.26,10.0,8221.65,8954.09,9107.01
363.14970779418945,20.0,0.0,28.79,27.49,27.26,,27.26,10.0,8221.65,8954.09,9107.01
363.6490807533264,20.0,0.0,28.79,27.49,27.26,,27.26,10.0,8221.65,8954.09,9107.01
364.1488423347473,20.0,0.0,28.79,27.49,27.26,,27.26,10.0,8221.65,8954.09,9107.01
364.66148829460144,20.0,0.0,28.79,27.49,27.26,,27.26,10.0,8221.65,8954.09,9107.01
365.16014289855957,20.0,0.0,28.79,27.49,27.26,,27.26,10.0,8221.65,8954.09,9107.01
365.66208148002625,20.0,0.0,28.79,27.49,27.26,,27.26,10.0,8221.65,8954.09,9107.01
366.16174268722534,20.0,0.0,28.74,27.49,27.26,,27.26,10.0,8238.34,8954.09,9107.01
366.69203186035156,20.0,0.0,28.74,27.49,27.26,,27.26,10.0,8238.34,8954.09,9107.01
367.17846274375916,20.0,0.0,28.79,27.49,27.26,,27.26,10.0,8238.34,8954.09,9107.01
367.66517639160156,20.0,0.0,28.79,27.49,27.26,,27.26,10.0,8238.34,8954.09,9107.01
368.16383266448975,20.0,0.0,28.74,27.49,27.26,,27.26,10.0,8238.34,8954.09,9107.01
368.6653985977173,20.0,0.0,28.79,27.49,27.26,,27.26,10.0,8221.65,8954.09,9107.01
369.1801710128784,20.0,0.0,28.79,27.49,27.26,,27.26,10.0,8238.34,8954.09,9094.04
369.6609585285187,20.0,0.0,28.79,27.49,27.26,,27.26,10.0,8221.65,8954.09,9107.01
370.17225408554077,20.0,0.0,28.79,27.49,27.26,,27.26,10.0,8221.65,8954.09,9094.04
370.6714644432068,20.0,0.0,28.79,27.49,27.26,,27.26,10.0,8221.65,8954.09,9094.04
371.18846583366394,20.0,0.0,28.79,27.49,27.26,,27.26,10.0,8221.65,8954.09,9107.01
371.7486696243286,20.0,0.0,28.79,27.49,27.26,,27.26,10.0,8221.65,8954.09,9107.01
372.28274488449097,20.0,0.0,28.79,27.49,27.26,,27.26,10.0,8221.65,8954.09,9107.01
372.7649393081665,20.0,0.0,28.79,27.49,27.26,,27.26,10.0,8221.65,8954.09,9107.01
373.2458429336548,20.0,0.0,28.79,27.49,27.26,,27.26,10.0,8221.65,8954.09,9107.01
373.7281770706177,20.0,0.0,28.79,27.49,27.26,,27.26,10.0,8221.65,8954.09,9107.01
374.20853567123413,20.0,0.0,28.79,27.49,27.26,,27.26,10.0,8221.65,8954.09,9107.01
374.6783483028412,20.0,0.0,28.79,27.49,27.26,,27.26,10.0,8221.65,8954.09,9107.01
375.17603754997253,20.0,0.0,28.79,27.49,27.26,,27.26,10.0,8221.65,8954.09,9107.01
375.6772491931915,20.0,0.0,28.79,27.49,27.26,,27.26,10.0,8221.65,8954.09,9107.01
376.19135570526123,20.0,0.0,28.79,27.49,27.26,,27.26,10.0,8221.65,8954.09,9107.01
376.70446705818176,20.0,0.0,28.79,27.49,27.26,,27.26,10.0,8221.65,8954.09,9107.01
377.1882553100586,20.0,0.0,28.79,27.49,27.3,,27.3,10.0,8221.65,8954.09,9094.04
377.6893079280853,20.0,0.0,28.79,27.49,27.3,,27.3,10.0,8221.65,8954.09,9094.04
378.1887891292572,20.0,0.0,28.79,27.49,27.26,,27.26,10.0,8221.65,8954.09,9094.04
378.68660855293274,20.0,0.0,28.79,27.49,27.3,,27.3,10.0,8221.65,8954.09,9094.04
379.18719601631165,20.0,0.0,28.79,27.49,27.3,,27.3,10.0,8221.65,8954.09,9094.04
379.6838014125824,20.0,0.0,28.74,27.49,27.26,,27.26,10.0,8221.65,8954.09,9094.04
380.19646549224854,20.0,0.0,28.79,27.49,27.3,,27.3,10.0,8238.34,8954.09,9094.04
380.6965856552124,20.0,0.0,28.79,27.49,27.3,,27.3,10.0,8238.34,8954.09,9094.04
381.234459400177,20.0,0.0,28.74,27.49,27.3,,27.3,10.0,8221.65,8954.09,9094.04
381.77220129966736,20.0,0.0,28.74,27.49,27.3,,27.3,10.0,8221.65,8954.09,9094.04
382.3157687187195,20.0,0.0,28.79,27.49,27.3,,27.3,10.0,8238.34,8954.09,9094.04
382.81756711006165,20.0,0.0,28.74,27.49,27.3,,27.3,10.0,8238.34,8954.09,9094.04
383.3476538658142,20.0,0.0,28.74,27.49,27.3,,27.3,10.0,8238.34,8954.09,9094.04
383.8277237415314,20.0,0.0,28.74,27.49,27.3,,27.3,10.0,8238.34,8954.09,9094.04
384.2946856021881,20.0,0.0,28.74,27.49,27.3,,27.3,10.0,8238.34,8954.09,9094.04
384.76535630226135,20.0,0.0,28.74,27.49,27.3,,27.3,10.0,8238.34,8954.09,9094.04
385.24288511276245,20.0,0.0,28.74,27.49,27.3,,27.3,10.0,8238.34,8954.09,9094.04
385.72207260131836,20.0,0.0,28.74,27.49,27.3,,27.3,10.0,8238.34,8954.09,9094.04
386.2079963684082,20.0,0.0,28.74,27.49,27.3,,27.3,10.0,8238.34,8954.09,9094.04
386.7080066204071,20.0,0.0,28.74,27.49,27.26,,27.26,10.0,8238.34,8954.09,9107.01
387.20918345451355,20.0,0.0,28.74,27.49,27.26,,27.26,10.0,8238.34,8954.09,9107.01
387.7107367515564,20.0,0.0,28.74,27.49,27.26,,27.26,10.0,8238.34,8954.09,9107.01
388.2113878726959,20.0,0.0,28.74,27.49,27.26,,27.26,10.0,8238.34,8954.09,9107.01
388.7247886657715,20.0,0.0,28.74,27.49,27.26,,27.26,10.0,8238.34,8954.09,9107.01
389.2234420776367,20.0,0.0,28.74,27.49,27.26,,27.26,10.0,8238.34,8954.09,9107.01
389.7239396572113,20.0,0.0,28.74,27.49,27.26,,27.26,10.0,8238.34,8954.09,9094.04
390.224853515625,20.0,0.0,28.74,27.49,27.26,,27.26,10.0,8238.34,8954.09,9107.01
390.72320222854614,20.0,0.0,28.74,27.49,27.26,,27.26,10.0,8238.34,8954.09,9107.01
391.2218704223633,20.0,0.0,28.74,27.49,27.26,,27.26,10.0,8238.34,8954.09,9107.01
391.7324721813202,20.0,0.0,28.74,27.49,27.26,,27.26,10.0,8238.34,8954.09,9107.01
392.21977519989014,20.0,0.0,28.79,27.49,27.26,,27.26,10.0,8238.34,8954.09,9107.01
392.73577332496643,20.0,0.0,28.79,27.49,27.26,,27.26,10.0,8221.65,8954.09,9107.01
393.2341206073761,20.0,0.0,28.74,27.49,27.26,,27.26,10.0,8238.34,8954.09,9107.01
393.7371127605438,20.0,0.0,28.79,27.49,27.26,,27.26,10.0,8238.34,8954.09,9107.01
394.2403631210327,20.0,0.0,28.74,27.49,27.26,,27.26,10.0,8238.34,8954.09,9107.01
394.73444151878357,20.0,0.0,28.79,27.49,27.26,,27.26,10.0,8221.65,8954.09,9107.01
395.23559522628784,20.0,0.0,28.79,27.49,27.26,,27.26,10.0,8221.65,8954.09,9107.01
395.73350262641907,20.0,0.0,28.79,27.49,27.26,,27.26,10.0,8221.65,8954.09,9107.01
396.23117756843567,20.0,0.0,28.79,27.49,27.26,,27.26,10.0,8221.65,8954.09,9107.01
396.7302625179291,20.0,0.0,28.79,27.49,27.26,,27.26,10.0,8221.65,8954.09,9107.01
397.2471568584442,20.0,0.0,28.79,27.49,27.26,,27.26,10.0,8221.65,8954.09,9107.01
397.7432940006256,20.0,0.0,28.79,27.49,27.26,,27.26,10.0,8221.65,8954.09,9107.01
398.2474455833435,20.0,0.0,28.74,27.49,27.26,,27.26,10.0,8238.34,8954.09,9107.01
398.7472882270813,20.0,0.0,28.74,27.49,27.26,,27.26,10.0,8221.65,8954.09,9107.01
399.2484827041626,20.0,0.0,28.79,27.49,27.26,,27.26,10.0,8221.65,8954.09,9107.01
399.7475097179413,20.0,0.0,28.74,27.49,27.26,,27.26,10.0,8238.34,8954.09,9107.01
400.24494767189026,20.0,0.0,28.74,27.49,27.26,,27.26,10.0,8238.34,8954.09,9094.04
400.74397897720337,20.0,0.0,28.74,27.49,27.26,,27.26,10.0,8238.34,8954.09,9107.01
401.25826263427734,20.0,0.0,28.74,27.49,27.26,,27.26,10.0,8238.34,8954.09,9107.01
401.75882744789124,20.0,0.0,28.74,27.49,27.26,,27.26,10.0,8238.34,8966.81,9107.01
402.25873351097107,20.0,0.0,28.74,27.49,27.26,,27.26,10.0,8238.34,8954.09,9107.01
402.74706387519836,20.0,0.0,28.74,27.49,27.3,,27.3,10.0,8238.34,8954.09,9094.04
403.24974513053894,20.0,0.0,28.74,27.49,27.26,,27.26,10.0,8238.34,8954.09,9094.04
403.7654604911804,20.0,0.0,28.74,27.49,27.3,,27.3,10.0,8238.34,8954.09,9094.04
404.26180243492126,20.0,0.0,28.74,27.49,27.26,,27.26,10.0,8238.34,8954.09,9094.04
404.7629234790802,20.0,0.0,28.74,27.49,27.3,,27.3,10.0,8238.34,8954.09,9107.01
405.2595386505127,20.0,0.0,28.79,27.49,27.26,,27.26,10.0,8221.65,8954.09,9094.04
405.7567403316498,20.0,0.0,28.79,27.49,27.26,,27.26,10.0,8221.65,8954.09,9094.04
406.2726411819458,20.0,0.0,28.74,27.45,27.3,,27.3,10.0,8221.65,8954.09,9107.01
406.77256417274475,20.0,0.0,28.79,27.49,27.3,,27.3,10.0,8221.65,8966.81,9094.04
407.2706370353699,20.0,0.0,28.79,27.45,27.3,,27.3,10.0,8221.65,8954.09,9094.04
407.76762413978577,20.0,0.0,28.79,27.49,27.26,,27.26,10.0,8221.65,8954.09,9094.04
408.27078008651733,20.0,0.0,28.79,27.49,27.26,,27.26,10.0,8221.65,8954.09,9107.01
408.7675585746765,20.0,0.0,28.79,27.49,27.26,,27.26,10.0,8221.65,8966.81,9107.01
409.2650101184845,20.0,0.0,28.79,27.49,27.26,,27.26,10.0,8221.65,8954.09,9094.04
409.7682738304138,20.0,0.0,28.79,27.49,27.26,,27.26,10.0,8221.65,8954.09,9107.01
410.28179907798767,20.0,0.0,28.79,27.49,27.26,,27.26,10.0,8221.65,8954.09,9107.01
410.7807197570801,20.0,0.0,28.79,27.49,27.26,,27.26,10.0,8221.65,8954.09,9107.01
411.28188824653625,20.0,0.0,28.79,27.49,27.26,,27.26,10.0,8221.65,8954.09,9107.01
411.77900290489197,20.0,0.0,28.79,27.49,27.26,,27.26,10.0,8221.65,8954.09,9107.01
412.2814893722534,20.0,0.0,28.79,27.45,27.26,,27.26,10.0,8221.65,8954.09,9107.01
412.7797667980194,20.0,0.0,28.79,27.49,27.26,,27.26,10.0,8221.65,8966.81,9107.01
413.2773883342743,20.0,0.0,28.79,27.49,27.26,,27.26,10.0,8221.65,8966.81,9107.01
413.7910852432251,20.0,0.0,28.79,27.49,27.26,,27.26,10.0,8221.65,8954.09,9107.01
414.2898690700531,20.0,0.0,28.79,27.49,27.26,,27.26,10.0,8221.65,8954.09,9107.01
414.78545451164246,20.0,0.0,28.79,27.49,27.26,,27.26,10.0,8221.65,8954.09,9107.01
415.28337144851685,20.0,0.0,28.79,27.49,27.26,,27.26,10.0,8221.65,8954.09,9107.01
415.79818296432495,20.0,0.0,28.79,27.49,27.26,,27.26,10.0,8221.65,8954.09,9107.01
416.2958736419678,20.0,0.0,28.79,27.49,27.26,,27.26,10.0,8221.65,8954.09,9107.01
416.796923160553,20.0,0.0,28.79,27.49,27.26,,27.26,10.0,8221.65,8954.09,9107.01
417.2977933883667,20.0,0.0,28.79,27.49,27.26,,27.26,10.0,8221.65,8954.09,9107.01
417.7966887950897,20.0,0.0,28.79,27.49,27.26,,27.26,10.0,8221.65,8954.09,9107.01
418.2956635951996,20.0,0.0,28.79,27.49,27.26,,27.26,10.0,8221.65,8954.09,9107.01
418.79546546936035,20.0,0.0,28.79,27.49,27.26,,27.26,10.0,8221.65,8954.09,9107.01
419.29733419418335,20.0,0.0,28.79,27.49,27.26,,27.26,10.0,8221.65,8954.09,9107.01
419.7969250679016,20.0,0.0,28.79,27.49,27.26,,27.26,10.0,8221.65,8954.09,9107.01
420.2959806919098,20.0,0.0,28.79,27.49,27.26,,27.26,10.0,8221.65,8954.09,9107.01
420.80648612976074,20.0,0.0,28.79,27.49,27.26,,27.26,10.0,8221.65,8954.09,9107.01
421.3068583011627,20.0,0.0,28.79,27.49,27.26,,27.26,10.0,8221.65,8954.09,9107.01
421.80512857437134,20.0,0.0,28.79,27.49,27.26,,27.26,10.0,8221.65,8954.09,9107.01
422.30303931236267,20.0,0.0,28.79,27.49,27.26,,27.26,10.0,8221.65,8954.09,9107.01
422.80040550231934,20.0,0.0,28.79,27.49,27.26,,27.26,10.0,8221.65,8954.09,9107.01
423.3141677379608,20.0,0.0,28.79,27.49,27.26,,27.26,10.0,8221.65,8954.09,9107.01
423.81266474723816,20.0,0.0,28.79,27.49,27.26,,27.26,10.0,8221.65,8954.09,9107.01
424.3134536743164,20.0,0.0,28.79,27.49,27.26,,27.26,10.0,8221.65,8954.09,9107.01
424.812059879303,20.0,0.0,28.79,27.49,27.26,,27.26,10.0,8221.65,8954.09,9107.01
425.3079707622528,20.0,0.0,28.79,27.49,27.26,,27.26,10.0,8221.65,8954.09,9107.01
425.80988216400146,20.0,0.0,28.79,27.49,27.26,,27.26,10.0,8221.65,8954.09,9107.01
426.312123298645,20.0,0.0,28.79,27.49,27.26,,27.26,10.0,8221.65,8954.09,9107.01
426.8244512081146,20.0,0.0,28.79,27.49,27.26,,27.26,10.0,8221.65,8954.09,9107.01
427.32291173934937,20.0,0.0,28.79,27.49,27.26,,27.26,10.0,8221.65,8954.09,9107.01
427.8226351737976,20.0,0.0,28.79,27.49,27.26,,27.26,10.0,8221.65,8954.09,9107.01
428.3237814903259,20.0,0.0,28.79,27.49,27.26,,27.26,10.0,8221.65,8954.09,9107.01
428.82363629341125,20.0,0.0,28.79,27.49,27.26,,27.26,10.0,8221.65,8954.09,9107.01
429.32367992401123,20.0,0.0,28.79,27.49,27.26,,27.26,10.0,8221.65,8954.09,9107.01
429.82287406921387,20.0,0.0,28.79,27.49,27.26,,27.26,10.0,8221.65,8954.09,9107.01
430.323472738266,20.0,0.0,28.79,27.49,27.26,,27.26,10.0,8221.65,8954.09,9107.01
430.8245153427124,20.0,0.0,28.79,27.49,27.26,,27.26,10.0,8221.65,8954.09,9107.01
431.32451486587524,20.0,0.0,28.79,27.49,27.26,,27.26,10.0,8221.65,8954.09,9107.01
431.83614230155945,20.0,0.0,28.79,27.49,27.26,,27.26,10.0,8221.65,8954.09,9107.01
432.3353545665741,20.0,0.0,28.79,27.49,27.26,,27.26,10.0,8221.65,8954.09,9107.01
432.8363597393036,20.0,0.0,28.79,27.49,27.26,,27.26,10.0,8221.65,8954.09,9107.01
433.333943605423,20.0,0.0,28.79,27.49,27.26,,27.26,10.0,8221.65,8954.09,9107.01
433.83479380607605,20.0,0.0,28.79,27.49,27.26,,27.26,10.0,8221.65,8954.09,9107.01
434.33286571502686,20.0,0.0,28.79,27.49,27.26,,27.26,10.0,8221.65,8954.09,9107.01
434.8470597267151,20.0,0.0,28.79,27.49,27.26,,27.26,10.0,8221.65,8954.09,9107.01
435.34677028656006,20.0,0.0,28.79,27.49,27.26,,27.26,10.0,8221.65,8954.09,9107.01
435.8449831008911,20.0,0.0,28.79,27.49,27.26,,27.26,10.0,8221.65,8954.09,9107.01
436.3444290161133,20.0,0.0,28.79,27.49,27.26,,27.26,10.0,8221.65,8954.09,9107.01
436.8450710773468,20.0,0.0,28.79,27.49,27.26,,27.26,10.0,8221.65,8954.09,9107.01
437.3428008556366,20.0,0.0,28.79,27.49,27.26,,27.26,10.0,8221.65,8954.09,9107.01
437.841979265213,20.0,0.0,28.79,27.49,27.26,,27.26,10.0,8221.65,8954.09,9107.01
438.35474133491516,20.0,0.0,28.79,27.49,27.26,,27.26,10.0,8221.65,8954.09,9107.01
438.85605812072754,20.0,0.0,28.79,27.49,27.26,,27.26,10.0,8221.65,8954.09,9107.01
439.3558416366577,20.0,0.0,28.79,27.49,27.26,,27.26,10.0,8221.65,8954.09,9107.01
439.855575799942,20.0,0.0,28.79,27.49,27.26,,27.26,10.0,8221.65,8954.09,9107.01
440.352130651474,20.0,0.0,28.79,27.45,27.26,,27.26,10.0,8221.65,8966.81,9107.01
440.85280680656433,20.0,0.0,28.79,27.49,27.26,,27.26,10.0,8221.65,8966.81,9107.01
441.35105776786804,20.0,0.0,28.79,27.45,27.26,,27.26,10.0,8221.65,8954.09,9107.01
441.8641052246094,20.0,0.0,28.79,27.49,27.26,,27.26,10.0,8221.65,8966.81,9107.01
442.3611559867859,20.0,0.0,28.79,27.45,27.26,,27.26,10.0,8221.65,8966.81,9107.01
442.86210775375366,20.0,0.0,28.79,27.49,27.26,,27.26,10.0,8221.65,8954.09,9107.01
443.35942339897156,20.0,0.0,28.79,27.49,27.26,,27.26,10.0,8221.65,8954.09,9107.01
443.86186242103577,20.0,0.0,28.79,27.49,27.26,,27.26,10.0,8221.65,8954.09,9107.01
444.3601109981537,20.0,0.0,28.79,27.45,27.26,,27.26,10.0,8221.65,8966.81,9107.01
444.87385606765747,20.0,0.0,28.79,27.49,27.26,,27.26,10.0,8221.65,8954.09,9107.01
445.37518405914307,20.0,0.0,28.79,27.49,27.26,,27.26,10.0,8221.65,8954.09,9107.01
445.8715500831604,20.0,0.0,28.79,27.45,27.26,,27.26,10.0,8221.65,8954.09,9107.01
446.37042593955994,20.0,0.0,28.79,27.49,27.26,,27.26,10.0,8221.65,8954.09,9107.01
446.87104511260986,20.0,0.0,28.79,27.45,27.26,,27.26,10.0,8221.65,8954.09,9107.01
447.37394642829895,20.0,0.0,28.79,27.49,27.26,,27.26,10.0,8221.65,8954.09,9107.01
447.87272119522095,20.0,0.0,28.79,27.45,27.26,,27.26,10.0,8221.65,8966.81,9107.01
448.3718900680542,20.0,0.0,28.79,27.49,27.26,,27.26,10.0,8221.65,8966.81,9107.01
448.87095499038696,20.0,0.0,28.79,27.45,27.26,,27.26,10.0,8221.65,8954.09,9107.01
449.3861954212189,20.0,0.0,28.79,27.49,27.26,,27.26,10.0,8221.65,8954.09,9107.01
449.8718342781067,20.0,0.0,28.79,27.45,27.26,,27.26,10.0,8221.65,8966.81,9107.01
450.3861503601074,20.0,0.0,28.79,27.49,27.26,,27.26,10.0,8221.65,8954.09,9107.01
450.8853943347931,20.0,0.0,28.79,27.49,27.26,,27.26,10.0,8221.65,8954.09,9107.01
451.38407492637634,20.0,0.0,28.79,27.49,27.26,,27.26,10.0,8221.65,8954.09,9107.01
451.8834705352783,20.0,0.0,28.79,27.49,27.26,,27.26,10.0,8221.65,8954.09,9107.01
452.3819193840027,20.0,0.0,28.79,27.49,27.26,,27.26,10.0,8221.65,8954.09,9107.01
452.89446091651917,20.0,0.0,28.79,27.49,27.26,,27.26,10.0,8221.65,8954.09,9107.01
453.3952350616455,20.0,0.0,28.79,27.49,27.26,,27.26,10.0,8221.65,8954.09,9107.01
453.89368772506714,20.0,0.0,28.79,27.49,27.26,,27.26,10.0,8221.65,8954.09,9107.01
454.39099740982056,20.0,0.0,28.79,27.49,27.26,,27.26,10.0,8221.65,8954.09,9107.01
454.89206433296204,20.0,0.0,28.79,27.49,27.26,,27.26,10.0,8221.65,8954.09,9107.01
455.3914728164673,20.0,0.0,28.79,27.49,27.26,,27.26,10.0,8221.65,8954.09,9107.01
455.8920829296112,20.0,0.0,28.79,27.49,27.26,,27.26,10.0,8221.65,8954.09,9107.01
456.404767036438,20.0,0.0,28.79,27.49,27.26,,27.26,10.0,8221.65,8954.09,9107.01
456.9019021987915,20.0,0.0,28.79,27.49,27.26,,27.26,10.0,8221.65,8954.09,9107.01
457.401006937027,20.0,0.0,28.79,27.49,27.26,,27.26,10.0,8221.65,8954.09,9107.01
457.900066614151,20.0,0.0,28.79,27.49,27.26,,27.26,10.0,8221.65,8954.09,9107.01
458.39942502975464,20.0,0.0,28.79,27.49,27.26,,27.26,10.0,8221.65,8954.09,9107.01
458.89719009399414,20.0,0.0,28.79,27.49,27.26,,27.26,10.0,8221.65,8954.09,9107.01
459.3990581035614,20.0,0.0,28.79,27.49,27.26,,27.26,10.0,8221.65,8954.09,9107.01
459.91415762901306,20.0,0.0,28.79,27.49,27.26,,27.26,10.0,8221.65,8954.09,9107.01
460.41156554222107,20.0,0.0,28.79,27.49,27.26,,27.26,10.0,8221.65,8954.09,9107.01
460.9119162559509,20.0,0.0,28.79,27.49,27.26,,27.26,10.0,8221.65,8954.09,9107.01
461.41102862358093,20.0,0.0,28.79,27.45,27.26,,27.26,10.0,8221.65,8954.09,9107.01
461.90815234184265,20.0,0.0,28.79,27.49,27.26,,27.26,10.0,8221.65,8954.09,9107.01
462.40887117385864,20.0,0.0,28.79,27.49,27.26,,27.26,10.0,8221.65,8954.09,9107.01
462.9097902774811,20.0,0.0,28.79,27.49,27.26,,27.26,10.0,8221.65,8954.09,9107.01
463.422874212265,20.0,0.0,28.79,27.49,27.26,,27.26,10.0,8221.65,8954.09,9107.01
463.92255544662476,20.0,0.0,28.79,27.49,27.26,,27.26,10.0,8221.65,8954.09,9107.01
464.42066502571106,20.0,0.0,28.79,27.45,27.26,,27.26,10.0,8221.65,8954.09,9107.01
464.9239203929901,20.0,0.0,28.79,27.49,27.26,,27.26,10.0,8221.65,8966.81,9107.01
465.4201421737671,20.0,0.0,28.79,27.49,27.26,,27.26,10.0,8221.65,8954.09,9107.01
465.92182970046997,20.0,0.0,28.79,27.49,27.26,,27.26,10.0,8221.65,8966.81,9107.01
466.41763257980347,20.0,0.0,28.79,27.49,27.26,,27.26,10.0,8221.65,8954.09,9107.01
466.92791724205017,20.0,0.0,28.79,27.49,27.26,,27.26,10.0,8221.65,8954.09,9107.01
467.427987575531,20.0,0.0,28.79,27.49,27.26,,27.26,10.0,8221.65,8954.09,9107.01
467.9273941516876,20.0,0.0,28.79,27.45,27.26,,27.26,10.0,8238.34,8966.81,9107.01
468.4274392127991,20.0,0.0,28.79,27.49,27.26,,27.26,10.0,8238.34,8954.09,9107.01
468.92429971694946,20.0,0.0,28.79,27.49,27.26,,27.26,10.0,8221.65,8954.09,9107.01
469.4241313934326,20.0,0.0,28.79,27.49,27.26,,27.26,10.0,8221.65,8954.09,9107.01
469.9257309436798,20.0,0.0,28.79,27.49,27.26,,27.26,10.0,8221.65,8954.09,9107.01
470.4253580570221,20.0,0.0,28.79,27.45,27.26,,27.26,10.0,8221.65,8966.81,9107.01
470.94145584106445,20.0,0.0,28.79,27.45,27.23,,27.23,10.0,8221.65,8966.81,9107.01
471.4391601085663,20.0,0.0,28.79,27.45,27.23,,27.23,10.0,8221.65,8966.81,9120.0
471.94235157966614,20.0,0.0,28.79,27.49,27.23,,27.23,10.0,8221.65,8966.81,9120.0
472.43986225128174,20.0,0.0,28.79,27.45,27.23,,27.23,10.0,8221.65,8966.81,9120.0
472.939373254776,20.0,0.0,28.79,27.45,27.23,,27.23,10.0,8221.65,8966.81,9120.0
473.44002747535706,20.0,0.0,28.74,27.45,27.23,,27.23,10.0,8238.34,8966.81,9120.0
473.9424035549164,20.0,0.0,28.74,27.45,27.23,,27.23,10.0,8238.34,8966.81,9120.0
474.4428951740265,20.0,0.0,28.79,27.45,27.23,,27.23,10.0,8238.34,8966.81,9120.0
474.9396617412567,20.0,0.0,28.74,27.45,27.23,,27.23,10.0,8238.34,8966.81,9120.0
475.4482088088989,20.0,0.0,28.74,27.45,27.23,,27.23,10.0,8238.34,8966.81,9120.0
475.9374439716339,20.0,0.0,28.74,27.45,27.23,,27.23,10.0,8238.34,8966.81,9120.0
476.4516661167145,20.0,0.0,28.74,27.45,27.23,,27.23,10.0,8238.34,8966.81,9120.0
476.9558231830597,20.0,0.0,28.79,27.45,27.23,,27.23,10.0,8238.34,8966.81,9120.0
477.4525077342987,20.0,0.0,28.79,27.45,27.26,,27.26,10.0,8221.65,8966.81,9107.01
477.9502422809601,20.0,0.0,28.79,27.45,27.26,,27.26,10.0,8221.65,8966.81,9107.01
478.44458508491516,20.0,0.0,28.79,27.45,27.26,,27.26,10.0,8221.65,8966.81,9107.01
478.9506890773773,20.0,0.0,28.79,27.45,27.26,,27.26,10.0,8221.65,8966.81,9107.01
479.45102190971375,20.0,0.0,28.79,27.45,27.26,,27.26,10.0,8238.34,8966.81,9107.01
479.96719336509705,20.0,0.0,28.79,27.45,27.26,,27.26,10.0,8238.34,8966.81,9107.01
480.4649727344513,20.0,0.0,28.79,27.45,27.26,,27.26,10.0,8221.65,8966.81,9107.01
480.9629590511322,20.0,0.0,28.74,27.45,27.23,,27.23,10.0,8221.65,8966.81,9107.01
481.46012926101685,20.0,0.0,28.79,27.45,27.26,,27.26,10.0,8221.65,8966.81,9107.01
481.9601511955261,20.0,0.0,28.79,27.45,27.26,,27.26,10.0,8221.65,8966.81,9107.01
482.45810317993164,20.0,0.0,28.74,27.45,27.23,,27.23,10.0,8238.34,8966.81,9107.01
482.9590826034546,20.0,0.0,28.79,27.45,27.26,,27.26,10.0,8221.65,8966.81,9107.01
483.46895599365234,20.0,0.0,28.79,27.45,27.26,,27.26,10.0,8238.34,8966.81,9107.01
483.9700553417206,20.0,0.0,28.74,27.45,27.23,,27.23,10.0,8238.34,8966.81,9107.01
