time,sortie
0,23
3.15544362088405e-30,23.0007758413788
3.12035581553985e-06,23.0030748938793
1.87221348932391e-05,23.0068542840044
9.67310302817354e-05,23.0120693032356
0.000486775507224217,23.0186762531803
0.00243699789193662,23.0266324252184
0.0121881098154987,23.0358960805304
0.0609436694333088,23.0464264305065
0.238553478851474,23.0581836175269
0.5,23.0711286961079
1,23.0852236144071
1.5,23.1004311960805
2,23.1167151224859
2.5,23.1340399152254
3,23.1523709190209
3.5,23.1716742849177
4,23.1919169538079
4.5,23.2130666402695
5,23.2350918167158
5.5,23.2579616978467
6,23.2816462253997
6.5,23.3061160531924
7,23.3313425324532
7.5,23.3572976974329
8,23.3839542512937
8.5,23.4112855522695
9,23.4392656000932
9.5,23.4678690226848
10,23.4970710630973
10.5,23.5268475667139
11,23.5571749686932
11.5,23.5880302816569
12,23.6193910836157
12.5,23.6512355061294
13,23.6835422226966
13.5,23.7162904373694
14,23.7494598735894
14.5,23.7830307632408
15,23.8169838359164
15.5,23.8513003083926
16,23.8859618743097
16.5,23.9209506940533
17,23.9562493848332
17.5,23.9918410109568
18,24.0277090742921
18.5,24.0638375049177
19,24.1002106519559
19.5,24.136813274586
20,24.1736305332337
20.5,24.2106479809337
21,24.2478515548623
21.5,24.2852275680369
22,24.3227627011787
22.5,24.3604439947365
23,24.3982588410674
23.5,24.436194976773
24,24.4742404751861
24.5,24.5123837390073
25,24.5506134930869
25.5,24.588918777351
26,24.6272889398667
26.5,24.6657136300471
27,24.7041827919899
27.5,24.7426866579502
28,24.7812157419428
28.5,24.8197608334724
29,24.8583129913895
29.5,24.8968635378694
30,24.9354040525113
30.5,24.9739263665565
31,25.0124225572229
31.5,25.0508849421525
32,25.0893060739719
32.5,25.127678734962
33,25.1659959318349
33.5,25.2042508906174
34,25.2424370516369
34.5,25.2805480646102
35,25.3185777838304
35.5,25.3565202634531
36,25.3943697528779
36.5,25.4321206922231
37,25.4697677078946
37.5,25.5073056082431
38,25.5447293793122
38.5,25.5820341806718
39,25.6192153413382
39.5,25.6562683557772
40,25.6931888799896
40.5,25.7299727276777
41,25.7666158664901
41.5,25.8031144143446
42,25.8394646358271
42.5,25.8756629386644
43,25.9117058702714
43.5,25.9475901143687
44,25.9833124876713
44.5,26.0188699366461
45,26.0542595343373
45.5,26.0894784772575
46,26.1245240823443
46.5,26.159393783981
47,26.1940851310791
47.5,26.2285957842227
48,26.2629235128728
48.5,26.2970661926309
49,26.3310218025596
49.5,26.3647884225614
50,26.3983642308113
50.5,26.4317475012454
51,26.464936601102
51.5,26.4979299885157
52,26.5307262101624
52.5,26.5633238989553
53,26.5957217717892
53.5,26.6279186273348
54,26.6599133438786
54.5,26.6917048772111
55,26.7232922585594
55.5,26.7546745925649
56,26.785851055305
56.5,26.8168208923575
57,26.8475834169075
57.5,26.8781380078949
58,26.908484108203
58.5,26.9386212228867
59,26.9685489174392
59.5,26.9982668160971
60,27.027774600183
60.5,27.0570720064841
61,27.0861588256673
61.5,27.1150349007293
62,27.1437001254808
62.5,27.1721544430651
63,27.2003978445092
63.5,27.2284303673075
64,27.2562520940375
64.5,27.2838631510068
65,27.3112637069295
65.5,27.3384539716341
66,27.3654341947993
66.5,27.3922046647196
67,27.4187657070982
67.5,27.4451176838677
68,27.4712609920384
68.5,27.4971960625719
69,27.5229233592817
69.5,27.5484433777585
70,27.5737566443207
70.5,27.5988637149892
71,27.6237651744857
71.5,27.6484616352554
72,27.6729537365112
72.5,27.6972421433013
73,27.7213275455989
73.5,27.7452106574122
74,27.7688922159171
74.5,27.7923729806093
75,27.8156537324772
75.5,27.8387352731943
76,27.8616184243316
76.5,27.884304026588
77,27.9067929390399
77.5,27.9290860384094
78,27.9511842183494
78.5,27.9730883887465
79,27.9947994750418
79.5,28.0163184175668
80,28.0376461708975
80.5,28.058783703223
81,28.0797319957309
81.5,28.1004920420072
82,28.1210648474522
82.5,28.14145142871
83,28.1616528131138
83.5,28.1816700381437
84,28.2015041508997
84.5,28.2211562075875
85,28.2406272730177
85.5,28.259918420118
86,28.2790307294581
86.5,28.2979652887865
87,28.3167231925804
87.5,28.3353055416068
88,28.353713442495
88.5,28.3719480073211
89,28.3900103532037
89.5,28.4079016019091
90,28.4256228794694
90.5,28.4431753158088
91,28.4605600443817
91.5,28.4777782018196
92,28.4948309275888
92.5,28.5117193636569
93,28.5284446541685
93.5,28.5450079451311
94,28.5614103841082
94.5,28.5776531199231
95,28.5937373023695
95.5,28.6096640819313
96,28.6254346095107
96.5,28.6410500361636
97,28.6565115128433
97.5,28.6718201901518
98,28.6869772180984
98.5,28.7019837458653
99,28.716840921581
99.5,28.7315498921002
100,28.7461118027903
100.5,28.7605277973251
101,28.7747990174846
101.5,28.7889266029612
102,28.8029116911721
102.5,28.816755417078
103,28.8304589130073
103.5,28.844023308486
104,28.8574497300742
104.5,28.8707393012069
105,28.8838931420409
105.5,28.8969123693065
106,28.9097980961652
106.5,28.922551432071
107,28.9351734826382
107.5,28.9476653495126
108,28.9600281302483
108.5,28.9722629181884
109,28.9843708023507
109.5,28.9963528673175
110,29.0082101931295
110.5,29.0199438551837
111,29.0315549241363
111.5,29.043044465808
112,29.0544135410946
112.5,29.0656632058802
113,29.0767945109551
113.5,29.0878085019362
114,29.0987062191916
114.5,29.1094886977683
115,29.1201569673235
115.5,29.1307120520588
116,29.1411549706572
116.5,29.1514867362245
117,29.1617083562319
117.5,29.1718208324628
118,29.181825160962
118.5,29.1917223319876
119,29.2015133299659
119.5,29.2111991334482
120,29.220780715071
120.5,29.2302590415184
121,29.2396350734864
121.5,29.2489097656505
122,29.2580840666347
122.5,29.2671589189832
123,29.2761352591345
123.5,29.2850140173966
124,29.2937961179258
124.5,29.3024824787058
125,29.3110740115303
125.5,29.3195716219865
126,29.3279762094405
126.5,29.3362886670251
127,29.3445098816286
127.5,29.3526407338858
128,29.3606820981707
128.5,29.3686348425899
129,29.376499828979
129.5,29.3842779128992
130,29.3919699436358
130.5,29.3995767641987
131,29.4070992113233
131.5,29.4145381154733
132,29.4218943008446
132.5,29.429168585371
133,29.4363617807299
133.5,29.4434746923506
134,29.4505081194227
134.5,29.4574628549059
135,29.4643396855412
135.5,29.471139391863
136,29.4778627482116
136.5,29.4845105227474
137,29.491083477466
137.5,29.4975823682137
138,29.5040079447042
138.5,29.5103609505363
139,29.5166421232121
139.5,29.5228521941563
140,29.5289918887357
140.5,29.5350619262805
141,29.5410630201048
141.5,29.5469958775294
142,29.552861199904
142.5,29.5586596826307
143,29.564392015188
143.5,29.5700588811549
144,29.5756609582367
144.5,29.5811989182899
145,29.5866734273489
145.5,29.5920851456521
146,29.5974347276697
146.5,29.6027228221305
147,29.6079500720505
147.5,29.6131171147613
148,29.6182245819385
148.5,29.6232730996315
149,29.6282632882925
149.5,29.633195762807
150,29.6380711325238
150.5,29.6428900012854
151,29.6476529674591
151.5,29.6523606239684
152,29.6570135583238
152.5,29.6616123526551
153,29.6661575837429
153.5,29.6706498230512
154,29.6750896367591
154.5,29.6794775857941
155,29.6838142258642
155.5,29.6881001074913
156,29.6923357760439
156.5,29.6965217717707
157,29.7006586298335
157.5,29.704746880341
158,29.7087870483826
158.5,29.7127796540614
159,29.7167252125287
159.5,29.7206242340175
160,29.7244772238765
160.5,29.7282846826043
161,29.7320471058831
161.5,29.7357649846132
162,29.7394388049469
162.5,29.7430690483228
163,29.7466561914998
163.5,29.7502007065915
164,29.7537030611003
164.5,29.7571637179518
165,29.7605831355287
165.5,29.7639617677051
166,29.7673000638806
166.5,29.7705984690147
167,29.7738574236603
167.5,29.7770773639983
168,29.7802587218713
168.5,29.7834019248174
169,29.7865073961046
169.5,29.7895755547637
170,29.792606815623
170.5,29.7956015893411
171,29.798560282441
171.5,29.8014832973434
172,29.8043710323999
172.5,29.8072238819266
173,29.8100422362369
173.5,29.8128264816749
174,29.815577000648
174.5,29.8182941716603
175,29.8209783693445
175.5,29.8236299644954
176,29.8262493241016
176.5,29.8288368113782
177,29.8313927857992
177.5,29.8339176031291
178,29.8364116154552
178.5,29.8388751712192
179,29.8413086152492
179.5,29.8437122887905
180,29.8460865295377
180.5,29.8484316716655
181,29.8507480458598
181.5,29.8530359793487
182,29.8552957959332
182.5,29.8575278160175
183,29.85973235664
183.5,29.8619097315029
184,29.8640602510028
184.5,29.8661842222602
185,29.8682819491496
185.5,29.8703537323287
186,29.8723998692683
186.5,29.874420654281
187,29.8764163785505
187.5,29.8783873301607
188,29.8803337941239
188.5,29.8822560524098
189,29.8841543839734
189.5,29.8860290647837
190,29.887880367851
190.5,29.8897085632556
191,29.8915139181743
191.5,29.8932966969089
192,29.8950571609129
192.5,29.8967955688185
193,29.8985121764637
193.5,29.9002072369191
194,29.9018810005141
194.5,29.9035337148634
195,29.9051656248933
195.5,29.9067769728672
196,29.9083679984118
196.5,29.9099389385428
197,29.9114900276896
197.5,29.9130214977212
198,29.9145335779709
198.5,29.9160264952614
199,29.917500473929
199.5,29.9189557358486
200,29.9203925004575
200.5,29.9218109847799
201,29.9232114034504
201.5,29.9245939687383
202,29.9259588905703
202.5,29.9273063765549
203,29.9286366320045
203.5,29.9299498599593
204,29.9312462612095
204.5,29.9325260343181
205,29.9337893756435
205.5,29.9350364793615
206,29.9362675374875
206.5,29.9374827398984
207,29.9386822743543
207.5,29.9398663265201
208,29.9410350799867
208.5,29.9421887162921
209,29.9433274149428
209.5,29.9444513534343
210,29.9455607072718
210.5,29.9466556499907
211,29.9477363531767
211.5,29.9488029864863
212,29.9498557176665
212.5,29.9508947125745
213,29.9519201351975
213.5,29.9529321476721
214,29.9539309103032
214.5,29.9549165815836
215,29.9558893182128
215.5,29.9568492751153
216,29.95779660546
216.5,29.9587314606776
217,29.9596539904799
217.5,29.9605643428771
218,29.9614626641961
218.5,29.9623490990982
219,29.9632237905966
219.5,29.9640868800741
220,29.9649385072999
220.5,29.9657788104474
221,29.9666079261105
221.5,29.9674259893208
222,29.9682331335642
222.5,29.9690294907972
223,29.9698151914635
223.5,29.9705903645101
224,29.9713551374032
224.5,29.9721096361444
225,29.972853985286
225.5,29.9735883079471
226,29.9743127258284
226.5,29.9750273592283
227,29.9757323270573
227.5,29.9764277468534
228,29.9771137347969
228.5,29.9777904057251
229,29.9784578731469
229.5,29.979116249257
230,29.9797656449506
230.5,29.9804061698372
231,29.9810379322549
231.5,29.9816610392841
232,29.9822755967611
232.5,29.9828817092922
233,29.9834794802667
233.5,29.9840690118703
234,29.9846504050987
234.5,29.9852237597702
235,29.9857891745388
235.5,29.9863467469073
236,29.9868965732396
236.5,29.9874387487735
237,29.987973367633
237.5,29.9885005228409
238,29.9890203063305
238.5,29.9895328089581
239,29.9900381205149
239.5,29.9905363297386
240,29.9910275243253
240.5,29.991511790941
241,29.9919892152331
241.5,29.9924598818419
242,29.9929238744115
242.5,29.9933812756012
243,29.9938321670965
243.5,29.9942766296199
244,29.9947147429416
244.5,29.9951465858905
245,29.9955722363645
245.5,29.9959917713409
246,29.9964052668868
246.5,29.9968127981698
247,29.9972144394673
247.5,29.9976102641771
248,29.9980003448274
248.5,29.9983847530861
249,29.998763559771
249.5,29.9991368348593
250,29.9995046474968
250.5,29.9998670660078
251,30.0002241579043
251.5,30.0005759898947
252,30.0009226278938
252.5,30.0012641370311
253,30.00160058166
253.5,30.0019320253667
254,30.0022585309788
254.5,30.0025801605741
255,30.002896975489
255.5,30.003209036327
256,30.0035164029673
256.5,30.0038191345727
257,30.0041172895982
257.5,30.0044109257986
258,30.0047001002372
258.5,30.004984869293
259,30.0052652886693
259.5,30.0055414134008
260,30.0058132978618
260.5,30.0060809957732
261,30.0063445602109
261.5,30.0066040436123
262,30.0068594977842
262.5,30.0071109739102
263,30.0073585225573
263.5,30.0076021936836
264,30.007842036645
264.5,30.0080781002025
265,30.0083104325286
265.5,30.0085390812145
266,30.0087640932769
266.5,30.0089855151641
267,30.0092033927634
267.5,30.009417771407
268,30.0096286958787
268.5,30.0098362104202
269,30.0100403587375
269.5,30.0102411840071
270,30.010438728882
270.5,30.0106330354981
271,30.0108241454802
271.5,30.0110120999475
272,30.0111969395202
272.5,30.0113787043249
273,30.0115574340004
273.5,30.0117331677035
274,30.0119059441145
274.5,30.0120758014433
275,30.012242777434
275.5,30.0124069093712
276,30.0125682340849
276.5,30.0127267879563
277,30.0128826069224
277.5,30.0130357264819
278,30.0131861816998
278.5,30.013334007213
279,30.0134792372349
279.5,30.0136219055609
280,30.0137620455727
280.5,30.0138996902435
281,30.0140348721432
281.5,30.0141676234424
282,30.0142979759176
282.5,30.0144259609559
283,30.0145516095593
283.5,30.0146749523495
284,30.0147960195723
284.5,30.0149148411021
285,30.0150314464462
285.5,30.0151458647494
286,30.0152581247981
286.5,30.0153682550243
287,30.0154762835106
287.5,30.0155822379933
288,30.0156861458675
288.5,30.0157880341905
289,30.0158879296861
289.5,30.0159858587485
290,30.0160818474462
290.5,30.0161759215261
291,30.0162681064169
291.5,30.0163584272334
292,30.0164469087797
292.5,30.0165335755534
293,30.0166184517491
293.5,30.0167015612619
294,30.016782927691
294.5,30.0168625743435
295,30.0169405242376
295.5,30.017016800106
296,30.0170914243998
296.5,30.0171644192913
297,30.0172358066778
297.5,30.0173056081844
298,30.0173738451679
298.5,30.0174405387194
299,30.017505709668
299.5,30.0175693785836
300,30.0176315657801
300.5,30.0176922913187
301,30.0177515750105
301.5,30.01780943642
302,30.0178658948677
302.5,30.0179209694332
303,30.0179746789581
303.5,30.0180270420487
304,30.0180780770794
304.5,30.0181278021946
305,30.0181762353122
305.5,30.018223394126
306,30.0182692961087
306.5,30.0183139585142
307,30.0183573983804
307.5,30.0183996325319
308,30.0184406775826
308.5,30.0184805499379
309,30.0185192657978
309.5,30.0185568411589
310,30.0185932918171
310.5,30.0186286333699
311,30.0186628812189
311.5,30.0186960505723
312,30.0187281564471
312.5,30.0187592136711
313,30.0187892368859
313.5,30.0188182405487
314,30.0188462389345
314.5,30.0188732461386
315,30.0188992760786
315.5,30.0189243424964
316,30.018948458961
316.5,30.0189716388696
317,30.0189938954506
317.5,30.0190152417652
318,30.0190356907094
318.5,30.0190552550164
319,30.0190739472582
319.5,30.0190917798476
320,30.0191087650404
320.5,30.0191249149371
321,30.0191402414849
321.5,30.0191547564795
322,30.0191684715669
322.5,30.0191813982455
323,30.0191935478677
323.5,30.0192049316416
324,30.0192155606329
324.5,30.0192254457667
325,30.0192345978291
325.5,30.0192430274689
326,30.0192507451995
326.5,30.0192577614002
327,30.0192640863181
327.5,30.0192697300699
328,30.0192747026428
328.5,30.019279013897
329,30.0192826735666
329.5,30.0192856912613
330,30.0192880764682
330.5,30.019289838553
331,30.0192909867616
331.5,30.0192915302215
332,30.0192914779435
332.5,30.0192908388228
333,30.0192896216407
333.5,30.0192878350659
334,30.0192854876558
334.5,30.019282587858
335,30.0192791440117
335.5,30.0192751643487
336,30.0192706569953
336.5,30.0192656299731
337,30.0192600912004
337.5,30.0192540484937
338,30.0192475095687
338.5,30.0192404820418
339,30.0192329734309
339.5,30.0192249911573
340,30.0192165425461
340.5,30.019207634828
341,30.0191982751403
341.5,30.0191884705278
342,30.0191782279443
342.5,30.0191675542537
343,30.0191564562307
343.5,30.0191449405625
344,30.0191330138494
344.5,30.0191206826062
345,30.019107953263
345.5,30.0190948321665
346,30.0190813255809
346.5,30.019067439689
347,30.0190531805929
347.5,30.0190385543156
348,30.0190235668014
348.5,30.0190082239173
349,30.0189925314537
349.5,30.0189764951254
350,30.0189601205727
350.5,30.018943413362
351,30.0189263789872
351.5,30.0189090228701
352,30.0188913503618
352.5,30.0188733667429
353,30.0188550772253
353.5,30.0188364869522
354,30.0188176009993
354.5,30.0187984243759
355,30.0187789620254
355.5,30.0187592188259
356,30.0187391995918
356.5,30.0187189090738
357,30.0186983519602
357.5,30.0186775328772
358,30.0186564563904
358.5,30.0186351270048
359,30.0186135491659
359.5,30.0185917272607
360,30.0185696656179
360.5,30.018547368509
361,30.0185248401489
361.5,30.0185020846967
362,30.0184791062562
362.5,30.0184559088769
363,30.0184324965542
363.5,30.0184088732307
364,30.0183850427964
364.5,30.0183610090895
365,30.0183367758971
365.5,30.0183123469556
366,30.0182877259519
366.5,30.0182629165234
367,30.0182379222589
367.5,30.0182127466993
368,30.0181873933379
368.5,30.0181618656215
369,30.0181361669503
369.5,30.0181103006793
370,30.0180842701181
370.5,30.0180580785318
371,30.0180317291419
371.5,30.0180052251262
372,30.0179785696197
372.5,30.0179517657154
373,30.0179248164642
373.5,30.017897724876
374,30.0178704939198
374.5,30.0178431265246
375,30.0178156255796
375.5,30.0177879939349
376,30.0177602344018
376.5,30.0177323497535
377,30.0177043427255
377.5,30.017676216016
378,30.0176479722865
378.5,30.0176196141621
379,30.0175911442322
379.5,30.0175625650507
380,30.0175338791366
380.5,30.0175050889744
381,30.0174761970146
381.5,30.0174472056741
382,30.0174181173365
382.5,30.0173889343527
383,30.0173596590412
383.5,30.0173302936887
384,30.01730084055
384.5,30.0172713018492
385,30.0172416797794
385.5,30.0172119765034
386,30.0171821941541
386.5,30.0171523348348
387,30.0171224006195
387.5,30.0170923935534
388,30.0170623156533
388.5,30.0170321689079
389,30.0170019552781
389.5,30.0169716766974
390,30.0169413350723
390.5,30.0169109322826
391,30.0168804701818
391.5,30.0168499505973
392,30.0168193753308
392.5,30.0167887461587
393,30.0167580648323
393.5,30.0167273330784
394,30.0166965525991
394.5,30.0166657250726
395,30.0166348521534
395.5,30.0166039354722
396,30.0165729766369
396.5,30.0165419772324
397,30.016510938821
397.5,30.0164798629426
398,30.0164487511153
398.5,30.0164176048354
399,30.0163864255777
399.5,30.0163552147958
400,30.0163239739227
400.5,30.0162927043705
401,30.0162614075309
401.5,30.0162300847757
402,30.0161987374567
402.5,30.0161673669063
403,30.0161359744373
403.5,30.0161045613437
404,30.0160731289005
404.5,30.0160416783641
405,30.0160102109727
405.5,30.0159787279461
406,30.0159472304866
406.5,30.0159157197785
407,30.0158841969889
407.5,30.0158526632675
408,30.0158211197473
408.5,30.0157895675443
409,30.015758007758
409.5,30.0157264414718
410,30.0156948697526
410.5,30.0156632936518
411,30.0156317142047
411.5,30.0156001324315
412,30.0155685493369
412.5,30.0155369659105
413,30.0155053831269
413.5,30.0154738019463
414,30.0154422233141
414.5,30.0154106481616
415,30.0153790774056
415.5,30.0153475119495
416,30.0153159526824
416.5,30.01528440048
417,30.0152528562048
417.5,30.0152213207057
418,30.0151897948186
418.5,30.0151582793668
419,30.0151267751606
419.5,30.0150952829978
420,30.0150638036636
420.5,30.0150323379315
421,30.0150008865623
421.5,30.0149694503052
422,30.0149380298977
422.5,30.0149066260656
423,30.014875239523
423.5,30.0148438709732
424,30.0148125211079
424.5,30.014781190608
425,30.0147498801435
425.5,30.0147185903736
426,30.014687321947
426.5,30.0146560755019
427,30.0146248516662
427.5,30.0145936510577
428,30.0145624742841
428.5,30.0145313219432
429,30.0145001946229
429.5,30.0144690929018
430,30.0144380173486
430.5,30.0144069685229
431,30.0143759469747
431.5,30.0143449532453
432,30.0143139878665
432.5,30.0142830513615
433,30.0142521442446
433.5,30.0142212670216
434,30.0141904201895
434.5,30.0141596042369
435,30.0141288196442
435.5,30.0140980668835
436,30.0140673464188
436.5,30.0140366587061
437,30.0140060041935
437.5,30.0139753833213
438,30.013944796522
438.5,30.0139142442208
439,30.0138837268351
439.5,30.0138532447752
440,30.0138227984439
440.5,30.0137923882369
441,30.0137620145428
441.5,30.0137316777432
442,30.0137013782128
442.5,30.0136711163194
443,30.0136408924242
443.5,30.0136107068818
444,30.0135805600401
444.5,30.0135504522408
445,30.0135203838188
445.5,30.0134903551032
446,30.0134603664167
446.5,30.0134304180758
447,30.013400510391
447.5,30.0133706436671
448,30.0133408182026
448.5,30.0133110342907
449,30.0132812922184
449.5,30.0132515922674
450,30.0132219347138
450.5,30.0131923198281
451,30.0131627478755
451.5,30.0131332191157
452,30.0131037338035
452.5,30.013074292188
453,30.0130448945136
453.5,30.0130155410196
454,30.01298623194
454.5,30.0129569675042
455,30.0129277479367
455.5,30.0128985734572
456,30.0128694442806
456.5,30.0128403606172
457,30.0128113226729
457.5,30.0127823306487
458,30.0127533847415
458.5,30.0127244851436
459,30.012695632043
459.5,30.0126668256235
460,30.0126380660645
460.5,30.0126093535414
461,30.0125806882255
461.5,30.012552070284
462,30.01252349988
462.5,30.0124949771729
463,30.0124665023179
463.5,30.0124380754668
464,30.0124096967673
464.5,30.0123813663633
465,30.0123530843954
465.5,30.0123248510003
466,30.0122966663113
466.5,30.0122685304579
467,30.0122404435664
467.5,30.0122124057595
468,30.0121844171569
468.5,30.0121564778744
469,30.0121285880249
469.5,30.0121007477181
470,30.0120729570602
470.5,30.0120452161546
471,30.0120175251014
471.5,30.0119898839977
472,30.0119622929376
472.5,30.0119347520122
473,30.0119072613096
473.5,30.0118798209153
474,30.0118524309116
474.5,30.0118250913782
475,30.011797802392
475.5,30.0117705640272
476,30.0117433763552
476.5,30.011716239445
477,30.0116891533626
477.5,30.0116621181718
478,30.0116351339337
478.5,30.0116082007069
479,30.0115813185475
479.5,30.0115544875094
480,30.0115277076438
480.5,30.0115009789997
481,30.0114743016239
481.5,30.0114476755606
482,30.0114211008519
482.5,30.0113945775378
483,30.0113681056561
483.5,30.0113416852421
484,30.0113153163293
484.5,30.0112889989492
485,30.0112627331308
485.5,30.0112365189015
486,30.0112103562864
486.5,30.0111842453088
487,30.01115818599
487.5,30.0111321783494
488,30.0111062224045
488.5,30.0110803181708
489,30.0110544656623
489.5,30.0110286648908
490,30.0110029158666
490.5,30.0109772185982
491,30.0109515730923
491.5,30.0109259793539
492,30.0109004373864
492.5,30.0108749471915
493,30.0108495087693
493.5,30.0108241221183
494,30.0107987872354
494.5,30.010773504116
495,30.0107482727539
495.5,30.0107230931414
496,30.0106979652694
496.5,30.0106728891273
497,30.010647864703
497.5,30.0106228919831
498,30.0105979709527
498.5,30.0105731015957
499,30.0105482838944
499.5,30.01052351783
500,30.0104988033823
500.5,30.0104741405297
501,30.0104495292495
501.5,30.0104249695177
502,30.0104004613091
502.5,30.0103760045973
503,30.0103515993545
503.5,30.0103272455521
504,30.0103029431601
504.5,30.0102786921474
505,30.0102544924818
505.5,30.0102303441299
506,30.0102062470576
506.5,30.0101822012292
507,30.0101582066084
507.5,30.0101342631576
508,30.0101103708384
508.5,30.0100865296112
509,30.0100627394355
509.5,30.0100390002698
510,30.0100153120719
510.5,30.0099916747984
511,30.009968088405
511.5,30.0099445528465
512,30.0099210680771
512.5,30.0098976340498
513,30.0098742507167
513.5,30.0098509180295
514,30.0098276359386
514.5,30.0098044043938
515,30.0097812233441
515.5,30.0097580927377
516,30.009735012522
516.5,30.0097119826437
517,30.0096890030486
517.5,30.0096660736821
518,30.0096431944885
518.5,30.0096203654116
519,30.0095975863945
519.5,30.0095748573796
520,30.0095521783086
520.5,30.0095295491225
521,30.0095069697618
521.5,30.0094844401663
522,30.0094619602751
522.5,30.0094395300267
523,30.0094171493591
523.5,30.0093948182097
524,30.0093725365153
524.5,30.009350304212
525,30.0093281212356
525.5,30.009305987521
526,30.009283903003
526.5,30.0092618676156
527,30.0092398812923
527.5,30.009217943966
528,30.0091960555695
528.5,30.0091742160347
529,30.0091524252931
529.5,30.0091306832759
530,30.0091089899138
530.5,30.0090873451368
531,30.0090657488748
531.5,30.0090442010572
532,30.0090227016127
532.5,30.0090012504699
533,30.0089798475569
533.5,30.0089584928013
534,30.0089371861305
534.5,30.0089159274713
535,30.0088947167503
535.5,30.0088735538937
536,30.0088524388273
536.5,30.0088313714766
537,30.0088103517666
537.5,30.0087893796223
538,30.008768454968
538.5,30.0087475777279
539,30.0087267478259
539.5,30.0087059651855
540,30.0086852297298
540.5,30.008664541382
541,30.0086439000645
541.5,30.0086233056999
542,30.0086027582101
542.5,30.0085822575172
543,30.0085618035425
543.5,30.0085413962076
544,30.0085210354334
544.5,30.0085007211408
545,30.0084804532505
545.5,30.0084602316828
546,30.0084400563579
546.5,30.0084199271958
547,30.0083998441162
547.5,30.0083798070386
548,30.0083598158824
548.5,30.0083398705668
549,30.0083199710107
549.5,30.0083001171328
550,30.0082803088518
550.5,30.0082605460862
551,30.0082408287541
551.5,30.0082211567738
552,30.0082015300631
552.5,30.0081819485398
553,30.0081624121216
553.5,30.008142920726
554,30.0081234742703
554.5,30.0081040726719
555,30.0080847158478
555.5,30.008065403715
556,30.0080461361904
556.5,30.0080269131907
557,30.0080077346325
557.5,30.0079886004325
558,30.0079695105071
558.5,30.0079504647725
559,30.0079314631451
559.5,30.0079125055409
560,30.0078935918761
560.5,30.0078747220666
561,30.0078558960284
561.5,30.0078371136773
562,30.0078183749291
562.5,30.0077996796994
563,30.0077810279039
563.5,30.0077624194582
564,30.0077438542778
564.5,30.0077253322781
565,30.0077068533746
565.5,30.0076884174827
566,30.0076700245177
566.5,30.0076516743948
567,30.0076333670294
567.5,30.0076151023366
568,30.0075968802317
568.5,30.0075787006299
569,30.0075605634461
569.5,30.0075424685957
570,30.0075244159937
570.5,30.0075064055552
571,30.0074884371952
571.5,30.0074705108289
572,30.0074526263713
572.5,30.0074347837374
573,30.0074169828424
573.5,30.0073992236012
574,30.0073815059291
574.5,30.0073638297409
575,30.0073461949519
575.5,30.007328601477
576,30.0073110492315
576.5,30.0072935381304
577,30.0072760680889
577.5,30.0072586390222
578,30.0072412508454
578.5,30.0072239034738
579,30.0072065968226
579.5,30.0071893308071
580,30.0071721053426
580.5,30.0071549203444
581,30.0071377757279
581.5,30.0071206714086
582,30.0071036073019
582.5,30.0070865833233
583,30.0070695993883
583.5,30.0070526554126
584,30.0070357513117
584.5,30.0070188870015
585,30.0070020623976
585.5,30.0069852774158
586,30.0069685319721
586.5,30.0069518259822
587,30.0069351593622
587.5,30.0069185320282
588,30.0069019438961
588.5,30.0068853948823
589,30.0068688849028
589.5,30.0068524138741
590,30.0068359817125
590.5,30.0068195883344
591,30.0068032336563
591.5,30.0067869175948
592,30.0067706400666
592.5,30.0067544009884
593,30.0067382002771
593.5,30.0067220378495
594,30.0067059136225
594.5,30.0066898275133
595,30.0066737794391
595.5,30.0066577693169
596,30.0066417970642
596.5,30.0066258625983
597,30.0066099658367
597.5,30.006594106697
598,30.0065782850969
598.5,30.0065625009541
599,30.0065467541865
599.5,30.0065310447121
600,30.0065153724488
600.5,30.0064997373148
601,30.0064841392284
601.5,30.0064685781079
602,30.0064530538718
602.5,30.0064375664385
603,30.0064221157267
603.5,30.0064067016551
604,30.0063913241427
604.5,30.0063759831083
605,30.006360678471
605.5,30.00634541015
606,30.0063301780646
606.5,30.006314982134
607,30.0062998222779
607.5,30.0062846984158
608,30.0062696104673
608.5,30.0062545583525
609,30.006239541991
609.5,30.0062245613031
610,30.0062096162089
610.5,30.0061947066286
611,30.0061798324826
611.5,30.0061649936914
612,30.0061501901757
612.5,30.0061354218562
613,30.0061206886538
613.5,30.0061059904894
614,30.0060913272841
614.5,30.0060766989591
615,30.0060621054358
615.5,30.0060475466356
616,30.0060330224801
616.5,30.006018532891
617,30.0060040777902
617.5,30.0059896570995
618,30.0059752707411
618.5,30.005960918637
619,30.0059466007098
619.5,30.0059323168818
620,30.0059180670755
620.5,30.0059038512137
621,30.0058896692192
621.5,30.0058755210149
622,30.005861406524
622.5,30.0058473256696
623,30.0058332783751
623.5,30.0058192645639
624,30.0058052841597
624.5,30.0057913370861
625,30.005777423267
625.5,30.0057635426265
626,30.0057496950885
626.5,30.0057358805774
627,30.0057220990176
627.5,30.0057083503336
628,30.0056946344499
628.5,30.0056809512915
629,30.0056673007831
629.5,30.0056536828499
630,30.005640097417
630.5,30.0056265444098
631,30.0056130237536
631.5,30.0055995353741
632,30.0055860791969
632.5,30.005572655148
633,30.0055592631533
633.5,30.0055459031389
634,30.0055325750311
634.5,30.0055192787563
635,30.005506014241
635.5,30.0054927814118
636,30.0054795801957
636.5,30.0054664105194
637,30.0054532723101
637.5,30.005440165495
638,30.0054270900015
638.5,30.005414045757
639,30.0054010326892
639.5,30.0053880507257
640,30.0053750997946
640.5,30.0053621798238
641,30.0053492907416
641.5,30.0053364324762
642,30.0053236049561
642.5,30.0053108081099
643,30.0052980418662
643.5,30.0052853061541
644,30.0052726009024
644.5,30.0052599260404
645,30.0052472814972
645.5,30.0052346672024
646,30.0052220830855
646.5,30.0052095290762
647,30.0051970051043
647.5,30.0051845110998
648,30.0051720469929
648.5,30.0051596127137
649,30.0051472081927
649.5,30.0051348333604
650,30.0051224881475
650.5,30.0051101724848
651,30.0050978863033
651.5,30.005085629534
652,30.0050734021082
652.5,30.0050612039572
653,30.0050490350126
653.5,30.0050368952061
654,30.0050247844693
654.5,30.0050127027343
655,30.005000649933
655.5,30.0049886259978
656,30.004976630861
656.5,30.004964664455
657,30.0049527267124
657.5,30.0049408175661
658,30.004928936949
658.5,30.004917084794
659,30.0049052610344
659.5,30.0048934656035
660,30.0048816984348
660.5,30.0048699594618
661,30.0048582486183
661.5,30.0048465658382
662,30.0048349110554
662.5,30.0048232842042
663,30.0048116852188
663.5,30.0048001140337
664,30.0047885705835
664.5,30.0047770548028
665,30.0047655666265
665.5,30.0047541059896
666,30.0047426728271
666.5,30.0047312670745
667,30.004719888667
667.5,30.0047085375402
668,30.0046972136298
668.5,30.0046859168716
669,30.0046746472016
669.5,30.0046634045557
670,30.0046521888704
670.5,30.0046410000818
671,30.0046298381266
671.5,30.0046187029413
672,30.0046075944628
672.5,30.0045965126279
673,30.0045854573737
673.5,30.0045744286373
674,30.0045634263562
674.5,30.0045524504677
675,30.0045415009094
675.5,30.004530577619
676,30.0045196805345
676.5,30.0045088095939
677,30.0044979647351
677.5,30.0044871458966
678,30.0044763530168
678.5,30.0044655860341
679,30.0044548448872
679.5,30.004444129515
680,30.0044334398564
680.5,30.0044227758504
681,30.0044121374363
681.5,30.0044015245535
682,30.0043909371414
682.5,30.0043803751396
683,30.0043698384878
683.5,30.004359327126
684,30.0043488409942
684.5,30.0043383800325
685,30.0043279441811
685.5,30.0043175333806
686,30.0043071475714
686.5,30.0042967866942
687,30.0042864506899
687.5,30.0042761394993
688,30.0042658530636
688.5,30.0042555913239
689,30.0042453542216
689.5,30.0042351416981
690,30.0042249536951
690.5,30.0042147901543
691,30.0042046510175
691.5,30.0041945362267
692,30.0041844457241
692.5,30.0041743794519
693,30.0041643373524
693.5,30.0041543193683
694,30.004144325442
694.5,30.0041343555165
695,30.0041244095346
695.5,30.0041144874392
