time,signal1,signal2
0,28,23.7
3.15544362088405e-30,28,23.7000021369605
7.8154129790401e-07,28,23.7000169483017
4.68924778742406e-06,28,23.70005670818
2.42277802350243e-05,28,23.700133264245
0.000121920442473026,28,23.7002580484876
0.000610383753663032,28,23.7004420878073
0.00305270030961306,28,23.7006960143057
0.0152642830893632,28,23.7010300753144
0.076322196988114,28,23.7014541431646
0.381611766481868,28,23.7019777247041
0.5,28,23.702609970571
1,28,23.7033596842286
1.5,28,23.7042353307689
2,28,23.7052450454918
2.5,28,23.7063966422642
3,28,23.707697621667
3.5,28,23.7091551789347
4,28,23.7107762116932
4.5,28,23.7125673275025
5,28,23.7145348512076
5.5,28,23.7166848321048
6,28,23.7190230509273
6.5,28,23.7215550266552
7,28,23.7242860231553
7.5,28,23.727221055654
8,28,23.7303648970495
8.5,28,23.7337220840663
9,28,23.7372969232569
9.5,28,23.7410934968551
10,28,23.7451156684837
10.5,28,23.7493670887224
11,28,23.7538512005383
11.5,28,23.7585712445827
12,28,23.7635302643589
12.5,28,23.7687311112632
13,28,23.7741764495034
13.5,28,23.7798687608981
14,28,23.7858103495589
14.5,28,23.7920033464601
15,28,23.7984497138984
15.5,28,23.8051512498445
16,28,23.8121095921919
16.5,28,23.8193262229023
17,28,23.8268024720543
17.5,28,23.8345395217941
18,28,23.8425384101935
18.5,28,23.8508000350171
19,28,23.8593251573999
19.5,28,23.8681144054391
20,28,23.877168277702
20.5,28,23.8864871466517
21,28,23.8960712619933
21.5,28,23.9059207539426
22,28,23.9160356364189
22.5,28,23.9264158101651
23,28,23.937061065795
23.5,28,23.947971086772
24,28,23.9591454523191
24.5,28,23.9705836402631
25,28,23.9822850298144
25.5,28,23.994248904284
26,28,24.0064744537389
26.5,28,24.018960777599
27,28,24.0317068871748
27.452742042206,28,24.0447117081495
27.4527420422062,28,24.0579740830057
27.4527420422065,28,24.0714927733982
27.5,28,24.0852664624748
27.5472579577935,28,24.0992937571463
27.6417738733806,28,24.1135731903064
27.8308057045548,28,24.1281032230033
28,28,24.1428822465647
28.5,28,24.1579085846759
29,28,24.1731804954137
29.5,28,24.1886961732364
30,28,24.2044537509313
30.5,28,24.2204513015202
31,28,24.236686840125
31.5,28,24.2531583257933
32,28,24.2698636632857
32.5,28,24.2868007048253
33,28,24.3039672518108
33.5,28,24.3213610564932
34,28,24.3389798236185
34.5,28,24.3568212120355
35,28,24.3748828362707
35.5,28,24.3931622680707
36,28,24.411657037913
36.5,28,24.4303646364854
37,28,24.4492825161361
37.5,28,24.4684080922932
38,28,24.4877387448563
38.5,28,24.5072718195597
39,28,24.5270046293078
39.5,28,24.5469344554847
40,28,24.5670585492342
40.5,28,24.5873741327208
41,28,24.6078784003588
41.5,28,24.6285685200207
42,28,24.6494416342205
42.5,28,24.6704948612741
43,28,24.6917252964364
43.5,28,24.7131300130165
44,28,24.7347060634705
44.5,28,24.7564504804737
45,28,24.7783602779707
45.5,28,24.8004324522064
46,28,24.8226639827357
46.5,28,24.8450518334147
47,28,24.8675929533719
47.1965875330868,28,24.8902842779611
47.1965875330873,28,24.9131227296957
47.1965875330877,28,24.9361052191648
47.5,28,24.9592286459325
47.8034124669123,28,24.9824898994187
48,28,25.0058858597638
48.5,28,25.029413398677
49,28,25.0530693802676
49.5,28,25.0768506618606
50,28,25.1007540947976
50.5,28,25.1247765252208
51,28,25.1489147948436
51.5,28,25.173165741705
52,28,25.1975262009109
52.5,28,25.2219930053606
53,28,25.2465629864589
53.5,28,25.2712329748159
54,28,25.2959998009319
54.5,28,25.3208602958705
55,28,25.3458112919178
55.5,28,25.3708496232297
56,28,25.395972126466
56.5,28,25.4211756414131
57,28,25.4464570115939
57.5,28,25.4718130848666
58,28,25.4972407140115
58.5,28,25.5227367573067
59,28,25.5482980790921
59.5,28,25.5739215503229
59.9999999999995,28,25.599604049112
60,28,25.6253424612623
60.0000000000005,28,25.6511336807873
60.5,28,25.6769746104229
61,28,25.7028621621279
61.5,28,25.728793257575
62,28,25.7547648286324
62.5,28,25.7807738178345
63,28,25.8068171788448
63.5,28,25.8328918769075
64,28,25.8589948892917
64.5,28,25.8851232057254
65,28,25.9112738288206
65.5,28,25.93744377449
66,28,25.9636300723551
66.5,28,25.9898297661448
67,28,26.016039914087
67.5,28,26.0422575892903
68,28,26.0684798801188
68.5,28,26.0947038905583
69,28,26.1209267405741
69.5,28,26.1471455664619
70,28,26.1733575211898
70.5,28,26.1995597747336
71,28,26.2257495144043
71.5,28,26.2519239451675
72,28,26.2780802899564
72.5,28,26.304215789977
73,28,26.330327705006
73.5,28,26.3564133136822
74,28,26.3824699137904
74.5,28,26.4084948225385
75,28,26.434485376828
75.5,28,26.4604389335176
76,28,26.48635286968
76.5,28,26.5122245828527
77,28,26.5380514912815
77.5,28,26.5638310341587
78,28,26.5895606718535
78.5,28,26.6152378861376
79,28,26.6408601804036
79.5,28,26.6664250798781
80,28,26.6919301318278
80.5,28,26.7173729057608
81,28,26.7427509936207
81.5,28,26.7680620099764
82,28,26.7933035922045
82.5,28,26.8184734006673
83,28,26.8435691188848
83.5,28,26.8685884537003
84,28,26.893529135442
84.5,28,26.9183889180782
85,28,26.9431655793668
85.5,28,26.9678569210007
86,28,26.9924607687465
86.5,28,27.0169749725795
87,28,27.0413974068118
87.5,28,27.0657259702172
88,28,27.0899585861494
88.5,28,27.1140932026566
89,28,27.1381277925899
89.5,28,27.162060353708
90,28,27.185888908776
90.5,28,27.2096115056606
91,28,27.2332262174193
91.5,28,27.2567311423862
92,28,27.2801244042521
92.5,28,27.3034041521408
93,28,27.3265685606805
93.5,28,27.3496158300708
94,28,27.3725441861456
94.5,28,27.3953518804309
95,28,27.4180371901991
95.5,28,27.4405984185184
96,28,27.4630338942985
96.5,28,27.4853419723316
97,28,27.5075210333299
97.5,28,27.5295694839582
98,28,27.5514857568629
98.5,28,27.5732683106973
99,28,27.5949156301427
99.5,28,27.6164262259248
100,28,27.6377986348278
100.5,28,27.6590314197035
101,28,27.6801231694765
101.5,28,27.7010724991471
102,28,27.7218780497883
102.5,28,27.7425384885414
103,28,27.7630525086064
103.5,28,27.7834188292293
104,28,27.8036361956864
104.5,28,27.8237033792642
105,28,27.8436191772362
105.5,28,27.8633824128372
106,28,27.8829919352323
106.5,28,27.9024466194847
107,28,27.9217453665184
107.5,28,27.940887103079
108,28,27.9598707816905
108.5,28,27.9786953806094
109,28,27.997359903775
109.5,28,28.0158633807575
110,28,28.0342048667025
110.5,28,28.0523834422724
111,28,28.0703982135852
111.5,28,28.0882483121501
112,28,28.1059328948001
112.5,28,28.1234511436223
113,28,28.1408022658846
113.5,28,28.1579854939603
114,28,28.1750000852492
114.5,28,28.191845322097
115,28,28.2085205117109
115.5,28,28.2250249860735
116,28,28.2413581018535
116.5,28,28.2575192403142
117,28,28.2735078072189
117.5,28,28.2893232327348
118,28,28.3049649713335
118.5,28,28.3204325016893
119,28,28.3357253265756
119.5,28,28.3508429727584
120,28,28.3657849908876
120.5,28,28.3805509553862
121,28,28.3951404643371
121.5,28,28.4095531393677
122,28,28.4237886255326
122.5,28,28.4378465911935
123,28,28.4517267278978
123.5,28,28.4654287502544
124,28,28.4789523958082
124.5,28,28.4922974249119
125,28,28.5054636205962
125.5,28,28.5184507884379
126,28,28.5312587564266
126.5,28,28.5438873748285
127,28,28.5563365160496
127.5,28,28.5686060744961
128,28,28.5806959664336
128.5,28,28.5926061298444
129,28,28.6043365242831
129.5,28,28.6158871307302
130,28,28.6272579514452
130.5,28,28.6384490098162
131,28,28.6494603502101
131.5,28,28.6602920378194
132,28,28.6709441585088
132.5,28,28.6814168186594
133,28,28.6917101450121
133.5,28,28.7018242845095
134,28,28.7117594041361
134.5,28,28.7215156907572
135,28,28.7310933509571
135.5,28,28.740492610875
136,28,28.7497137160406
136.5,28,28.7587569312079
137,28,28.7676225401883
137.5,28,28.7763108456817
138,28,28.7848221691074
138.5,28,28.7931568504334
139,28,28.8013152480049
139.5,28,28.8092977383715
140,28,28.8171047161132
140.5,28,28.8247365936665
141,28,28.8321938011481
141.5,28,28.8394767861785
142,28,28.8465860137049
142.5,28,28.8535219658226
143,28,28.8602851415962
143.5,28,28.8668760568794
144,28,28.8732952441346
144.5,28,28.8795432522512
145,28,28.885620646364
145.5,28,28.8915280076696
146,28,28.8972659332438
146.5,28,28.9028350358569
147,28,28.9082359437894
147.5,28,28.9134693006465
148,28,28.9185357651724
148.5,28,28.9234360110639
149,28,28.9281707267839
149.5,28,28.9327406153735
150,28,28.9371463942652
150.5,28,28.9413887950937
151,28,28.9454685635086
151.5,28,28.9493864589844
152,28,28.9531432546322
152.5,28,28.9567397370097
153,28,28.9601767059317
153.5,28,28.9634549742798
154,28,28.9665753678126
154.5,28,28.9695387249749
155,28,28.9723458967071
155.5,28,28.9749977462547
156,28,28.977495148977
156.5,28,28.9798389921565
157,28,28.9820301748077
157.5,28,28.9840696074856
158,28,28.9859582120951
158.5,28,28.9876969216997
159,28,28.98928668033
159.5,28,28.9907284427931
160,28,28.992023174481
160.5,28,28.9931718511802
161,28,28.9941754588807
161.5,28,28.9950349935849
162,28,28.9957514611176
162.5,28,28.9963258769355
163,28,28.9967592659366
163.5,28,28.9970526622708
164,28,28.99720710915
164.5,28,28.9972236586586
165,28,28.9971033715643
165.5,28,28.9968473171294
166,28,28.9964565729224
166.5,28,28.9959322246295
167,28,28.9952753658669
167.5,28,28.9944870979937
168,28,28.9935685299246
168.5,28,28.9925207779433
169,28,28.9913449655167
169.5,28,28.9900422231089
170,28,28.9886136879964
170.5,28,28.987060504083
171,28,28.9853838217163
171.5,28,28.9835847975034
172,28,28.9816645941285
172.5,28,28.9796243801702
173,28,28.9774653299197
173.5,28,28.9751886231997
174,28,28.9727954451834
174.5,28,28.9702869862152
175,28,28.967664441631
175.5,28,28.96492901158
176,28,28.9620819008463
176.5,28,28.9591243186722
177,28,28.9560574785819
177.5,28,28.9528825982052
178,28,28.9496008991034
178.5,28,28.9462136065945
179,28,28.9427219495806
179.5,28,28.9391271603746
180,28,28.9354304745294
180.5,28,28.9316331306663
181,28,28.9277363703058
181.5,28,28.9237414376977
182,28,28.9196495796537
182.5,28,28.9154620453795
183,28,28.9111800863088
183.5,28,28.9068049559376
184,28,28.9023379096601
184.5,28,28.8977802046045
185,28,28.8931330994709
185.5,28,28.8883978543698
186,28,28.8835757306609
186.5,28,28.8786679907942
187,28,28.8736758981509
187.5,28,28.868600716886
188,28,28.863443711772
188.5,28,28.8582061480431
189,28,28.852889291241
189.5,28,28.8474944070614
190,28,28.8420227612022
190.5,28,28.8364756192116
191,28,28.830854246339
191.5,28,28.8251599073852
192,28,28.8193938665551
192.5,28,28.813557387311
193,28,28.807651732227
193.5,28,28.8016781628446
194,28,28.7956379395296
194.5,28,28.7895323213301
195,28,28.7833625658354
195.5,28,28.7771299290367
196,28,28.7708356651885
196.5,28,28.7644810266713
197,28,28.7580672638556
197.5,28,28.7515956249671
198,28,28.7450673559532
198.5,28,28.7384837003503
199,28,28.7318458991533
199.5,28,28.7251551906852
200,28,28.7184128104687
200.5,28,28.7116199910989
201,28,28.7047779621172
201.5,28,28.6978879498866
202,28,28.6909511774679
202.5,28,28.683968864498
203,28,28.6769422270682
203.5,28,28.6698724776053
204,28,28.6627608247531
204.5,28,28.6556084732549
205,28,28.6484166238383
205.5,28,28.6411864731008
206,28,28.6339192133963
206.5,28,28.6266160327237
207,28,28.6192781146166
207.5,28,28.6119066380337
208,28,28.6045027772515
208.5,28,28.5970677017577
209,28,28.5896025761461
209.5,28,28.582108560013
210,28,28.5745868078547
210.5,28,28.5670384689665
211,28,28.559464687343
211.5,28,28.55186660158
212,28,28.544245344777
212.5,28,28.5366020444423
213,28,28.528937822398
213.5,28,28.5212537946878
214,28,28.5135510714851
214.5,28,28.5058307570029
215,28,28.4980939494049
215.5,28,28.4903417407185
216,28,28.4825752167481
216.5,28,28.474795456991
217,28,28.4670035345538
217.5,28,28.4592005160702
218,28,28.4513874616211
218.5,28,28.4435654246547
219,28,28.435735451909
219.5,28,28.4278985833352
220,28,28.4200558520225
220.5,28,28.4122082841247
221,28,28.4043568987874
221.5,28,28.3965027080771
222,28,28.3886467169116
222.5,28,28.3807899229918
223,28,28.3729333167343
223.5,28,28.3650778812065
224,28,28.3572245920618
224.5,28,28.3493744174768
225,28,28.34152831809
225.5,28,28.3336872469416
226,28,28.3258521494144
226.5,28,28.3180239631764
227,28,28.310203618125
227.5,28,28.3023920363315
228,28,28.2945901319884
228.5,28,28.2867988113565
229,28,28.2790189727147
229.5,28,28.2712515063101
230,28,28.26349729431
230.5,28,28.2557572107549
231,28,28.2480321215133
231.5,28,28.2403228842368
232,28,28.232630348318
232.5,28,28.2249553548481
233,28,28.2172987365771
233.5,28,28.2096613178745
234,28,28.2020439146914
234.5,28,28.1944473345245
235,28,28.1868723763804
235.5,28,28.179319830742
236,28,28.1717904795356
236.5,28,28.1642850960999
237,28,28.1568044451551
237.5,28,28.1493492827748
238,28,28.1419203563581
238.5,28,28.134518404603
239,28,28.1271441574813
239.5,28,28.1197983362147
240,28,28.1124816532523
240.5,28,28.1051948122488
241,28,28.097938508044
241.5,28,28.0907134266445
242,28,28.0835202452048
242.5,28,28.0763596320114
243,28,28.069232246467
243.5,28,28.0621387390758
244,28,28.055079751431
244.5,28,28.0480559162022
245,28,28.041067857125
245.5,28,28.0341161889908
246,28,28.0272015176389
246.5,28,28.0203244399482
247,28,28.0134855438319
247.5,28,28.0066854082315
248,28,27.999924603113
248.5,28,27.9932036894644
249,28,27.9865232192928
249.5,28,27.9798837356249
250,28,27.9732857725062
250.5,28,27.9667298550031
251,28,27.9602164992049
251.5,28,27.9537462122277
252,28,27.9473194922186
252.5,28,27.9409368283617
253,28,27.9345987008842
253.5,28,27.9283055810646
254,28,27.9220579312411
254.5,28,27.9158562048212
255,28,27.9097008462927
255.5,28,27.903592291235
256,28,27.8975309663322
256.5,28,27.8915172893864
257,28,27.8855516693324
257.5,28,27.8796345062531
258,28,27.8737661913965
258.5,28,27.8679471071927
259,28,27.8621776272722
259.5,28,27.8564581164857
260,28,27.850788930924
260.5,28,27.845170417939
261,28,27.8396029161659
261.5,28,27.8340867555461
262,28,27.8286222573511
262.5,28,27.8232097342066
263,28,27.8178494901187
263.5,28,27.8125418205
264,28,27.8072870121963
264.5,28,27.8020853435155
265,28,27.7969370842558
265.5,28,27.7918424957355
266,28,27.7868018308235
266.5,28,27.7818153339707
267,28,27.7768832412417
267.5,28,27.7720057803479
268,28,27.7671831706809
268.5,28,27.7624156233467
269,28,27.7577033412012
269.5,28,27.7530465188857
270,28,27.7484453428632
270.5,28,27.7438999914563
271,28,27.7394106348843
271.5,28,27.7349774353028
272,28,27.7306005468422
272.5,28,27.7262801156481
273,28,27.7220162799221
273.5,28,27.7178091699627
274,28,27.7136589082077
274.5,28,27.7095656092768
275,28,27.7055293800145
275.5,28,27.7015503195342
276,28,27.6976285192629
276.5,28,27.6937640629858
277,28,27.6899570268925
277.5,28,27.6862074796226
278,28,27.6825154823132
278.5,28,27.6788810886459
279,28,27.6753043448948
279.5,28,27.671785289975
280,28,27.6683239554913
280.5,28,27.6649203657885
281,28,27.6615745380006
281.5,28,27.6582864821017
282,28,27.655056200957
282.5,28,27.6518836903746
283,28,27.6487689391567
283.5,28,27.6457119291531
284,28,27.6427126353132
284.5,28,27.6397710257398
285,28,27.6368870617428
285.5,28,27.6340606978934
286,28,27.6312918820788
286.5,28,27.6285805555569
287,28,27.6259266530123
287.5,28,27.6233301026115
288,28,27.6207908260595
288.5,28,27.6183087386562
289,28,27.6158837493535
289.5,28,27.613515760812
290,28,27.6112046694595
290.5,28,27.608950365548
291,28,27.6067527332127
291.5,28,27.60461165053
292,28,27.6025269895769
292.5,28,27.6004986164896
293,28,27.5985263915234
293.5,28,27.5966101691122
294,28,27.5947497979284
294.5,28,27.5929451209435
295,28,27.5911959754881
295.5,28,27.589502193313
296,28,27.58786360065
296.5,28,27.5862800182731
297,28,27.5847512615599
297.5,28,27.5832771405531
298,28,27.5818574600223
298.5,28,27.5804920195262
299,28,27.5791806134744
299.5,28,27.5779230311899
300,28,27.5767190569714
300.5,28,27.5755684701563
301,28,27.574471045183
301.5,28,27.5734265516539
302,28,27.5724347543987
302.5,28,27.5714954135372
303,28,27.5706082845428
303.5,28,27.5697731183054
304,28,27.5689896611954
304.5,28,27.5682576551268
305,28,27.5675768376209
305.5,28,27.5669469418701
306,28,27.5663676968011
306.5,28,27.5658388271395
307,28,27.5653600534727
307.5,28,27.5649310923143
308,28,27.5645516561678
308.5,28,27.5642214535904
309,28,27.5639401892571
309.5,28,27.5637075640243
310,28,27.5635232749937
310.5,28,27.5633870155767
311,28,27.5632984755573
311.5,28,27.5632573411569
312,28,27.5632632950973
312.5,28,27.563316016665
313,28,27.5634151817746
313.5,28,27.5635604630325
314,28,27.5637515298003
314.5,28,27.5639880482589
315,28,27.564269681471
315.5,28,27.5645960894451
316,28,27.5649669291987
316.5,28,27.5653818548212
317,28,27.5658405175368
317.5,28,27.5663425657679
318,28,27.5668876451977
318.5,28,27.5674753988326
319,28,27.5681054670651
319.5,28,27.5687774877359
320,28,27.5694910961964
320.5,28,27.5702459253708
321,28,27.5710416058177
321.5,28,27.5718777657923
322,28,27.5727540313078
322.5,28,27.5736700261967
323,28,27.5746253721724
323.5,28,27.5756196888898
324,28,27.5766525940064
324.5,28,27.5777237032432
325,28,27.5788326304445
325.5,28,27.5799789876388
326,28,27.5811623850984
326.5,28,27.5823824313993
327,28,27.5836387334807
327.5,28,27.5849308967045
328,28,27.5862585249143
328.5,28,27.587621220494
329,28,27.5890185844266
329.5,28,27.5904502163528
330,28,27.5919157146283
330.5,28,27.5934146763825
331,28,27.5949466975752
331.5,28,27.5965113730545
332,28,27.5981082966134
332.5,28,27.5997370610464
333,28,27.6013972582062
333.5,28,27.6030884790598
334,28,27.6048103137437
334.5,28,27.6065623516202
335,28,27.6083441813319
335.5,28,27.6101553908571
336,28,27.6119955675638
336.5,28,27.6138642982644
337,28,27.6157611692693
337.5,28,27.6176857664405
338,28,27.6196376752449
338.5,28,27.6216164808073
339,28,27.6236217679625
339.5,28,27.6256531213081
340,28,27.6277101252559
340.5,28,27.6297923640834
341,28,27.6318994219852
341.5,28,27.6340308831237
342,28,27.6361863316794
342.5,28,27.6383653519009
343,28,27.6405675281546
343.5,28,27.6427924449743
344,28,27.6450396871097
344.5,28,27.647308839575
345,28,27.6495994876973
345.5,28,27.6519112171641
346,28,27.6542436140709
346.5,28,27.656596264968
347,28,27.6589687569071
347.5,28,27.6613606774876
348,28,27.6637716149022
348.5,28,27.6662011579825
349,28,27.6686488962439
349.5,28,27.6711144199301
350,28,27.6735973200572
350.5,28,27.6760971884577
351,28,27.6786136178234
351.5,28,27.6811462017489
352,28,27.6836945347735
352.5,28,27.6862582124236
353,28,27.6888368312543
353.5,28,27.6914299888905
354,28,27.6940372840679
354.5,28,27.6966583166731
355,28,27.6992926877836
355.5,28,27.7019399997075
356,28,27.7045998560223
356.5,28,27.7072718616138
357,28,27.7099556227138
357.5,28,27.7126507469384
358,28,27.7153568433251
358.5,28,27.7180735223694
359,28,27.7208003960617
359.5,28,27.7235370779229
360,28,27.7262831830401
360.5,28,27.7290383281017
361,28,27.7318021314318
361.5,28,27.7345742130248
362,28,27.7373541945788
362.5,28,27.740141699529
363,28,27.7429363530808
363.5,28,27.7457377822416
364,28,27.7485456158533
364.5,28,27.7513594846235
365,28,27.7541790211566
365.5,28,27.7570038599844
366,28,27.7598336375964
366.5,28,27.7626679924688
367,28,27.7655065650948
367.5,28,27.7683489980124
368,28,27.7711949358331
368.5,28,27.7740440252698
369,28,27.7768959151641
369.5,28,27.7797502565135
370,28,27.7826067024972
370.5,28,27.7854649085031
371,28,27.7883245321525
371.5,28,27.7911852333257
372,28,27.7940466741869
372.5,28,27.7969085192076
373,28,27.7997704351913
373.5,28,27.802632091296
374,28,27.8054931590578
374.5,28,27.8083533124127
375,28,27.8112122277189
375.5,28,27.8140695837781
376,28,27.816925061857
376.5,28,27.8197783457071
377,28,27.8226291215858
377.5,28,27.8254770782753
378,28,27.8283219071024
378.5,28,27.8311633019571
379,28,27.834000959311
379.5,28,27.8368345782352
380,28,27.8396638604179
380.5,28,27.8424885101813
381,28,27.8453082344984
381.5,28,27.8481227430089
382,28,27.8509317480351
382.5,28,27.8537349645974
383,28,27.8565321104286
383.5,28,27.8593229059888
384,28,27.8621070744792
384.5,28,27.8648843418558
385,28,27.8676544368423
385.5,28,27.8704170909431
386,28,27.8731720384551
386.5,28,27.8759190164801
387,28,27.878657764936
387.5,28,27.8813880265676
388,28,27.8841095469574
388.5,28,27.886822074536
389,28,27.8895253605912
389.5,28,27.8922191592779
390,28,27.8949032276271
390.5,28,27.8975773255536
391,28,27.9002412158651
391.5,28,27.9028946642694
392,28,27.9055374393816
392.5,28,27.9081693127312
393,28,27.9107900587687
393.5,28,27.9133994548713
394,28,27.9159972813489
394.5,28,27.9185833214494
395,28,27.9211573613634
395.5,28,27.923719190229
396,28,27.9262686001356
396.5,28,27.9288053861281
397,28,27.9313293462098
397.5,28,27.9338402813455
398,28,27.9363379954645
398.5,28,27.9388222954622
399,28,27.9412929912025
399.5,28,27.9437498955189
400,28,27.946192824216
400.5,28,27.9486215960698
401,28,27.9510360328286
401.5,28,27.9534359592126
402,28,27.9558212029136
402.5,28,27.9581915945949
403,28,27.9605469678893
403.5,28,27.9628871593987
404,28,27.9652120086916
404.5,28,27.9675213583015
405,28,27.9698150537242
405.5,28,27.9720929434153
406,28,27.974354878787
406.5,28,27.9766007142044
407,28,27.9788303069822
407.5,28,27.9810435173805
408,28,27.9832402086
408.5,28,27.9854202467779
409,28,27.9875835009824
409.5,28,27.9897298432073
410,28,27.9918591483667
410.5,28,27.9939712942889
411,28,27.9960661617096
411.5,28,27.9981436342662
412,28,28.0002035984901
412.5,28,28.0022459437998
413,28,28.0042705624937
413.5,28,28.0062773497416
414,28,28.0082662035776
414.5,28,28.0102370248907
415,28,28.012189717417
415.5,28,28.0141241877303
416,28,28.016040345233
416.5,28,28.0179381021468
417,28,28.0198173735028
417.5,28,28.0216780771314
418,28,28.0235201336522
418.5,28,28.0253434664635
419,28,28.0271480017313
419.5,28,28.0289336683783
420,28,28.030700398073
420.5,28,28.0324481252173
421,28,28.0341767869358
421.5,28,28.0358863230627
422,28,28.0375766761302
422.5,28,28.0392477913559
423,28,28.0408996166299
423.5,28,28.0425321025019
424,28,28.0441452021679
424.5,28,28.0457388714569
425,28,28.0473130688174
425.5,28,28.0488677553033
426,28,28.0504028945599
426.5,28,28.0519184528095
427,28,28.0534143988372
427.5,28,28.0548907039762
428,28,28.0563473420925
428.5,28,28.0577842895703
429,28,28.0592015252964
429.5,28,28.0605990306448
430,28,28.0619767894613
430.5,28,28.0633347880472
431,28,28.0646730151438
431.5,28,28.0659914619157
432,28,28.0672901219347
432.5,28,28.0685689911633
433,28,28.0698280679379
433.5,28,28.0710673529518
434,28,28.0722868492386
434.5,28,28.0734865621543
435,28,28.0746664993606
435.5,28,28.0758266708072
436,28,28.0769670887139
436.5,28,28.0780877675532
437,28,28.079188724032
437.5,28,28.0802699770738
438,28,28.0813315478003
438.5,28,28.0823734595134
439,28,28.0833957376761
439.5,28,28.0843984098945
440,28,28.0853815058988
440.5,28,28.0863450575245
441,28,28.0872890986933
441.5,28,28.0882136653945
442,28,28.0891187956653
442.5,28,28.0900045295715
443,28,28.0908709091887
443.5,28,28.091717978582
444,28,28.0925457837873
444.5,28,28.0933543727906
445,28,28.0941437955091
445.5,28,28.0949141037708
446,28,28.0956653512948
446.5,28,28.0963975936713
447,28,28.0971108883409
447.5,28,28.0978052945754
448,28,28.0984808734567
448.5,28,28.0991376878568
449,28,28.0997758024174
449.5,28,28.1003952835292
450,28,28.1009961993116
450.5,28,28.1015786195923
451,28,28.1021426158859
451.5,28,28.1026882613741
452,28,28.1032156308842
452.5,28,28.1037248008688
453,28,28.1042158493848
453.5,28,28.1046888560724
454,28,28.1051439021341
454.5,28,28.1055810703142
455,28,28.1060004448771
455.5,28,28.106402111587
456,28,28.1067861576863
456.5,28,28.1071526718747
457,28,28.1075017442882
457.5,28,28.1078334664777
458,28,28.1081479313883
458.5,28,28.1084452333375
459,28,28.1087254679948
459.5,28,28.1089887323597
460,28,28.1092351247413
460.5,28,28.1094647447365
461,28,28.1096776932091
461.5,28,28.1098740722686
462,28,28.110053985249
462.5,28,28.1102175366874
463,28,28.1103648323032
463.5,28,28.1104959789766
464,28,28.1106110847278
464.5,28,28.1107102586954
465,28,28.1107936111157
465.5,28,28.1108612533015
466,28,28.1109132976209
466.5,28,28.1109498574764
467,28,28.1109710472837
467.5,28,28.110976982451
468,28,28.1109677793578
468.5,28,28.1109435553339
469,28,28.110904428639
469.5,28,28.1108505184414
470,28,28.1107819447972
470.5,28,28.1106988286297
471,28,28.110601291709
471.5,28,28.1104894566305
472,28,28.1103634467951
472.5,28,28.1102233863882
473,28,28.1100694003594
473.5,28,28.1099016144019
474,28,28.1097201549321
474.5,28,28.1095251490695
475,28,28.1093167246162
475.5,28,28.1090950100366
476,28,28.1088601344377
476.5,28,28.1086122275485
477,28,28.1083514197005
477.5,28,28.1080778418073
478,28,28.1077916253451
478.5,28,28.1074929023327
479,28,28.107181805312
479.5,28,28.1068584673282
480,28,28.1065230219104
480.5,28,28.1061756030519
481,28,28.1058163451913
481.5,28,28.1054453831926
482,28,28.1050628523266
482.5,28,28.1046688882513
483,28,28.1042636269933
483.5,28,28.1038472049286
484,28,28.1034197587637
484.5,28,28.1029814255173
485,28,28.1025323425011
485.5,28,28.1020726473019
486,28,28.1016024777626
486.5,28,28.101121971964
487,28,28.1006312682069
487.5,28,28.1001305049937
488,28,28.0996198210103
488.5,28,28.0990993551085
489,28,28.0985692462879
489.5,28,28.0980296336784
490,28,28.0974806565226
490.5,28,28.0969224541583
491,28,28.0963551660011
491.5,28,28.0957789315273
492,28,28.0951938902568
492.5,28,28.0946001817359
493,28,28.0939979455206
493.5,28,28.0933873211599
494,28,28.092768448179
494.5,28,28.0921414660627
495,28,28.0915065142396
495.5,28,28.0908637320649
496,28,28.0902132588054
496.5,28,28.0895552336222
497,28,28.0888897955562
497.5,28,28.0882170835111
498,28,28.0875372362387
498.5,28,28.0868503923228
499,28,28.0861566901643
499.5,28,28.0854562679657
500,28,28.0847492637162
500.5,28,28.0840358151764
501,28,28.0833160598639
501.5,28,28.0825901350385
502,28,28.0818581776874
502.5,28,28.0811203245111
503,28,28.080376711909
503.5,28,28.0796274759654
504,28,28.0788727524353
504.5,28,28.0781126767305
505,28,28.0773473839064
505.5,28,28.0765770086478
506,28,28.0758016852559
506.5,28,28.0750215476348
507,28,28.0742367292785
507.5,28,28.0734473632578
508,28,28.0726535822076
508.5,28,28.071855518314
509,28,28.0710533033018
509.5,28,28.0702470684223
510,28,28.0694369444408
510.5,28,28.0686230616246
511,28,28.0678055497308
511.5,28,28.0669845379948
512,28,28.0661601551186
512.5,28,28.0653325292589
513,28,28.0645017880163
513.5,28,28.0636680584234
514,28,28.0628314669343
514.5,28,28.0619921394136
515,28,28.061150201125
515.5,28,28.0603057767217
516,28,28.0594589902349
516.5,28,28.0586099650642
517,28,28.057758823967
517.5,28,28.0569056890489
518,28,28.0560506817531
518.5,28,28.0551939228515
519,28,28.0543355324347
519.5,28,28.0534756299024
520,28,28.0526143339545
520.5,28,28.0517517625819
521,28,28.0508880330573
521.5,28,28.0500232619266
522,28,28.0491575650002
522.5,28,28.0482910573445
523,28,28.0474238532732
523.5,28,28.0465560663396
524,28,28.0456878093282
524.5,28,28.044819194247
525,28,28.0439503323196
525.5,28,28.0430813339772
526,28,28.0422123088522
526.5,28,28.0413433657696
527,28,28.0404746127408
527.5,28,28.0396061569561
528,28,28.038738104778
528.5,28,28.0378705617345
529,28,28.0370036325123
529.5,28,28.0361374209508
530,28,28.0352720300353
530.5,28,28.0344075618913
531,28,28.0335441177785
531.5,28,28.0326817980847
532,28,28.0318207023201
532.5,28,28.0309609291123
533,28,28.0301025762003
533.5,28,28.0292457404294
534,28,28.0283905177463
534.5,28,28.0275370031942
535,28,28.0266852909074
535.5,28,28.0258354741074
536,28,28.0249876450979
536.5,28,28.0241418952605
537,28,28.0232983150505
537.5,28,28.0224569939928
538,28,28.0216180206779
538.5,28,28.0207814827584
539,28,28.0199474669446
539.5,28,28.0191160590017
540,28,28.0182873437461
540.5,28,28.0174614050419
541,28,28.0166383257984
541.5,28,28.0158181879665
542,28,28.015001072536
542.5,28,28.0141870595333
543,28,28.0133762280183
543.5,28,28.0125686560821
544,28,28.0117644208448
544.5,28,28.0109635984535
545,28,28.0101662640797
545.5,28,28.0093724919178
546,28,28.0085823551834
546.5,28,28.0077959261114
547,28,28.0070132759544
547.5,28,28.0062344749818
548,28,28.0054595924779
548.5,28,28.0046886967412
549,28,28.0039218550833
549.5,28,28.003159133828
550,28,28.0024005983103
550.5,28,28.0016463128763
551,28,28.000896340882
551.5,28,28.0001507446937
552,28,27.9994095856869
552.5,28,27.9986729242468
553,28,27.9979408197681
553.5,28,27.9972133306547
554,28,27.9964905143205
554.5,28,27.9957724271894
555,28,27.9950591246957
555.5,28,27.994350661285
556,28,27.9936470904143
556.5,28,27.9929484645534
557,28,27.9922548351853
557.5,28,27.9915662528075
558,28,27.9908827669332
558.5,28,27.990204426092
559,28,27.9895312778321
559.5,28,27.9888633687209
560,28,27.988200744347
560.5,28,27.9875434493219
561,28,27.9868915272814
561.5,28,27.9862450208881
562,28,27.9856039718326
562.5,28,27.9849684208362
563,28,27.9843384076528
563.5,28,27.9837139710712
564,28,27.9830951489174
564.5,28,27.9824819780575
565,28,27.9818744943996
565.5,28,27.9812727328969
566,28,27.9806767275505
566.5,28,27.980086511412
567,28,27.9795021165868
567.5,28,27.9789235742366
568,28,27.9783509145831
568.5,28,27.977784166911
569,28,27.9772233595712
569.5,28,27.9766685199844
570,28,27.9761196746443
570.5,28,27.9755768491216
571,28,27.9750400680673
571.5,28,27.9745093552166
572,28,27.9739847333928
572.5,28,27.9734662245108
573,28,27.9729538495817
573.5,28,27.9724476287164
574,28,27.97194758113
574.5,28,27.9714537251457
575,28,27.9709660781997
575.5,28,27.9704846568448
576,28,27.9700094767555
576.5,28,27.9695405527321
577,28,27.9690778987057
577.5,28,27.9686215277425
578,28,27.9681714520485
578.5,28,27.9677276829747
579,28,27.9672902310216
579.5,28,27.9668591058444
580,28,27.9664343162578
580.5,28,27.9660158702411
581,28,27.9656037749434
581.5,28,27.9651980366889
582,28,27.964798660982
582.5,28,27.9644056525124
583,28,27.9640190151611
583.5,28,27.963638752005
584,28,27.9632648653234
584.5,28,27.9628973566025
585,28,27.9625362265418
585.5,28,27.9621814750591
586,28,27.9618331012971
586.5,28,27.961491103628
587,28,27.9611554796604
587.5,28,27.9608262262445
588,28,27.960503339478
588.5,28,27.9601868147125
589,28,27.9598766465593
589.5,28,27.959572828895
590,28,27.9592753548685
590.5,28,27.9589842169061
591,28,27.9586994067187
591.5,28,27.9584209153071
592,28,27.9581487329688
592.5,28,27.9578828493043
593,28,27.957623253223
593.5,28,27.9573699329503
594,28,27.9571228760331
594.5,28,27.9568820693471
595,28,27.9566474991027
595.5,28,27.9564191508517
596,28,27.956197009494
596.5,28,27.9559810592838
597,28,27.9557712838366
597.5,28,27.9555676661355
598,28,27.9553701885381
598.5,28,27.9551788327832
599,28,27.9549935799971
599.5,28,27.9548144107008
600,28,27.9546413048168
600.5,28,27.9544742416753
601,28,27.9543132000216
601.5,28,27.9541581580227
602,28,27.954009093274
602.5,28,27.9538659828066
603,28,27.9537288030936
603.5,28,27.9535975300575
604,28,27.9534721390767
604.5,28,27.9533526049928
605,28,27.9532389021174
605.5,28,27.9531310042389
606,28,27.9530288846297
606.5,28,27.9529325160531
607,28,27.9528418707702
607.5,28,27.952756920547
608,28,27.9526776366614
608.5,28,27.9526039899103
609,28,27.9525359506163
609.5,28,27.9524734886352
610,28,27.9524165733627
610.5,28,27.9523651737415
611,28,27.9523192582683
611.5,28,27.9522787950011
612,28,27.952243751566
612.5,28,27.9522140951642
613,28,27.9521897925794
613.5,28,27.9521708101842
614,28,27.9521571139481
614.5,28,27.9521486694434
615,28,27.9521454418533
615.5,28,27.9521473959782
616,28,27.9521544962431
616.5,28,27.9521667067044
617,28,27.9521839910572
617.5,28,27.952206312642
618,28,27.9522336344519
618.5,28,27.9522659191394
619,28,27.9523031290238
619.5,28,27.9523452260974
620,28,27.9523921720335
620.5,28,27.9524439281923
621,28,27.9525004556287
621.5,28,27.9525617150985
622,28,27.9526276670659
622.5,28,27.95269827171
623,28,27.9527734889319
623.5,28,27.9528532783613
624,28,27.9529375993637
624.5,28,27.953026411047
625,28,27.9531196722682
625.5,28,27.9532173416405
626,28,27.9533193775398
626.5,28,27.9534257381115
627,28,27.9535363812774
627.5,28,27.953651264742
628,28,27.9537703459997
628.5,28,27.9538935823411
629,28,27.9540209308597
629.5,28,27.9541523484586
630,28,27.9542877918569
630.5,28,27.9544272175966
631,28,27.9545705820485
631.5,28,27.9547178414196
632,28,27.9548689517588
632.5,28,27.9550238689636
633,28,27.9551825487867
633.5,28,27.9553449468421
634,28,27.9555110186118
634.5,28,27.9556807194518
635,28,27.9558540045985
635.5,28,27.956030829175
636,28,27.9562111481975
636.5,28,27.9563949165811
637,28,27.9565820891465
637.5,28,27.9567726206257
638,28,27.9569664656681
638.5,28,27.9571635788469
639,28,27.957363914665
639.5,28,27.9575674275608
640,28,27.9577740719145
640.5,28,27.9579838020538
641,28,27.9581965722596
641.5,28,27.9584123367723
642,28,27.9586310497976
642.5,28,27.9588526655116
643,28,27.9590771380674
643.5,28,27.9593044216003
644,28,27.9595344702336
644.5,28,27.9597672380841
645,28,27.960002679268
645.5,28,27.960240747906
646,28,27.9604813981291
646.5,28,27.9607245840841
647,28,27.9609702599387
647.5,28,27.9612183798873
648,28,27.9614688981558
648.5,28,27.9617217690076
649,28,27.9619769467481
649.5,28,27.9622343857304
650,28,27.9624940403603
650.5,28,27.9627558651014
651,28,27.9630198144803
651.5,28,27.9632858430915
652,28,27.9635539056022
652.5,28,27.9638239567578
653,28,27.9640959513862
653.5,28,27.964369844403
654,28,27.9646455908162
654.5,28,27.964923145731
655,28,27.9652024643542
655.5,28,27.9654835019996
656,28,27.9657662140917
656.5,28,27.966050556171
657,28,27.9663364838981
657.5,28,27.9666239530584
658,28,27.9669129195664
658.5,28,27.9672033394702
659,28,27.9674951689557
659.5,28,27.9677883643509
660,28,27.9680828821303
660.5,28,27.968378678919
661,28,27.9686757114966
661.5,28,27.9689739368018
662,28,27.9692733119358
662.5,28,27.969573794167
663,28,27.9698753409343
663.5,28,27.9701779098515
664,28,27.9704814587108
664.5,28,27.9707859454868
665,28,27.9710913283401
665.5,28,27.971397565621
666,28,27.9717046158735
666.5,28,27.9720124378384
667,28,27.9723209904571
667.5,28,27.972630232875
668,28,27.9729401244452
668.5,28,27.9732506247316
669,28,27.9735616935123
669.5,28,27.9738732907831
670,28,27.9741853767605
670.5,28,27.9744979118851
671,28,27.9748108568246
671.5,28,27.9751241724769
672,28,27.9754378199734
672.5,28,27.9757517606816
673,28,27.9760659562083
673.5,28,27.9763803684025
674,28,27.9766949593581
674.5,28,27.977009691417
675,28,27.9773245271715
675.5,28,27.977639429467
676,28,27.977954361405
676.5,28,27.9782692863455
677,28,27.9785841679093
677.5,28,27.9788989699809
678,28,27.9792136567107
678.5,28,27.9795281925177
679,28,27.9798425420912
679.5,28,27.9801566703939
680,28,27.9804705426635
680.5,28,27.9807841244155
681,28,27.9810973814446
681.5,28,27.9814102798275
682,28,27.9817227859246
682.5,28,27.9820348663821
683,28,27.982346488134
683.5,28,27.9826576184036
684,28,27.9829682247062
684.5,28,27.9832782748499
685,28,27.9835877369383
685.5,28,27.9838965793714
686,28,27.9842047708479
686.5,28,27.9845122803665
687,28,27.9848190772273
687.5,28,27.9851251310339
688,28,27.9854304116941
688.5,28,27.9857348894222
689,28,27.9860385347395
689.5,28,27.9863413184763
690,28,27.9866432117728
690.5,28,27.9869441860806
691,28,27.9872442131635
691.5,28,27.9875432650993
692,28,27.9878413142801
692.5,28,27.988138333414
693,28,27.9884342955258
693.5,28,27.9887291739581
694,28,27.989022942372
694.5,28,27.9893155747482
695,28,27.9896070453877
695.5,28,27.9898973289127
696,28,27.9901864002673
696.5,28,27.990474234718
697,28,27.9907608078545
697.5,28,27.9910460955906
698,28,27.9913300741642
698.5,28,27.9916127201383
699,28,27.991894010401
699.5,28,27.9921739221665
700,28,27.992452432975
700.5,28,27.9927295206936
701,28,27.9930051635157
701.5,28,27.9932793399624
702,28,27.9935520288818
702.5,28,27.9938232094498
703,28,27.9940928611696
703.5,28,27.9943609638728
704,28,27.9946274977182
704.5,28,27.9948924431929
705,28,27.9951557811119
705.5,28,27.9954174926176
706,28,27.9956775591806
706.5,28,27.9959359625988
707,28,27.9961926849976
707.5,28,27.9964477088296
708,28,27.9967010168742
708.5,28,27.9969525922379
709,28,27.997202418353
709.5,28,27.9974504789781
710,28,27.9976967581975
710.5,28,27.9979412404204
711,28,27.9981839103808
711.5,28,27.9984247531369
712,28,27.9986637540707
712.5,28,27.9989008988869
713,28,27.9991361736131
713.5,28,27.9993695645984
714,28,27.9996010585134
714.5,28,27.9998306423486
715,28,28.0000583034148
715.5,28,28.0002840293413
716,28,28.0005078080758
716.5,28,28.0007296278829
717,28,28.000949477344
717.5,28,28.0011673453557
718,28,28.0013832211293
718.5,28,28.0015970941896
719,28,28.001808954374
719.5,28,28.0020187918315
720,28,28.0022265970216
720.5,28,28.0024323607131
721,28,28.0026360739832
721.5,28,28.0028377282161
722,28,28.0030373151022
722.5,28,28.0032348266364
723,28,28.0034302551172
723.5,28,28.0036235931455
724,28,28.0038148336231
724.5,28,28.0040039697513
725,28,28.00419099503
725.5,28,28.0043759032559
726,28,28.0045586885213
726.5,28,28.0047393452126
727,28,28.004917868009
727.5,28,28.0050942518808
728,28,28.0052684920883
728.5,28,28.0054405841797
729,28,28.00561052399
729.5,28,28.0057783076396
730,28,28.005943931532
730.5,28,28.006107392353
731,28,28.0062686870684
731.5,28,28.0064278129228
732,28,28.0065847674379
732.5,28,28.0067395484104
733,28,28.0068921539107
733.5,28,28.0070425822812
734,28,28.0071908321339
734.5,28,28.0073369023497
735,28,28.0074807920754
735.5,28,28.0076225007228
736,28,28.0077620279667
736.5,28,28.0078993737424
737,28,28.0080345382448
737.5,28,28.0081675219258
738,28,28.0082983254926
738.5,28,28.0084269499059
739,28,28.0085533963779
739.5,28,28.0086776663703
740,28,28.0087997615922
740.5,28,28.0089196839983
741,28,28.0090374357871
741.5,28,28.0091530193983
742,28,28.0092664375113
742.5,28,28.009377693043
743,28,28.0094867891456
743.5,28,28.0095937292046
744,28,28.0096985168368
744.5,28,28.0098011558883
745,28,28.009901650432
745.5,28,28.0100000047659
746,28,28.0100962234107
746.5,28,28.0101903111078
747,28,28.0102822728169
747.5,28,28.0103721137142
748,28,28.0104598391902
748.5,28,28.0105454548469
749,28,28.0106289664965
749.5,28,28.0107103801584
750,28,28.0107897020577
750.5,28,28.0108669386223
751,28,28.0109420964811
751.5,28,28.0110151824617
752,28,28.011086203588
752.5,28,28.0111551670782
753,28,28.011222080342
753.5,28,28.0112869509792
754,28,28.0113497867766
754.5,28,28.0114105957061
755,28,28.0114693859226
755.5,28,28.0115261657611
756,28,28.0115809437351
756.5,28,28.0116337285337
757,28,28.0116845290199
757.5,28,28.0117333542276
758,28,28.0117802133598
758.5,28,28.0118251157863
759,28,28.0118680710409
759.5,28,28.0119090888195
760,28,28.0119481789778
760.5,28,28.0119853515285
761,28,28.0120206166396
761.5,28,28.0120539846316
762,28,28.0120854659753
762.5,28,28.0121150712896
763,28,28.0121428113389
763.5,28,28.0121686970311
764,28,28.0121927394149
764.5,28,28.0122149496777
765,28,28.0122353391433
765.5,28,28.0122539192692
766,28,28.0122707016448
766.5,28,28.0122856979886
767,28,28.0122989201462
767.5,28,28.0123103800878
768,28,28.0123200899057
768.5,28,28.0123280618124
769,28,28.012334308138
769.5,28,28.0123388413278
770,28,28.0123416739401
770.5,28,28.0123428186441
771,28,28.0123422882171
771.5,28,28.0123400955426
772,28,28.0123362536078
772.5,28,28.0123307755014
773,28,28.0123236744112
773.5,28,28.0123149636219
774,28,28.0123046565127
774.5,28,28.0122927665551
775,28,28.0122793073108
775.5,28,28.0122642924289
776,28,28.0122477356443
776.5,28,28.0122296507749
777,28,28.0122100517197
777.5,28,28.0121889524564
778,28,28.012166367039
778.5,28,28.012142309596
779,28,28.0121167943278
779.5,28,28.0120898355046
780,28,28.0120614474641
780.5,28,28.0120316446096
781,28,28.0120004414075
781.5,28,28.0119678523851
782,28,28.0119338921286
782.5,28,28.011898575281
783,28,28.0118619165396
783.5,28,28.0118239306541
784,28,28.0117846324245
784.5,28,28.0117440366988
785,28,28.0117021583711
785.5,28,28.011659012379
786,28,28.0116146137022
786.5,28,28.0115689773598
787,28,28.0115221184086
787.5,28,28.0114740519409
788,28,28.0114247930824
788.5,28,28.0113743569901
789,28,28.0113227588504
789.5,28,28.0112700138771
790,28,28.0112161373091
790.5,28,28.0111611444088
791,28,28.0111050504598
791.5,28,28.011047870765
792,28,28.0109896206447
792.5,28,28.0109303154345
793,28,28.0108699704836
793.5,28,28.0108086011525
794,28,28.0107462228116
794.5,28,28.0106828508387
795,28,28.0106185006174
795.5,28,28.0105531875355
796,28,28.0104869269825
796.5,28,28.0104197343483
797,28,28.0103516250211
797.5,28,28.0102826143855
798,28,28.0102127178209
798.5,28,28.0101419506997
799,28,28.0100703283853
799.5,28,28.0099978662304
800,28,28.0099245795754
800.5,28,28.0098504837465
801,28,28.0097755940539
801.5,28,28.0096999257903
802,28,28.0096234942291
802.5,28,28.0095463146227
803,28,28.0094684022009
803.5,28,28.0093897721688
804,28,28.0093104397061
804.5,28,28.0092304199646
805,28,28.0091497280668
805.5,28,28.0090683791045
806,28,28.0089863881373
806.5,28,28.0089037701905
807,28,28.0088205402542
807.5,28,28.0087367132813
808,28,28.0086523041862
808.5,28,28.0085673278432
809,28,28.008481799085
809.5,28,28.0083957327014
810,28,28.0083091434377
810.5,28,28.0082220459932
811,28,28.0081344550198
811.5,28,28.0080463851208
812,28,28.0079578508493
812.5,28,28.0078688667068
813,28,28.0077794471419
813.5,28,28.0076896065491
814,28,28.0075993592672
814.5,28,28.0075087195782
815,28,28.0074177017059
815.5,28,28.0073263198146
816,28,28.007234588008
816.5,28,28.0071425203276
817,28,28.0070501307521
817.5,28,28.0069574331954
818,28,28.0068644415059
818.5,28,28.0067711694655
819,28,28.0066776307877
819.5,28,28.0065838391171
820,28,28.0064898080282
820.5,28,28.006395551024
821,28,28.0063010815351
821.5,28,28.0062064129185
822,28,28.0061115584567
822.5,28,28.0060165313566
823,28,28.0059213447482
823.5,28,28.005826011684
824,28,28.005730545138
824.5,28,28.005634958004
825,28,28.0055392630958
825.5,28,28.005443473145
826,28,28.0053476008013
826.5,28,28.0052516586305
827,28,28.0051556591142
827.5,28,28.005059614649
828,28,28.0049635375451
828.5,28,28.0048674400261
829,28,28.0047713342275
829.5,28,28.0046752321967
830,28,28.0045791458912
830.5,28,28.0044830871787
831,28,28.0043870678359
831.5,28,28.0042910995479
832,28,28.0041951939071
832.5,28,28.0040993624133
833,28,28.004003616472
833.5,28,28.0039079673944
834,28,28.0038124263966
834.5,28,28.0037170045987
835,28,28.0036217130246
835.5,28,28.0035265626009
836,28,28.0034315641565
836.5,28,28.0033367284222
837,28,28.00324206603
837.5,28,28.0031475875123
838,28,28.0030533033016
838.5,28,28.0029592237301
839,28,28.002865359029
839.5,28,28.002771719328
840,28,28.0026783146548
840.5,28,28.0025851549348
841,28,28.0024922499905
841.5,28,28.0023996095414
842,28,28.0023072432029
842.5,28,28.0022151604866
843,28,28.0021233707997
843.5,28,28.0020318834443
844,28,28.0019407076175
844.5,28,28.001849852411
845,28,28.0017593268103
845.5,28,28.0016691396952
846,28,28.0015792998388
846.5,28,28.0014898159075
847,28,28.0014006964607
847.5,28,28.0013119499508
848,28,28.0012235847225
848.5,28,28.0011356090129
849,28,28.0010480309512
849.5,28,28.0009608585587
850,28,28.0008740997482
850.5,28,28.0007877623243
851,28,28.0007018539828
851.5,28,28.0006163823112
852,28,28.0005313547879
852.5,28,28.0004467787825
853,28,28.0003626615555
853.5,28,28.0002790102585
854,28,28.0001958319339
854.5,28,28.0001131335147
855,28,28.000030921825
855.5,28,27.9999492035794
856,28,27.9998679853834
856.5,28,27.9997872737332
857,28,27.9997070750158
857.5,28,27.9996273955089
858,28,27.999548241381
858.5,28,27.9994696186916
859,28,27.9993915333912
859.5,28,27.9993139913211
860,28,27.999236998214
860.5,28,27.9991605596936
861,28,27.9990846812752
861.5,28,27.9990093683654
862,28,27.9989346262624
862.5,28,27.9988604601562
863,28,27.9987868751289
863.5,28,27.9987138761544
864,28,27.9986414680994
864.5,28,27.9985696557225
865,28,27.9984984436755
865.5,28,27.998427836503
866,28,27.9983578386425
866.5,28,27.9982884544255
867,28,27.9982196880765
867.5,28,27.9981515437146
868,28,27.9980840253526
868.5,28,27.998017136898
869,28,27.9979508821533
869.5,28,27.9978852648159
870,28,27.9978202884786
870.5,28,27.9977559566302
871,28,27.9976922726554
871.5,28,27.9976292398355
872,28,27.9975668613485
872.5,28,27.9975051402697
873,28,27.9974440795719
873.5,28,27.997383682126
874,28,27.9973239507011
874.5,28,27.9972648879651
875,28,27.9972064964852
875.5,28,27.9971487787281
876,28,27.9970917370605
876.5,28,27.9970353737498
877,28,27.9969796909641
877.5,28,27.9969246907731
878,28,27.9968703751483
878.5,28,27.9968167459636
879,28,27.9967638049956
879.5,28,27.9967115539244
880,28,27.9966599943338
880.5,28,27.9966091277122
881,28,27.9965589554525
881.5,28,27.9965094788532
882,28,27.9964606991189
882.5,28,27.9964126173603
883,28,27.9963652345953
883.5,28,27.9963185517495
884,28,27.9962725696564
884.5,28,27.9962272890583
885,28,27.9961827106069
885.5,28,27.9961388348635
886,28,27.9960956623
886.5,28,27.9960531932995
887,28,27.9960114281565
887.5,28,27.9959703670779
888,28,27.9959300101833
888.5,28,27.9958903575061
889,28,27.9958514089936
889.5,28,27.9958131645078
890,28,27.9957756238264
890.5,28,27.9957387866427
891,28,27.995702652567
891.5,28,27.9956672211269
892,28,27.9956324917679
892.5,28,27.9955984638542
893,28,27.9955651366693
893.5,28,27.9955325094169
894,28,27.995500581221
894.5,28,27.9954693511274
895,28,27.9954388181036
895.5,28,27.9954089810401
896,28,27.9953798387506
896.5,28,27.9953513899733
897,28,27.9953236333709
897.5,28,27.9952965675318
898,28,27.9952701909707
898.5,28,27.9952445021292
899,28,27.9952194993767
899.5,28,27.9951951810109
900,28,27.995171545259
900.5,28,27.9951485902775
901,28,27.9951263141541
901.5,28,27.9951047149075
902,28,27.9950837904886
902.5,28,27.9950635387811
903,28,27.9950439576024
903.5,28,27.9950250447041
904,28,27.9950067977729
904.5,28,27.9949892144313
905,28,27.9949722922385
905.5,28,27.9949560286909
906,28,27.994940421223
906.5,28,27.9949254672083
907,28,27.9949111639599
907.5,28,27.994897508731
908,28,27.9948844987162
908.5,28,27.9948721310521
909,28,27.9948604028176
909.5,28,27.9948493110355
910,28,27.9948388526726
910.5,28,27.9948290246405
911,28,27.994819823797
911.5,28,27.994811246946
912,28,27.994803290839
912.5,28,27.9947959521755
913,28,27.9947892276038
913.5,28,27.994783113722
914,28,27.9947776070785
914.5,28,27.9947727041728
915,28,27.9947684014566
915.5,28,27.9947646953342
916,28,27.9947615821633
916.5,28,27.9947590582563
917,28,27.9947571198802
917.5,28,27.9947557632582
918,28,27.99475498457
918.5,28,27.9947547799528
919,28,27.9947551455017
919.5,28,27.9947560772711
920,28,27.9947575712751
920.5,28,27.994759623488
921,28,27.9947622298457
921.5,28,27.994765386246
922,28,27.9947690885496
922.5,28,27.9947733325806
923,28,27.9947781141279
923.5,28,27.9947834289449
924,28,27.9947892727514
924.5,28,27.9947956412337
925,28,27.9948025300454
925.5,28,27.9948099348085
926,28,27.9948178511137
926.5,28,27.9948262745215
927,28,27.9948352005629
927.5,28,27.9948446247402
928,28,27.9948545425273
928.5,28,27.9948649493712
929,28,27.9948758406921
929.5,28,27.9948872118845
930,28,27.9948990583179
930.5,28,27.9949113753373
931,28,27.9949241582642
931.5,28,27.9949374023975
932,28,27.9949511030136
932.5,28,27.9949652553677
933,28,27.9949798546945
933.5,28,27.9949948962084
934,28,27.9950103751049
934.5,28,27.995026286561
935,28,27.9950426257358
935.5,28,27.9950593877713
936,28,27.9950765677934
936.5,28,27.995094160912
937,28,27.9951121622225
937.5,28,27.9951305668056
938,28,27.9951493697289
938.5,28,27.9951685660468
939,28,27.9951881508016
939.5,28,27.9952081190243
940,28,27.9952284657351
940.5,28,27.9952491859438
941,28,27.9952702746511
941.5,28,27.9952917268487
942,28,27.9953135375204
942.5,28,27.9953357016424
943,28,27.9953582141842
943.5,28,27.9953810701092
944,28,27.9954042643753
944.5,28,27.9954277919355
945,28,27.9954516477388
945.5,28,27.9954758267306
946,28,27.9955003238533
946.5,28,27.9955251340472
947,28,27.9955502522508
947.5,28,27.9955756734016
948,28,27.9956013924368
948.5,28,27.9956274042938
949,28,27.9956537039107
949.5,28,27.9956802862271
950,28,27.9957071461847
950.5,28,27.9957342787277
951,28,27.9957616788035
951.5,28,27.9957893413634
952,28,27.9958172613631
952.5,28,27.995845433763
953,28,27.9958738535294
953.5,28,27.9959025156344
954,28,27.9959314150568
954.5,28,27.9959605467828
955,28,27.9959899058062
955.5,28,27.9960194871291
956,28,27.9960492857625
956.5,28,27.9960792967268
957,28,27.9961095150524
957.5,28,27.99613993578
958,28,27.9961705539613
958.5,28,27.9962013646596
959,28,27.9962323629502
959.5,28,27.9962635439207
960,28,27.9962949026719
960.5,28,27.9963264343181
961,28,27.9963581339876
961.5,28,27.9963899968231
962,28,27.9964220179824
962.5,28,27.9964541926385
963,28,27.9964865159806
963.5,28,27.9965189832141
964,28,27.9965515895613
964.5,28,27.9965843302618
965,28,27.9966172005728
965.5,28,27.99665019577
966,28,27.9966833111473
966.5,28,27.9967165420179
967,28,27.9967498837146
967.5,28,27.9967833315898
968,28,27.9968168810164
968.5,28,27.996850527388
969,28,27.9968842661193
969.5,28,27.9969180926466
970,28,27.9969520024281
970.5,28,27.9969859909443
971,28,27.9970200536983
971.5,28,27.9970541862164
972,28,27.9970883840485
972.5,28,27.9971226427679
973,28,27.9971569579725
973.5,28,27.9971913252845
974,28,27.997225740351
974.5,28,27.9972601988444
975,28,27.9972946964626
975.5,28,27.9973292289295
976,28,27.9973637919951
976.5,28,27.9973983814361
977,28,27.9974329930558
977.5,28,27.997467622685
978,28,27.9975022661818
978.5,28,27.9975369194322
979,28,27.9975715783501
979.5,28,27.9976062388779
980,28,27.9976408969867
980.5,28,27.9976755486764
981,28,27.9977101899763
981.5,28,27.9977448169448
982,28,27.9977794256705
982.5,28,27.9978140122717
983,28,27.9978485728969
983.5,28,27.9978831037254
984,28,27.9979176009669
984.5,28,27.9979520608621
985,28,27.9979864796831
985.5,28,27.9980208537333
986,28,27.9980551793476
986.5,28,27.998089452893
987,28,27.9981236707683
987.5,28,27.9981578294048
988,28,27.998191925266
988.5,28,27.9982259548482
989,28,27.9982599146805
989.5,28,27.9982938013251
990,28,27.9983276113772
990.5,28,27.9983613414655
991,28,27.9983949882521
991.5,28,27.9984285484329
992,28,27.9984620187377
992.5,28,27.99849539593
993,28,27.9985286768077
993.5,28,27.9985618582029
994,28,27.9985949369821
994.5,28,27.9986279100462
995,28,27.998660774331
995.5,28,27.9986935268068
996,28,27.9987261644791
996.5,28,27.9987586843881
997,28,27.9987910836094
997.5,28,27.9988233592534
998,28,27.9988555084662
998.5,28,27.9988875284291
999,28,27.9989194163589
999.5,28,27.9989511695078
1000,28,27.9989827851638
1000.5,28,27.9990142606506
1001,28,27.9990455933275
1001.5,28,27.9990767805898
1002,28,27.9991078198685
1002.5,28,27.9991387086306
1003,28,27.9991694443791
1003.5,28,27.9992000246529
1004,28,27.999230447027
1004.5,28,27.9992607091126
1005,28,27.9992908085567
1005.5,28,27.9993207430428
1006,28,27.9993505102902
1006.5,28,27.9993801080546
1007,28,27.9994095341277
1007.5,28,27.9994387863376
1008,28,27.9994678625482
1008.5,28,27.9994967606599
1009,28,27.9995254786092
1009.5,28,27.9995540143686
1010,28,27.9995823659468
1010.5,28,27.9996105313887
1011,28,27.9996385087752
1011.5,28,27.9996662962232
1012,28,27.9996938918858
1012.5,28,27.9997212939519
1013,28,27.9997485006465
1013.5,28,27.9997755102304
1014,28,27.9998023210001
1014.5,28,27.9998289312882
1015,28,27.9998553394629
1015.5,28,27.9998815439281
1016,28,27.9999075431231
1016.5,28,27.9999333355231
1017,28,27.9999589196385
1017.5,28,27.9999842940151
1018,28,28.0000094572343
1018.5,28,28.0000344079123
1019,28,28.0000591447009
1019.5,28,28.0000836662864
1020,28,28.0001079713906
1020.5,28,28.0001320587699
1021,28,28.0001559272153
1021.5,28,28.0001795755528
1022,28,28.0002030026426
1022.5,28,28.0002262073797
1023,28,28.000249188693
1023.5,28,28.0002719455459
1024,28,28.0002944769358
1024.5,28,28.000316781894
1025,28,28.0003388594856
1025.5,28,28.0003607088095
1026,28,28.000382328998
1026.5,28,28.000403719217
1027,28,28.0004248786656
1027.5,28,28.0004458065759
1028,28,28.0004665022132
1028.5,28,28.0004869648755
1029,28,28.0005071938936
