time,signal1
0,0
3.15544362088405e-30,1.12571857170397e-62
7.8154129790401e-07,6.90578165086491e-16
4.68924778742406e-06,2.48608133372292e-14
2.42277802350243e-05,6.6364551960563e-13
0.000121920442473026,1.68058975286348e-11
0.000610383753663032,4.21224146705072e-10
0.00305270030961306,1.05358372709123e-08
0.0152642830893632,2.63402844482612e-07
0.076322196988114,6.58269879755231e-06
0.381611766481868,0.000164255091035896
0.5,0.000281769929627172
1,0.00112357003160488
1.5,0.00252015955350585
2,0.00446632934046822
2.5,0.00695690170248667
3,0.00998673028196388
3.5,0.0135506999215237
4,0.0176437265320878
4.5,0.0222607569612177
5,0.027396768861723
5.5,0.0330467705605387
6,0.0392058009278714
6.5,0.0458689292466184
7,0.053031255082058
7.5,0.0606879081518155
8,0.0688340481961052
8.5,0.0774648648482487
9,0.086575577505473
9.5,0.0961614351999886
10,0.106217716470349
10.5,0.116739729233094
11,0.127722810654675
11.5,0.139162327023669
12,0.151053673623278
12.5,0.163392274604117
13,0.176173582857291
13.5,0.189393079887762
14,0.203046275688011
14.5,0.21712870861199
15,0.231635945249368
15.5,0.246563580300078
16,0.261907236449152
16.5,0.277662564241863
17,0.293825241959155
17.5,0.310390975493387
18,0.327355498224363
18.5,0.344714570895674
19,0.362463981491343
19.5,0.380599545112764
20,0.399117103855962
20.5,0.418012526689144
21,0.437281709330564
21.5,0.456920574126699
22,0.476925069930724
22.5,0.497291171981307
23,0.518014881781711
23.5,0.539092226979199
24,0.56051926124477
24.5,0.582292064153187
25,0.604406741063333
25.5,0.626859422998878
26,0.649646266529258
26.5,0.672763453650978
27,0.69620719166922
27.452742042206,0.717713688121088
27.4527420422062,0.717713688121099
27.4527420422065,0.71771368812111
27.5,0.719973713079777
27.5472579577935,0.722236588095345
27.6417738733806,0.726770875705931
27.8308057045548,0.735873513217575
28,0.744059275451318
28.5,0.768460161307934
29,0.793172678012043
29.5,0.818193157647598
30,0.843517956903614
30.5,0.869143456958025
31,0.895066063361858
31.5,0.921282205923728
32,0.94778833859466
32.5,0.974580939353236
33,1.00165651009106
33.5,1.02901157649857
34,1.05664268795111
34.5,1.08454641739545
35,1.1127193612365
35.5,1.14115813922441
36,1.16985939434204
36.5,1.19881979269269
37,1.22803602338817
37.5,1.25750479843722
38,1.28722285263427
38.5,1.31718694344849
39,1.3473938509132
39.5,1.37784037751559
40,1.40852334808681
40.5,1.4394396096923
41,1.4705860315226
41.5,1.50195950478433
42,1.53355694259162
42.5,1.56537527985781
43,1.59741147318749
43.5,1.62966250076894
44,1.66212536226677
44.5,1.69479707871503
45,1.72767469241054
45.0303986126627,1.72968013446032
45.0303986126632,1.72968013446035
45.5,1.76075526680668
46,1.79403588640736
46.5,1.82751365666147
47,1.86118570385753
47.1965875330867,1.87447729796803
47.1965875330871,1.87447729796806
47.1965875330876,1.8744772979681
47.5,1.89504917501878
47.8034124669124,1.91569049798915
48,1.92910123779868
48.5,1.96333908037638
49,1.99775991135299
49.5,2.03236095964786
50,2.06713947439536
50.5,2.10209272484192
51,2.13721800024343
51.5,2.17251260976295
52,2.20797388236881
52.5,2.24359916673299
53,2.27938583112985
53.5,2.31533126333521
54,2.35143287052575
54.5,2.38768807917878
55,2.42409433497225
55.5,2.46064910268522
56,2.49734986609861
56.5,2.53419412789623
57,2.57117940956623
57.5,2.60830325130286
58,2.64556321190852
58.5,2.68295686869624
59,2.72048181739235
59.5,2.75813567203966
59.9999999999995,2.79591606490079
60,2.79591606490082
60.0000000000005,2.79591606490086
60.5,2.83382064636212
61,2.87184708483755
61.5,2.90999306667325
62,2.94825629605227
62.5,2.98663449489963
63,3.02512540278782
63.5,3.06372677684248
64,3.10243639164856
64.5,3.14125203915672
65,3.18017152859007
65.5,3.21919268635132
66,3.25831335593014
66.5,3.29753139781099
67,3.33684468938114
67.5,3.37625112483915
68,3.41574861510356
68.5,3.45533508772206
69,3.49500848678084
69.5,3.53476677281433
70,3.57460792271534
70.5,3.61452992964542
71,3.65453080294559
71.5,3.69460856804743
72,3.73476126638448
72.5,3.77498695530395
73,3.81528370797876
73.5,3.85564961331994
74,3.89608277588936
74.5,3.93658131581272
75,3.97714336869295
75.5,4.01776708552387
76,4.05845063260425
76.5,4.09919219145211
77,4.13998995871942
77.5,4.18084214610706
78,4.22174698028019
78.5,4.26270270278386
79,4.30370756995895
79.5,4.34475985285855
80,4.38585783716447
80.5,4.42699982310425
81,4.46818412536841
81.5,4.50940907302799
82,4.55067300945251
82.5,4.59197429222815
83,4.63331129307634
83.5,4.67468239777257
84,4.71608600606563
84.5,4.75752053159708
85,4.79898440182108
85.5,4.84047605792456
86,4.88199395474762
86.5,4.92353656070437
87,4.965102357704
87.5,5.00668984107216
88,5.04829751947273
88.5,5.08992391482985
89,5.13156756225027
89.5,5.173227009946
90,5.21490081915734
90.5,5.25658756407613
91,5.2982858317694
91.5,5.33999422210327
92,5.38171134766716
92.5,5.42343583369841
93,5.46516631800704
93.5,5.506901450901
94,5.54863989511157
94.5,5.5903803257192
95,5.63212143007957
95.5,5.67386190775001
96,5.71560047041619
96.5,5.75733584181912
97,5.7990667576825
97.5,5.84079196564032
98,5.8825102251648
98.5,5.92422030749463
99,5.96592099556346
99.5,6.00761108392879
100,6.0492893787011
100.5,6.09095469747326
101,6.13260586925033
101.5,6.17424173437953
102,6.21586114448064
102.5,6.25746296237665
103,6.29904606202463
103.5,6.34060932844706
104,6.38215165766327
104.5,6.42367195662137
105,6.46516914313031
105.5,6.50664214579232
106,6.54808990393563
106.5,6.5895113675475
107,6.63090549720749
107.5,6.67227126402109
108,6.7136076495536
108.5,6.75491364576429
109,6.7961882549409
109.5,6.8374304896344
110,6.87863937259401
110.5,6.91981393670257
111,6.96095322491217
111.5,7.00205629018004
112,7.04312219540476
112.5,7.08415001336276
113,7.12513882664509
113.5,7.16608772759444
114,7.20699581824254
114.5,7.24786221024774
115,7.28868602483292
115.5,7.32946639272369
116,7.37020245408687
116.5,7.41089335846918
117,7.45153826473636
117.5,7.49213634101238
118,7.5326867646191
118.5,7.5731887220161
119,7.6136414087408
119.5,7.65404402934892
120,7.69439579735514
120.5,7.73469593517406
121,7.77494367406145
121.5,7.81513825405578
122,7.85527892391996
122.5,7.89536494108342
123,7.93539557158446
123.5,7.97537009001278
124,8.01528777945241
124.5,8.05514793142483
125,8.09494984583233
125.5,8.13469283090174
126,8.17437620312833
126.5,8.21399928721999
127,8.25356141604177
127.5,8.29306193056053
128,8.33250017978997
128.5,8.3718755207359
129,8.41118731834174
129.5,8.45043494543428
130,8.48961778266978
130.5,8.52873521848019
131,8.56778664901978
131.5,8.60677147811193
132,8.64568911719617
132.5,8.68453898527558
133,8.72332050886432
133.5,8.76203312193549
134,8.80067626586923
134.5,8.83924938940108
135,8.87775194857057
135.5,8.91618340667005
136,8.95454323419386
136.5,8.99283090878762
137,9.03104591519788
137.5,9.06918774522197
138,9.10725589765808
138.5,9.14524987825564
139,9.1831691996659
139.5,9.2210133813928
140,9.25878194974401
140.5,9.29647443778232
141,9.33409038527718
141.5,9.37162933865656
142,9.40909085095896
142.5,9.44647448178576
143,9.48377979725372
143.5,9.52100636994783
144,9.55815377887428
144.5,9.59522160941373
145,9.63220945327482
145.5,9.66911690844793
146,9.7059435791591
146.5,9.74268907582428
147,9.77935301500376
147.5,9.81593501935683
148,9.85243471759673
148.5,9.88885174444573
149,9.92518574059058
149.5,9.96143635263804
150,9.99760323307075
150.5,10.0336860402033
151,10.0696844381385
151.5,10.1055980967239
152,10.1414266915085
152.5,10.1771699036998
153,10.2128274201211
153.5,10.2483989331685
154,10.283884140769
154.5,10.3192827463381
155,10.3545944587381
155.5,10.3898189922361
156,10.424956066463
156.5,10.4600054063716
157,10.4949667421963
157.5,10.5298398094117
158,10.5646243486922
158.5,10.599320105872
159,10.6339268319042
159.5,10.6684442828214
160,10.7028722196958
160.5,10.7372104085999
161,10.7714586205666
161.5,10.8056166315508
162,10.8396842223902
162.5,10.8736611787665
163,10.9075472911673
163.5,10.9413423548474
164,10.9750461697911
164.5,11.0086585406744
165,11.042179276827
165.5,11.0756081921952
166,11.1089451053047
166.5,11.1421898392233
167,11.1753422215243
167.5,11.20840208425
168,11.2413692638749
168.5,11.2742436012701
169,11.3070249416667
169.5,11.3397131346203
170,11.3723080339754
170.5,11.4048094978299
171,11.4372173884999
171.5,11.4695315724849
172,11.5017519204327
172.5,11.5338783071048
173,11.5659106113422
173.5,11.5978487160312
174,11.6296925080689
174.5,11.6614418783299
175,11.6930967216323
175.5,11.7246569367046
176,11.7561224261518
176.5,11.7874930964231
177,11.8187688577784
177.5,11.8499496242558
178,11.8810353136393
178.5,11.9120258474262
179,11.942921150795
179.5,11.9737211525734
180,12.0044257852067
180.5,12.0350349847262
181,12.0655486907175
181.5,12.0959668462897
182,12.126289398044
182.5,12.1565162960431
183,12.1866474937802
183.5,12.2166829481489
184,12.2466226194126
184.5,12.2764664711744
185,12.3062144703472
185.5,12.3358665871238
186,12.3654227949475
186.5,12.3948830704822
187,12.4242473935838
187.5,12.4535157472705
188,12.4826881176942
188.5,12.5117644941118
189,12.5407448688561
189.5,12.5696292373084
190,12.598417597869
190.5,12.6271099519303
191,12.6557063038482
191.5,12.6842066609144
192,12.7126110333292
192.5,12.7409194341738
193,12.7691318793833
193.5,12.7972483877193
194,12.8252689807432
194.5,12.8531936827897
195,12.8810225209397
195.5,12.9087555249944
196,12.9363927274485
196.5,12.9639341634648
197,12.9913798708476
197.5,13.0187298900174
198,13.0459842639851
198.5,13.0731430383264
199,13.1002062611568
199.5,13.1271739831063
200,13.1540462572945
200.5,13.1808231393055
201,13.2075046871637
201.5,13.2340909613088
202,13.2605820245718
202.5,13.2869779421506
203,13.3132787815859
203.5,13.3394846127375
204,13.3655955077603
204.5,13.3916115410809
205,13.4175327893739
205.5,13.4433593315388
206,13.4690912486769
206.5,13.494728624068
207,13.5202715431476
207.5,13.5457200934846
208,13.5710743647581
208.5,13.5963344487352
209,13.621500439249
209.5,13.6465724321762
210,13.6715505254148
210.5,13.6964348188631
211,13.7212254143969
211.5,13.7459224158488
212,13.7705259289864
212.5,13.7950360614908
213,13.8194529229361
213.5,13.8437766247674
214,13.868007280281
214.5,13.8921450046029
215,13.9161899146683
215.5,13.9401421292014
216,13.9640017686949
216.5,13.9877689553898
217,14.0114438132553
217.5,14.0350264679688
218,14.0585170468965
218.5,14.0819156790732
219,14.105222495183
219.5,14.1284376275398
220,14.1515612100684
220.5,14.1745933782847
221,14.1975342692773
221.5,14.2203840216881
222,14.243142775694
222.5,14.2658106729878
223,14.2883878567602
223.5,14.3108744716809
224,14.3332706638808
224.5,14.3555765809333
225,14.3777923718371
225.5,14.3999181869974
226,14.421954178209
226.5,14.443900498638
227,14.4657573028044
227.5,14.4875247465652
228,14.5092029870965
228.5,14.5307921828765
229,14.5522924936689
229.5,14.5737040805052
230,14.5950271056687
230.5,14.6162617326773
231,14.6374081262669
231.5,14.6584664523755
232,14.6794368781262
232.5,14.7003195718113
233,14.7211147028764
233.5,14.7418224419039
234,14.7624429605975
234.5,14.7829764317665
235,14.8034230293096
235.5,14.8237829282003
236,14.8440563044703
236.5,14.8642433351954
237,14.8843441984793
237.5,14.904359073439
238,14.9242881401897
238.5,14.9441315798301
239,14.9638895744272
239.5,14.9835623070022
240,15.0031499615152
240.5,15.0226527228517
241,15.0420707768074
241.5,15.0614043100745
242,15.0806535102273
242.5,15.0998185657081
243,15.1188996658137
243.5,15.1378970006811
244,15.1568107612741
244.5,15.1756411393694
245,15.1943883275433
245.5,15.2130525191584
246,15.2316339083499
246.5,15.2501326900126
247,15.268549059788
247.5,15.2868832140507
248,15.3051353498961
248.5,15.3233056651274
249,15.3413943582425
249.5,15.359401628422
250,15.3773276755161
250.5,15.3951727000325
251,15.4129369031241
251.5,15.4306204865764
251.815844935633,15.4417495703948
251.815844935635,15.4417495703948
252,15.4482236527957
252.184155064365,15.4546868539434
252.5,15.465746604797
253,15.4831895461918
253.5,15.5005526811766
254,15.5178362145208
254.5,15.535040351555
255,15.5521652981599
255.5,15.5692112607541
256,15.5861784462832
256.5,15.6030670622083
257,15.6198773164947
257.5,15.636609417601
258,15.6532635744676
258.5,15.6698399965063
259,15.6863388935889
259.5,15.7027604760368
260,15.7191049546101
260.5,15.7353725404969
261,15.7515634453031
261.5,15.7676778810414
262,15.7837160601217
262.5,15.79967819534
263,15.8155644998688
263.5,15.8313751872466
264,15.8471104713683
264.5,15.8627705664748
265,15.8783556871434
265.5,15.8938660482779
266,15.9093018650991
266.5,15.9246633531348
267,15.9399507282105
267.5,15.9551642064402
268,15.9703040042164
268.5,15.9853703382012
269,16.0003634253172
269.5,16.0152834827379
270,16.0301307278789
270.5,16.0449053783891
271,16.0596076521413
271.5,16.0742377672237
272,16.0887959419313
272.5,16.1032823947565
273,16.1176973443814
273.5,16.1320410096684
274,16.1463136096525
274.5,16.1605153635323
275,16.174646490662
275.5,16.1887072105431
276,16.2026977428161
276.5,16.2166183072525
277,16.2304691237469
277.5,16.2442504123088
278,16.2579623930546
278.5,16.2716052862004
279,16.2851793120534
279.5,16.2986846910049
280,16.3121216435223
280.5,16.3254903901419
281,16.3387911514609
281.5,16.3520241481304
282,16.3651896008482
282.5,16.3782877303509
283,16.3913187574073
283.5,16.4042829028109
284,16.4171803873732
284.5,16.4300114319161
285,16.4427762572656
285.5,16.4554750842443
286,16.4681081336652
286.5,16.4806756263245
287,16.4931777829949
287.5,16.5056148244194
288,16.5179869713043
288.5,16.5302944443129
289,16.542537464059
289.5,16.5547162511005
290,16.5668310259331
290.5,16.5788820089842
291,16.5908694206064
291.5,16.6027934810716
292,16.6146544105648
292.5,16.6264524291782
293,16.6381877569051
293.5,16.6498606136341
294,16.6614712191433
294.5,16.6730197930943
295,16.6845065550267
295.5,16.6959317243524
296,16.7072955203497
296.5,16.7185981621583
297,16.7298398687733
297.5,16.7410208590398
298,16.7521413516478
298.5,16.7632015651268
299,16.7742017178403
299.5,16.7851420279806
300,16.796022713564
300.5,16.806843992425
301,16.8176060822121
301.5,16.8283092003821
302,16.8389535641953
302.5,16.8495393907108
303,16.8600668967815
303.5,16.8705362990492
304,16.8809478139401
304.5,16.8913016576598
305,16.901598046189
305.5,16.9118371952786
306,16.9220193204451
306.5,16.9321446369665
307,16.9422133598774
307.5,16.9522257039651
308,16.9621818837645
308.5,16.9720821135545
309,16.9819266073535
309.5,16.9917155789152
310,17.0014492417242
310.5,17.0111278089923
311,17.020751493654
311.5,17.030320508363
312,17.0398350654878
312.5,17.0492953771077
313,17.0587016550094
313.5,17.0680541106827
314,17.077352955317
314.5,17.0865983997973
315,17.0957906547007
315.5,17.1049299302926
316,17.1140164365232
316.5,17.1230503830239
317,17.1320319791037
317.5,17.1409614337458
318,17.1498389556039
318.5,17.1586647529993
319,17.1674390339171
319.5,17.176162006003
320,17.1848338765601
320.5,17.1934548525455
321,17.2020251405674
321.5,17.2105449468816
322,17.2190144773886
322.5,17.2274339376305
323,17.2358035327879
323.5,17.2441234676768
324,17.2523939467461
324.5,17.260615174074
325,17.2687873533658
325.5,17.2769106879506
326,17.2849853807785
326.5,17.2930116344182
327,17.300989651054
327.5,17.308919632483
328,17.3168017801129
328.5,17.3246362949588
329,17.332423377641
329.5,17.3401632283824
330,17.3478560470061
330.5,17.3555020329325
331,17.3631013851773
331.5,17.3706543023489
332,17.3781609826463
332.5,17.3856216238562
333,17.3930364233514
333.5,17.4004055780879
334,17.4077292846032
334.5,17.4150077390138
335,17.422241137013
335.5,17.4294296738689
336,17.4365735444226
336.5,17.4436729430854
337,17.4507280638375
337.5,17.4577391002255
338,17.4647062453608
338.5,17.4716296919174
339,17.4785096321301
339.5,17.4853462577926
340,17.4921397602558
340.5,17.4988903304259
341,17.5055981587624
341.5,17.5122634352768
342,17.5188863495304
342.5,17.5254670906329
343,17.532005847241
343.5,17.5385028075561
344,17.5449581593231
344.5,17.551372089829
345,17.5577447859009
345.5,17.5640764339051
346,17.5703672197448
346.5,17.5766173288594
347,17.5828269462228
347.5,17.5889962563418
348,17.595125443255
348.5,17.6012146905314
349,17.6072641812688
349.5,17.613274098093
350,17.6192446231562
350.5,17.6251759381358
351,17.6310682242333
351.5,17.6369216621729
352,17.6427364322008
352.5,17.6485127140833
353,17.6542506871065
353.5,17.6599505300746
354,17.6656124213094
354.5,17.6712365386486
355,17.6768230594455
355.5,17.6823721605673
356,17.6878840183949
356.5,17.6933588088212
357,17.6987967072508
357.5,17.7041978885988
358,17.70956252729
358.5,17.714890797258
359,17.7201828719446
359.5,17.7254389242986
360,17.7306591267754
360.5,17.7358436513362
361,17.7409926694471
361.5,17.7461063520784
362,17.7511848697041
362.5,17.7562283923012
363,17.7612370893487
363.5,17.7662111298277
364,17.77115068222
364.5,17.776055914508
365,17.7809269941742
365.5,17.7857640882003
366,17.7905673630669
366.5,17.795336984753
367,17.8000731187357
367.5,17.8047759299893
368,17.8094455829853
368.5,17.8140822416916
369,17.8186860695726
369.5,17.8232572295883
370,17.8277958841941
370.5,17.8323021953409
371,17.8367763244741
371.5,17.8412184325338
372,17.845628679954
372.5,17.8500072266632
373,17.8543542320831
373.5,17.8586698551291
374,17.86295425421
374.5,17.8672075872276
375,17.8714300115765
375.5,17.8756216841441
376,17.8797827613105
376.5,17.8839133989482
377,17.8880137524222
377.5,17.8920839765896
378,17.8961242257998
378.5,17.9001346538945
379,17.9041154142073
379.5,17.9080666595639
380,17.9119885422823
380.5,17.9158812141724
381,17.9197448265363
381.5,17.9235795301682
382,17.9273854753544
382.5,17.9311628118738
383,17.9349116889973
383.5,17.9386322554885
384,17.9423246596033
384.5,17.9459890490907
385,17.9496255711921
385.5,17.9532343726423
386,17.9568155996689
386.5,17.9603693979931
387,17.9638959128295
387.5,17.9673952888868
388,17.9708676703671
388.5,17.9743132009673
389,17.9777320238785
389.5,17.9811242817867
390,17.9844901168727
390.5,17.9878296708128
391,17.9911430847791
391.5,17.9944304994393
392,17.9976920549577
392.5,18.0009278909949
393,18.0041381467089
393.5,18.0073229607548
394,18.0104824712854
394.5,18.0136168159518
395,18.0167261319036
395.5,18.0198105557892
396,18.0228702237565
396.5,18.0259052714533
397,18.0289158340276
397.5,18.0319020461281
398,18.0348640419048
398.5,18.0378019550093
399,18.0407159185954
399.5,18.0436060653198
400,18.0464725273421
400.5,18.0493154363259
401,18.052134923439
401.5,18.0549311193539
402,18.0577041542489
402.5,18.0604541578077
403,18.063181259221
403.5,18.0658855871864
404,18.0685672699093
404.5,18.0712264351035
405,18.0738632099915
405.5,18.0764777213058
406,18.0790700952887
406.5,18.0816404576937
407,18.0841889337857
407.5,18.0867156483417
408,18.0892207256517
408.5,18.0917042895191
409,18.0941664632617
409.5,18.0966073697122
410,18.0990271312188
410.5,18.1014258696462
411,18.1038037063761
411.5,18.1061607623082
412,18.1084971578606
412.5,18.1108130129706
413,18.1131084470958
413.5,18.1153835792146
414,18.1176385278269
414.5,18.1198734109549
415,18.1220883461443
415.5,18.1242834504644
416,18.1264588405095
416.5,18.1286146323995
417,18.1307509417805
417.5,18.132867883826
418,18.1349655732375
418.5,18.1370441242453
419,18.1391036506097
419.5,18.1411442656213
420,18.1431660821023
420.5,18.1451692124072
421,18.1471537684236
421.5,18.1491198615732
422,18.1510676028128
422.5,18.1529971026347
423,18.1549084710683
423.5,18.1568018176805
424,18.1586772515765
424.5,18.1605348814014
425,18.1623748153403
425.5,18.1641971611198
426,18.1660020260086
426.5,18.1677895168187
427,18.1695597399062
427.5,18.1713128011721
428,18.1730488060637
428.5,18.1747678595749
429,18.1764700662478
429.5,18.1781555301734
430,18.1798243549925
430.5,18.1814766438966
431,18.1831124996293
431.5,18.1847320244869
432,18.1863353203196
432.5,18.1879224885321
433,18.1894936300854
433.5,18.1910488454969
434,18.1925882348421
434.5,18.1941118977551
435,18.1956199334301
435.5,18.197112440622
436,18.1985895176478
436.5,18.2000512623872
437,18.201497772284
437.5,18.2029291443472
438,18.2043454751515
438.5,18.2057468608389
439,18.2071333971196
439.5,18.208505179273
440,18.2098623021485
440.5,18.2112048601672
441,18.2125329473224
441.5,18.2138466571808
442,18.2151460828838
442.5,18.2164313171483
443,18.2177024522678
443.5,18.2189595801138
444,18.2202027921363
444.5,18.2214321793656
445,18.2226478324127
445.5,18.2238498414709
446,18.2250382963166
446.5,18.2262132863106
447,18.2273749003991
447.5,18.2285232271146
448,18.2296583545775
448.5,18.2307803704968
449,18.2318893621711
449.5,18.2329854164904
450,18.2340686199364
450.5,18.2351390585841
451,18.2361968181027
451.5,18.2372419837569
452,18.2382746404079
452.5,18.2392948725147
453,18.2403027641349
453.5,18.2412983989261
454,18.2422818601469
454.5,18.2432532306582
455,18.244212592924
455.5,18.2451600290131
456,18.2460956205996
456.5,18.2470194489644
457,18.2479315949964
457.5,18.2488321391934
458,18.2497211616633
458.5,18.2505987421256
459,18.2514649599119
459.5,18.2523198939677
460,18.253163622853
460.5,18.253996224744
461,18.2548177774337
461.5,18.2556283583334
462,18.2564280444739
462.5,18.2572169125063
463,18.2579950387036
463.5,18.2587624989615
464,18.2595193687998
464.5,18.2602657233633
465,18.2610016374233
465.5,18.2617271853785
466,18.2624424412562
466.5,18.2631474787136
467,18.2638423710388
467.5,18.264527191152
468,18.2652020116069
468.5,18.2658669045914
469,18.2665219419292
469.5,18.2671671950807
470,18.2678027351443
470.5,18.2684286328575
471,18.2690449585982
471.5,18.2696517823856
472,18.2702491738817
472.5,18.2708372023921
473,18.2714159368675
473.5,18.2719854459047
474,18.2725457977479
474.5,18.2730970602896
475,18.273639301072
475.5,18.2741725872881
476,18.274696985783
476.5,18.2752125630546
477,18.2757193852556
477.5,18.2762175181938
478,18.2767070273338
478.5,18.2771879777979
479,18.2776604343675
479.5,18.2781244614841
480,18.2785801232506
480.5,18.2790274834322
481,18.2794666054579
481.5,18.2798975524214
482,18.2803203870824
482.5,18.2807351718678
483,18.2811419688729
483.5,18.2815408398621
484,18.2819318462709
484.5,18.2823150492062
485,18.282690509448
485.5,18.2830582874506
486,18.2834184433432
486.5,18.2837710369318
487,18.2841161276997
487.5,18.2844537748091
488,18.2847840371021
488.5,18.2851069731019
489,18.2854226410137
489.5,18.2857310987264
490,18.2860324038133
490.5,18.2863266135332
491,18.2866137848318
491.5,18.2868939743431
492,18.2871672383898
492.5,18.2874336329851
493,18.2876932138336
493.5,18.2879460363324
494,18.2881921555725
494.5,18.2884316263395
495,18.2886645031152
495.5,18.2888908400784
496,18.2891106911064
496.5,18.2893241097757
497,18.2895311493634
497.5,18.2897318628484
498,18.2899263029125
498.5,18.2901145219411
499,18.2902965720252
499.5,18.2904725049615
500,18.2906423722546
500.5,18.2908062251172
501,18.2909641144716
501.5,18.2911160909512
502,18.291262204901
502.5,18.2914025063789
503,18.291537045157
503.5,18.2916658707228
504,18.2917890322799
504.5,18.2919065787495
505,18.2920185587712
505.5,18.2921250207045
506,18.2922260126296
506.5,18.2923215823485
507,18.2924117773863
507.5,18.2924966449923
508,18.292576232141
508.5,18.292650585533
509,18.2927197515966
509.5,18.2927837764884
510,18.2928427060948
510.5,18.2928965860329
511,18.2929454616514
511.5,18.2929893780322
512,18.2930283799908
512.5,18.2930625120782
513,18.2930918185813
513.5,18.2931163435243
514,18.2931361306697
514.5,18.2931512235195
515,18.293161665316
515.5,18.2931674990432
516,18.2931687674278
516.5,18.29316551294
517,18.293157777795
517.5,18.2931456039536
518,18.2931290331236
518.5,18.293108106761
519,18.2930828660704
519.5,18.2930533520068
520,18.2930196052763
520.5,18.2929816663371
521,18.2929395754008
521.5,18.2928933724332
522,18.2928430971555
522.5,18.2927887890453
523,18.2927304873375
523.5,18.2926682310258
524,18.2926020588632
524.5,18.2925320093632
525,18.2924581208012
525.5,18.2923804312149
526,18.2922989784058
526.5,18.2922137999403
527,18.2921249331501
527.5,18.2920324151341
528,18.2919362827585
528.5,18.2918365726587
529,18.2917333212396
529.5,18.2916265646771
530,18.2915163389188
530.5,18.2914026796853
531,18.291285622471
531.5,18.2911652025449
532,18.2910414549523
532.5,18.2909144145149
533,18.2907841158326
533.5,18.290650593284
534,18.2905138810275
534.5,18.2903740130025
535,18.29023102293
535.5,18.290084944314
536,18.2899358104422
536.5,18.289783654387
537,18.2896285090068
537.5,18.2894704069465
538,18.2893093806388
538.5,18.2891454623049
539,18.2889786839559
539.5,18.2888090773934
540,18.2886366742105
540.5,18.288461505793
541,18.2882836033199
541.5,18.288102997765
542,18.2879197198973
542.5,18.2877338002821
543,18.2875452692822
543.5,18.2873541570584
544,18.287160493571
544.5,18.2869643085801
545,18.286765631647
545.5,18.2865644921352
546,18.2863609192108
546.5,18.2861549418441
547,18.2859465888099
547.5,18.2857358886888
548,18.2855228698683
548.5,18.2853075605431
549,18.2850899887166
549.5,18.2848701822016
550,18.2846481686211
550.5,18.2844239754094
551,18.2841976298128
551.5,18.2839691588909
552,18.283738589517
552.5,18.2835059483794
553,18.2832712619819
553.5,18.2830345566451
554,18.2827958585071
554.5,18.2825551935243
555,18.2823125874726
555.5,18.2820680659479
556,18.2818216543673
556.5,18.2815733779695
557,18.2813232618164
557.5,18.2810713307934
558,18.2808176096105
558.5,18.2805621228031
559,18.2803048947329
559.5,18.2800459495886
560,18.2797853113871
560.5,18.2795230039742
561,18.2792590510252
561.5,18.2789934760461
562,18.2787263023743
562.5,18.2784575531795
563,18.2781872514645
563.5,18.2779154200659
564,18.2776420816553
564.5,18.2773672587398
565,18.2770909736629
565.5,18.2768132486056
566,18.2765341055868
566.5,18.2762535664645
567,18.2759716529362
567.5,18.2756883865403
568,18.2754037886563
568.5,18.2751178805063
569,18.2748306831549
569.5,18.2745422175109
570,18.2742525043277
570.5,18.273961564204
571,18.2736694175848
571.5,18.2733760847622
572,18.2730815858761
572.5,18.2727859409149
573,18.2724891697165
573.5,18.2721912919691
574,18.2718923272118
574.5,18.2715922948354
575,18.2712912140834
575.5,18.2709891040524
576,18.2706859836933
576.5,18.2703818718118
577,18.2700767870693
577.5,18.2697707479834
578,18.269463772929
578.5,18.269155880139
579,18.2688470877048
579.5,18.2685374135774
580,18.2682268755679
580.5,18.2679154913484
581,18.2676032784527
581.5,18.2672902542768
582,18.2669764360801
582.5,18.266661840986
583,18.2663464859822
583.5,18.2660303879221
584,18.2657135635252
584.5,18.2653960293775
585,18.2650778019329
585.5,18.2647588975135
586,18.2644393323104
586.5,18.2641191223844
587,18.2637982836668
587.5,18.26347683196
588,18.2631547829382
588.5,18.2628321521484
589,18.2625089550106
589.5,18.2621852068189
590,18.2618609227421
590.5,18.2615361178244
591,18.2612108069859
591.5,18.2608850050238
592,18.2605587266122
592.5,18.2602319863039
593,18.2599047985302
593.5,18.259577177602
594,18.2592491377103
594.5,18.2589206929269
595,18.2585918572054
595.5,18.2582626443814
596,18.2579330681732
596.5,18.257603142183
597,18.2572728798969
597.5,18.256942294686
598,18.2566113998068
598.5,18.2562802084021
599,18.2559487335014
599.5,18.2556169880217
600,18.2552849847681
600.5,18.2549527364345
601,18.2546202556042
601.5,18.2542875547506
602,18.2539546462375
602.5,18.2536215423204
603,18.2532882551465
603.5,18.2529547967556
604,18.2526211790808
604.5,18.2522874139488
605,18.2519535130811
605.5,18.251619488094
606,18.2512853504995
606.5,18.2509511117061
607,18.2506167830188
607.5,18.2502823756407
608,18.2499479006725
608.5,18.2496133691139
609,18.2492787918639
609.5,18.2489441797214
610,18.2486095433858
610.5,18.2482748934577
611,18.2479402404393
611.5,18.2476055947353
612,18.2472709666531
612.5,18.2469363664037
613,18.246601804102
613.5,18.2462672897678
614,18.2459328333258
614.5,18.2455984446067
615,18.2452641333476
615.5,18.2449299091925
616,18.2445957816926
616.5,18.2442617603077
617,18.2439278544057
617.5,18.2435940732641
618,18.24326042607
618.5,18.2429269219206
619,18.2425935698244
619.5,18.2422603787008
620,18.2419273573816
620.5,18.2415945146108
621,18.2412618590455
621.5,18.2409293992566
622,18.2405971437288
622.5,18.2402651008616
623,18.2399332789699
623.5,18.239601686284
624,18.2392703309507
624.5,18.2389392210334
625,18.2386083645128
625.5,18.2382777692877
626,18.237947443175
626.5,18.2376173939106
627,18.2372876291497
627.5,18.2369581564673
628,18.2366289833591
628.5,18.2363001172415
629,18.2359715654524
629.5,18.2356433352516
630,18.2353154338213
630.5,18.2349878682667
631,18.2346606456164
631.5,18.2343337728229
632,18.2340072567631
632.5,18.2336811042389
633,18.2333553219776
633.5,18.2330299166322
634,18.2327048947821
634.5,18.2323802629338
635,18.2320560275209
635.5,18.2317321949049
636,18.2314087713754
636.5,18.2310857631509
637,18.2307631763792
637.5,18.2304410171376
638,18.2301192914337
638.5,18.2297980052056
639,18.2294771643227
639.5,18.2291567745856
640,18.2288368417271
640.5,18.2285173714126
641,18.2281983692402
641.5,18.2278798407413
642,18.2275617913813
642.5,18.2272442265598
643,18.226927151611
643.5,18.2266105718043
644,18.2262944923448
644.5,18.2259789183735
645,18.2256638549677
645.5,18.225349307142
646,18.225035279848
646.5,18.224721777975
647,18.2244088063509
647.5,18.2240963697418
648,18.2237844728529
648.5,18.223473120329
649,18.2231623167547
649.5,18.2228520666548
650,18.222542374495
650.5,18.2222332446819
651,18.2219246815639
651.5,18.2216166894311
652,18.221309272516
652.5,18.2210024349939
653,18.2206961809832
653.5,18.2203905145461
654,18.2200854396884
654.5,18.2197809603605
655,18.2194770804574
655.5,18.2191738038194
656,18.2188711342322
656.5,18.2185690754275
657,18.2182676310834
657.5,18.2179668048245
658,18.2176666002227
658.5,18.2173670207971
659,18.2170680700149
659.5,18.2167697512915
660,18.2164720679907
660.5,18.2161750234256
661,18.2158786208582
661.5,18.2155828635007
662,18.215287754515
662.5,18.2149932970138
663,18.2146994940603
663.5,18.2144063486691
664,18.2141138638062
664.5,18.2138220423896
665,18.2135308872896
665.5,18.2132404013289
666,18.2129505872833
666.5,18.2126614478821
667,18.212372985808
667.5,18.2120852036979
668,18.2117981041428
668.5,18.2115116896888
669,18.2112259628368
669.5,18.2109409260431
670,18.2106565817197
670.5,18.210372932235
671,18.2100899799133
671.5,18.209807727036
672,18.2095261758414
672.5,18.2092453285254
673,18.2089651872414
673.5,18.208685754101
674,18.2084070311741
674.5,18.2081290204894
675,18.2078517240345
675.5,18.2075751437564
676,18.2072992815619
676.5,18.2070241393176
677,18.2067497188505
677.5,18.2064760219482
678,18.2062030503591
678.5,18.205930805793
679,18.2056592899211
679.5,18.2053885043766
680,18.2051184507547
680.5,18.2048491306131
681,18.2045805454723
681.5,18.2043126968159
682,18.2040455860906
682.5,18.2037792147071
683,18.2035135840398
683.5,18.2032486954273
684,18.202984550173
684.5,18.2027211495449
685,18.2024584947761
685.5,18.2021965870651
686,18.2019354275762
686.5,18.2016750174397
687,18.2014153577518
687.5,18.2011564495755
688,18.2008982939407
688.5,18.2006408918441
689,18.20038424425
689.5,18.2001283520901
690,18.1998732162641
690.5,18.1996188376401
691,18.1993652170542
691.5,18.1991123553115
692,18.198860253186
692.5,18.1986089114211
693,18.1983583307294
693.5,18.1981085117936
694,18.1978594552661
694.5,18.1976111617697
695,18.197363631898
695.5,18.1971168662151
696,18.1968708652561
696.5,18.1966256295277
697,18.1963811595079
697.5,18.1961374556468
698,18.1958945183661
698.5,18.1956523480602
699,18.195410945096
699.5,18.1951703098129
700,18.1949304425237
700.5,18.1946913435144
701,18.1944530130442
701.5,18.1942154513465
702,18.1939786586285
702.5,18.1937426350714
703,18.1935073808313
703.5,18.1932728960388
704,18.1930391807992
704.5,18.1928062351933
705,18.1925740592771
705.5,18.1923426530823
706,18.1921120166165
706.5,18.191882149863
707,18.191653052782
707.5,18.1914247253096
708,18.191197167359
708.5,18.1909703788203
709,18.1907443595606
709.5,18.1905191094246
710,18.1902946282345
710.5,18.1900709157903
711,18.18984797187
711.5,18.1896257962299
712,18.1894043886048
712.5,18.1891837487081
713,18.188963876232
713.5,18.1887447708478
714,18.1885264322062
714.5,18.1883088599372
715,18.1880920536506
715.5,18.187876012936
716,18.1876607373633
716.5,18.1874462264824
717,18.1872324798238
717.5,18.1870194968987
718,18.1868072771992
718.5,18.1865958201984
719,18.1863851253506
719.5,18.1861751920918
720,18.1859660198393
720.5,18.1857576079924
721,18.1855499559325
721.5,18.1853430630231
722,18.1851369286101
722.5,18.184931552022
723,18.1847269325701
723.5,18.1845230695484
724,18.1843199622343
724.5,18.1841176098884
725,18.1839160117548
725.5,18.1837151670612
726,18.1835150750191
726.5,18.1833157348241
727,18.183117145656
727.5,18.1829193066789
728,18.1827222170413
728.5,18.1825258758767
729,18.1823302823031
729.5,18.1821354354237
730,18.1819413343271
730.5,18.181747978087
731,18.1815553657626
731.5,18.181363496399
732,18.181172369027
732.5,18.1809819826635
733,18.1807923363116
733.5,18.1806034289606
734,18.1804152595865
734.5,18.1802278271518
735,18.1800411306059
735.5,18.179855168885
736,18.1796699409127
736.5,18.1794854455996
737,18.1793016818439
737.5,18.1791186485313
738,18.1789363445354
738.5,18.1787547687173
739,18.1785739199265
739.5,18.1783937970005
740,18.1782143987652
740.5,18.1780357240349
741,18.1778577716124
741.5,18.1776805402895
742,18.1775040288467
742.5,18.1773282360537
743,18.1771531606692
743.5,18.1769788014412
744,18.1768051571075
744.5,18.176632226395
745,18.1764600080207
745.5,18.1762885006912
746,18.1761177031034
746.5,18.1759476139439
747,18.1757782318901
747.5,18.1756095556093
748,18.1754415837595
748.5,18.1752743149896
749,18.1751077479389
749.5,18.1749418812379
750,18.1747767135079
750.5,18.1746122433616
751,18.1744484694028
751.5,18.1742853902268
752,18.1741230044204
752.5,18.1739613105622
753,18.1738003072224
753.5,18.1736399929632
754,18.1734803663387
754.5,18.1733214258954
755,18.1731631701719
755.5,18.173005597699
756,18.1728487070003
756.5,18.172692496592
757,18.1725369649827
757.5,18.1723821106741
758,18.1722279321609
758.5,18.1720744279307
759,18.1719215964644
759.5,18.171769436236
760,18.1716179457132
760.5,18.1714671233569
761,18.1713169676218
761.5,18.1711674769563
762,18.1710186498025
762.5,18.1708704845966
763,18.1707229797688
763.5,18.1705761337433
764,18.1704299449387
764.5,18.1702844117679
765,18.1701395326383
765.5,18.1699953059518
766,18.1698517301049
766.5,18.1697088034889
767,18.16956652449
767.5,18.1694248914893
768,18.169283902863
768.5,18.1691435569823
769,18.1690038522138
769.5,18.1688647869193
770,18.1687263594562
770.5,18.1685885681772
771,18.1684514114307
771.5,18.1683148875609
772,18.1681789949077
772.5,18.168043731807
773,18.1679090965904
773.5,18.1677750875859
774,18.1676417031174
774.5,18.1675089415053
775,18.167376801066
775.5,18.1672452801127
776,18.1671143769547
776.5,18.1669840898982
777,18.1668544172459
777.5,18.1667253572973
778,18.1665969083488
778.5,18.1664690686937
779,18.1663418366221
779.5,18.1662152104215
780,18.1660891883763
780.5,18.1659637687684
781,18.1658389498767
781.5,18.1657147299778
782,18.1655911073456
782.5,18.1654680802516
783,18.165345646965
783.5,18.1652238057525
784,18.1651025548788
784.5,18.1649818926064
785,18.1648618171957
785.5,18.164742326905
786,18.1646234199909
786.5,18.164505094708
787,18.1643873493092
787.5,18.1642701820456
788,18.1641535911666
788.5,18.1640375749202
789,18.1639221315529
789.5,18.1638072593096
790,18.1636929564339
790.5,18.1635792211682
791,18.1634660517535
791.5,18.1633534464299
792,18.163241403436
792.5,18.1631299210098
793,18.163018997388
793.5,18.1629086308065
794,18.1627988195005
794.5,18.1626895617041
795,18.1625808556509
795.5,18.162472699574
796,18.1623650917054
796.5,18.1622580302772
797,18.1621515135204
797.5,18.162045539666
798,18.1619401069446
798.5,18.1618352135863
799,18.161730857821
799.5,18.1616270378787
800,18.1615237519889
800.5,18.1614209983812
801,18.1613187752852
801.5,18.1612170809304
802,18.1611159135466
802.5,18.1610152713636
803,18.1609151526115
803.5,18.1608155555204
804,18.1607164783211
804.5,18.1606179192444
805,18.1605198765218
805.5,18.1604223483849
806,18.1603253330663
806.5,18.1602288287986
807,18.1601328338155
807.5,18.1600373463511
808,18.1599423646402
808.5,18.1598478869184
809,18.1597539114223
809.5,18.1596604363889
810,18.1595674600566
810.5,18.1594749806644
811,18.1593829964524
811.5,18.1592915056617
812,18.1592005065346
812.5,18.1591099973143
813,18.1590199762454
813.5,18.1589304415736
814,18.1588413915459
814.5,18.1587528244105
815,18.1586647384169
815.5,18.1585771318163
816,18.158490002861
816.5,18.1584033498049
817,18.1583171709033
817.5,18.1582314644132
818,18.158146228593
818.5,18.1580614617029
819,18.1579771620047
819.5,18.1578933277618
820,18.1578099572396
820.5,18.1577270487048
821,18.1576446004265
821.5,18.1575626106752
822,18.1574810777235
822.5,18.1573999998459
823,18.1573193753187
823.5,18.1572392024204
824,18.1571594794315
824.5,18.1570802046345
825,18.1570013763139
825.5,18.1569229927565
826,18.1568450522512
826.5,18.1567675530891
827,18.1566904935635
827.5,18.15661387197
828,18.1565376866065
828.5,18.1564619357731
829,18.1563866177725
829.5,18.1563117309095
830,18.1562372734916
830.5,18.1561632438284
831,18.1560896402324
831.5,18.1560164610183
832,18.1559437045034
832.5,18.1558713690075
833,18.1557994528533
833.5,18.1557279543656
834,18.1556568718723
834.5,18.1555862037039
835,18.1555159481933
835.5,18.1554461036764
836,18.1553766684919
836.5,18.155307640981
837,18.155239019488
837.5,18.1551708023599
838,18.1551029879464
838.5,18.1550355746004
839,18.1549685606775
839.5,18.1549019445363
840,18.1548357245382
840.5,18.1547698990478
841,18.1547044664325
841.5,18.1546394250628
842,18.1545747733124
842.5,18.1545105095578
843,18.1544466321786
843.5,18.1543831395579
844,18.1543200300813
844.5,18.1542573021382
845,18.1541949541206
845.5,18.1541329844241
846,18.1540713914473
846.5,18.1540101735921
847,18.1539493292636
847.5,18.1538888568703
848,18.1538287548239
848.5,18.1537690215393
849,18.1537096554349
849.5,18.1536506549323
850,18.1535920184567
850.5,18.1535337444363
851,18.1534758313031
851.5,18.1534182774922
852,18.1533610814423
852.5,18.1533042415955
853,18.1532477563973
853.5,18.1531916242968
854,18.1531358437465
854.5,18.1530804132024
855,18.1530253311242
855.5,18.1529705959749
856,18.1529162062211
856.5,18.1528621603332
857,18.1528084567849
857.5,18.1527550940536
858,18.1527020706204
858.5,18.1526493849698
859,18.1525970355902
859.5,18.1525450209735
860,18.1524933396153
860.5,18.1524419900148
861,18.152390970675
861.5,18.1523402801026
862,18.1522899168079
862.5,18.1522398793051
863,18.1521901661118
863.5,18.1521407757498
864,18.1520917067444
864.5,18.1520429576246
865,18.1519945269233
865.5,18.1519464131771
866,18.1518986149267
866.5,18.1518511307161
867,18.1518039590935
867.5,18.1517570986108
868,18.1517105478238
868.5,18.1516643052921
869,18.151618369579
869.5,18.151572739252
870,18.1515274128823
870.5,18.1514823890448
871,18.1514376663185
871.5,18.1513932432864
872,18.1513491185351
872.5,18.1513052906553
873,18.1512617582417
873.5,18.1512185198926
874,18.1511755742106
874.5,18.1511329198021
875,18.1510905552773
875.5,18.1510484792506
876,18.1510066903402
876.5,18.1509651871683
877,18.150923968361
877.5,18.1508830325486
878,18.1508423783651
878.5,18.1508020044487
879,18.1507619094415
879.5,18.1507220919895
880,18.1506825507429
880.5,18.1506432843558
881,18.1506042914863
881.5,18.1505655707966
882,18.1505271209527
882.5,18.1504889406249
883,18.1504510284875
883.5,18.1504133832185
884,18.1503760035003
884.5,18.1503388880191
885,18.1503020354654
885.5,18.1502654445335
886,18.1502291139218
886.5,18.1501930423329
887,18.1501572284731
887.5,18.1501216710532
888,18.1500863687878
888.5,18.1500513203955
889,18.1500165245992
889.5,18.1499819801255
890,18.1499476857055
890.5,18.149913640074
891,18.1498798419701
891.5,18.1498462901368
892,18.1498129833213
892.5,18.1497799202748
893,18.1497470997526
893.5,18.149714520514
894,18.1496821813225
894.5,18.1496500809455
895,18.1496182181546
895.5,18.1495865917255
896,18.1495552004379
896.5,18.1495240430755
897,18.1494931184263
897.5,18.1494624252821
898,18.149431962439
898.5,18.1494017286969
899,18.1493717228602
899.5,18.1493419437369
900,18.1493123901393
900.5,18.1492830608839
901,18.1492539547909
901.5,18.1492250706849
902,18.1491964073944
902.5,18.1491679637521
903,18.1491397385945
903.5,18.1491117307623
904,18.1490839391005
904.5,18.1490563624577
905,18.1490289996869
905.5,18.149001849645
906,18.148974911193
906.5,18.1489481831959
907,18.1489216645227
907.5,18.1488953540466
908,18.1488692506448
908.5,18.1488433531984
909,18.1488176605925
909.5,18.1487921717166
910,18.1487668854637
910.5,18.1487418007313
911,18.1487169164206
911.5,18.148692231437
912,18.1486677446898
912.5,18.1486434550923
913,18.1486193615619
913.5,18.14859546302
914,18.1485717583919
914.5,18.148548246607
915,18.1485249265985
915.5,18.1485017973039
916,18.1484788576645
916.5,18.1484561066254
917,18.1484335431361
917.5,18.1484111661496
918,18.1483889746232
918.5,18.1483669675181
919,18.1483451437994
919.5,18.1483235024361
920,18.1483020424012
920.5,18.1482807626716
921,18.1482596622283
921.5,18.1482387400561
922,18.1482179951436
922.5,18.1481974264836
923,18.1481770330726
923.5,18.1481568139111
924,18.1481367680035
924.5,18.148116894358
925,18.1480971919869
925.5,18.1480776599062
926,18.1480582971359
926.5,18.1480391026997
927,18.1480200756254
927.5,18.1480012149446
928,18.1479825196926
928.5,18.1479639889087
929,18.1479456216361
929.5,18.1479274169216
930,18.1479093738162
930.5,18.1478914913743
931,18.1478737686545
931.5,18.147856204719
932,18.1478387986338
932.5,18.1478215494688
933,18.1478044562978
933.5,18.147787518198
934,18.1477707342509
934.5,18.1477541035413
935,18.1477376251581
935.5,18.1477212981937
936,18.1477051217446
936.5,18.1476890949106
937,18.1476732167957
937.5,18.1476574865073
938,18.1476419031567
938.5,18.1476264658588
939,18.1476111737323
939.5,18.1475960258996
940,18.1475810214868
940.5,18.1475661596236
941,18.1475514394435
941.5,18.1475368600836
942,18.1475224206848
942.5,18.1475081203914
943,18.1474939583516
943.5,18.1474799337172
944,18.1474660456435
944.5,18.1474522932896
945,18.1474386758181
945.5,18.1474251923953
946,18.147411842191
946.5,18.1473986243788
947,18.1473855381357
947.5,18.1473725826423
948,18.1473597570828
948.5,18.1473470606451
949,18.1473344925205
949.5,18.1473220519038
950,18.1473097379936
950.5,18.1472975499918
951,18.147285487104
951.5,18.147273548539
952,18.1472617335095
952.5,18.1472500412315
953,18.1472384709246
953.5,18.1472270218117
954,18.1472156931193
954.5,18.1472044840775
955,18.1471933939196
955.5,18.1471824218824
956,18.1471715672064
956.5,18.1471608291352
957,18.1471502069161
957.5,18.1471396997997
958,18.1471293070398
958.5,18.1471190278941
959,18.1471088616231
959.5,18.1470988074912
960,18.1470888647659
960.5,18.1470790327181
961,18.1470693106221
961.5,18.1470596977555
962,18.1470501933993
962.5,18.1470407968378
963,18.1470315073586
963.5,18.1470223242526
964,18.1470132468141
964.5,18.1470042743405
965,18.1469954061329
965.5,18.1469866414951
966,18.1469779797346
966.5,18.1469694201621
967,18.1469609620913
967.5,18.1469526048394
968,18.1469443477268
968.5,18.1469361900771
969,18.146928131217
969.5,18.1469201704764
970,18.1469123071887
970.5,18.1469045406902
971,18.1468968703204
971.5,18.1468892954221
972,18.1468818153412
972.5,18.1468744294266
973,18.1468671370307
973.5,18.1468599375086
974,18.1468528302188
974.5,18.1468458145229
975,18.1468388897856
975.5,18.1468320553745
976,18.1468253106605
976.5,18.1468186550175
977,18.1468120878225
977.5,18.1468056084556
978,18.1467992162999
978.5,18.1467929107414
979,18.1467866911693
979.5,18.1467805569758
980,18.1467745075562
980.5,18.1467685423085
981,18.1467626606341
981.5,18.1467568619371
982,18.1467511456245
982.5,18.1467455111067
983,18.1467399577965
983.5,18.1467344851101
984,18.1467290924664
984.5,18.1467237792874
985,18.1467185449977
985.5,18.1467133890251
986,18.1467083108003
986.5,18.1467033097568
987,18.1466983853309
987.5,18.1466935369619
988,18.1466887640919
988.5,18.146684066166
989,18.1466794426319
989.5,18.1466748929404
990,18.1466704165448
990.5,18.1466660129015
991,18.1466616814696
991.5,18.146657421711
992,18.1466532330904
992.5,18.1466491150754
993,18.146645067136
993.5,18.1466410887454
994,18.1466371793792
994.5,18.146633338516
995,18.146629565637
995.5,18.1466258602262
996,18.1466222217702
996.5,18.1466186497584
997,18.1466151436828
997.5,18.1466117030383
998,18.1466083273221
998.5,18.1466050160344
999,18.1466017686781
999.5,18.1465985847583
1000,18.1465954637833
1000.5,18.1465924052635
1001,18.1465894087125
1001.5,18.1465864736459
1002,18.1465835995824
1002.5,18.1465807860429
1003,18.1465780325513
1003.5,18.1465753386337
1004,18.1465727038189
1004.5,18.1465701276382
1005,18.1465676096257
1005.5,18.1465651493177
1006,18.1465627462533
1006.5,18.1465603999738
1007,18.1465581100234
1007.5,18.1465558759485
1008,18.146553697298
1008.5,18.1465515736235
1009,18.1465495044789
1009.5,18.1465474894207
1010,18.1465455280076
1010.5,18.1465436198009
1011,18.1465417643645
1011.5,18.1465399612644
1012,18.1465382100693
1012.5,18.1465365103502
1013,18.1465348616804
1013.5,18.1465332636356
1014,18.1465317157942
1014.5,18.1465302177365
1015,18.1465287690455
1015.5,18.1465273693064
1016,18.1465260181069
1016.5,18.1465247150367
1017,18.1465234596883
1017.5,18.1465222516561
1018,18.1465210905371
1018.5,18.1465199759304
1019,18.1465189074374
1019.5,18.146517884662
1020,18.14651690721
1020.5,18.1465159746899
1021,18.1465150867122
1021.5,18.1465142428895
1022,18.1465134428371
1022.5,18.146512686172
1023,18.1465119725137
1023.5,18.146511301484
1024,18.1465106727067
1024.5,18.1465100858079
1025,18.1465095404158
1025.5,18.1465090361608
1026,18.1465085726756
1026.5,18.1465081495949
1027,18.1465077665555
1027.5,18.1465074231966
1028,18.1465071191592
1028.5,18.1465068540867
1029,18.1465066276245
1029.5,18.1465064394201
1030,18.146506289123
1030.5,18.146506176385
1031,18.1465061008599
1031.5,18.1465060622034
1032,18.1465060600735
1032.5,18.1465060941302
1033,18.1465061640354
1033.5,18.1465062694531
1034,18.1465064100495
1034.5,18.1465065854926
1035,18.1465067954524
1035.5,18.1465070396012
1036,18.1465073176129
1036.5,18.1465076291637
1037,18.1465079739315
1037.5,18.1465083515964
1038,18.1465087618405
1038.5,18.1465092043475
1039,18.1465096788034
1039.5,18.1465101848959
1040,18.1465107223148
