Temps (s),Consigne (°C),Erreur (°C),Thermistance 1 - T1 (°C),Thermistance 2 - T2 (°C),Thermistance 3 - T3 (°C),T4',Thermistance 3 estimée - T3_moy (°C),Commande (PWM),Voltage T1 (V),Voltage T2 (V),Voltage T3 (V)
1.2795746326446533,30,0.0,22.84,23.16,23.2,,23.2,-10.0,1.63,1.51,1.55
1.5507545471191406,30,0.0,22.84,23.16,23.2,,23.2,-10.0,1.63,1.51,1.55
2.018061876296997,30,0.0,22.84,23.16,23.2,,23.2,-10.0,1.63,1.51,1.55
2.5232346057891846,30,0.0,22.84,23.16,23.2,,23.2,-10.0,1.63,1.51,1.55
3.0332324504852295,30,0.0,22.79,23.16,23.2,,23.2,-10.0,1.62,1.51,1.55
3.5306060314178467,30,0.0,22.75,23.16,23.2,,23.2,-10.0,1.62,1.51,1.55
4.03126859664917,30,0.0,22.7,23.16,23.2,,23.2,-10.0,1.61,1.51,1.55
4.532274484634399,30,0.0,22.66,23.16,23.2,,23.2,-10.0,1.6,1.51,1.55
5.031383037567139,30,0.0,22.57,23.16,23.2,,23.2,-10.0,1.6,1.51,1.55
5.531392812728882,30,0.0,22.52,23.16,23.2,,23.2,-10.0,1.59,1.51,1.55
6.031890392303467,30,0.0,22.43,23.16,23.2,,23.2,-10.0,1.58,1.51,1.55
6.533257722854614,30,0.0,22.39,23.16,23.2,,23.2,-10.0,1.58,1.51,1.55
7.049269437789917,30,0.0,22.34,23.16,23.2,,23.2,-10.0,1.57,1.51,1.55
7.547663688659668,30,0.0,22.3,23.16,23.2,,23.2,-10.0,1.57,1.51,1.55
8.046274900436401,30,0.0,22.21,23.16,23.2,,23.2,-10.0,1.56,1.51,1.55
8.547180891036987,30,0.0,22.16,23.12,23.2,,23.2,-10.0,1.55,1.51,1.55
9.046384334564209,30,0.0,22.12,23.16,23.2,,23.2,-10.0,1.55,1.51,1.55
9.546669006347656,30,0.0,22.08,23.12,23.2,,23.2,-10.0,1.54,1.51,1.55
10.044605493545532,30,0.0,22.03,23.12,23.23,,23.23,-10.0,1.54,1.51,1.55
10.5466628074646,30,0.0,21.99,23.12,23.2,,23.2,-10.0,1.53,1.51,1.55
11.046807527542114,30,0.0,21.94,23.12,23.2,,23.2,-10.0,1.53,1.51,1.55
11.546908617019653,30,0.0,21.9,23.12,23.2,,23.2,-10.0,1.52,1.51,1.55
12.046483755111694,30,0.0,21.85,23.09,23.2,,23.2,-10.0,1.52,1.5,1.55
12.54569149017334,30,0.0,21.81,23.09,23.2,,23.2,-10.0,1.52,1.5,1.55
13.060796022415161,30,0.0,21.81,23.09,23.2,,23.2,-10.0,1.52,1.5,1.55
13.5568265914917,30,0.0,21.76,23.06,23.2,,23.2,-10.0,1.51,1.5,1.55
14.060400247573853,30,0.0,21.72,23.06,23.2,,23.2,-10.0,1.51,1.5,1.55
14.56640362739563,30,0.0,21.67,23.06,23.2,,23.2,-10.0,1.5,1.5,1.55
15.061671257019043,30,0.0,21.63,23.06,23.23,,23.23,-10.0,1.5,1.5,1.56
15.56273865699768,30,0.0,21.63,23.02,23.2,,23.2,-10.0,1.5,1.49,1.55
16.061527967453003,30,0.0,21.58,23.02,23.2,,23.2,-10.0,1.49,1.49,1.55
16.560843229293823,30,0.0,21.54,23.02,23.2,,23.2,-10.0,1.49,1.49,1.55
17.0610032081604,30,0.0,21.54,22.99,23.2,,23.2,-10.0,1.49,1.49,1.55
17.561020135879517,30,0.0,21.49,22.99,23.2,,23.2,-10.0,1.48,1.49,1.55
18.078665733337402,30,0.0,21.49,22.99,23.2,,23.2,-10.0,1.48,1.49,1.55
18.577314853668213,30,0.0,21.45,22.96,23.2,,23.2,-10.0,1.48,1.49,1.55
19.07602596282959,30,0.0,21.4,22.96,23.2,,23.2,-10.0,1.47,1.48,1.55
19.576310634613037,30,0.0,21.4,22.96,23.2,,23.2,-10.0,1.47,1.48,1.55
20.077728033065796,30,0.0,21.36,22.93,23.2,,23.2,-10.0,1.47,1.48,1.55
20.57664179801941,30,0.0,21.36,22.93,23.2,,23.2,-10.0,1.47,1.48,1.55
21.07402276992798,30,0.0,21.31,22.93,23.2,,23.2,-10.0,1.46,1.48,1.55
21.577608346939087,30,0.0,21.31,22.93,23.2,,23.2,-10.0,1.46,1.48,1.55
22.07502007484436,30,0.0,21.27,22.89,23.2,,23.2,-10.0,1.46,1.47,1.55
22.574451446533203,30,0.0,21.22,22.89,23.2,,23.2,-10.0,1.46,1.47,1.55
23.074646711349487,30,0.0,21.22,22.86,23.2,,23.2,-10.0,1.45,1.47,1.55
23.575562715530396,30,0.0,21.18,22.86,23.2,,23.2,-10.0,1.45,1.47,1.55
24.091371059417725,30,0.0,21.18,22.86,23.16,,23.16,-10.0,1.45,1.47,1.55
24.59131383895874,30,0.0,21.18,22.86,23.16,,23.16,-10.0,1.45,1.47,1.55
25.09038519859314,30,0.0,21.14,22.83,23.16,,23.16,-10.0,1.44,1.46,1.55
25.590505599975586,30,0.0,21.14,22.83,23.16,,23.16,-10.0,1.44,1.46,1.55
26.088940382003784,30,0.0,21.09,22.79,23.16,,23.16,-10.0,1.44,1.46,1.55
26.590355396270752,30,0.0,21.09,22.79,23.16,,23.16,-10.0,1.44,1.46,1.55
27.088079690933228,30,0.0,21.09,22.79,23.16,,23.16,-10.0,1.43,1.46,1.55
27.589385986328125,30,0.0,21.05,22.79,23.13,,23.13,-10.0,1.43,1.45,1.55
28.09127163887024,30,0.0,21.05,22.76,23.16,,23.16,-10.0,1.43,1.45,1.54
28.593788146972656,30,0.0,21.0,22.76,23.13,,23.13,-10.0,1.43,1.45,1.54
29.105974674224854,30,0.0,21.0,22.73,23.13,,23.13,-10.0,1.43,1.45,1.54
29.605836391448975,30,0.0,20.96,22.73,23.13,,23.13,-10.0,1.42,1.45,1.54
30.10585069656372,30,0.0,20.96,22.73,23.13,,23.13,-10.0,1.42,1.45,1.54
30.605425357818604,30,0.0,20.96,22.69,23.13,,23.13,-10.0,1.42,1.44,1.54
31.104156494140625,30,0.0,20.91,22.69,23.13,,23.13,-10.0,1.42,1.44,1.54
31.605809450149536,30,0.0,20.91,22.69,23.09,,23.09,-10.0,1.42,1.44,1.54
32.10298013687134,30,0.0,20.91,22.66,23.09,,23.09,-10.0,1.42,1.44,1.54
32.60545253753662,30,0.0,20.87,22.66,23.09,,23.09,-10.0,1.41,1.44,1.54
33.103132247924805,30,0.0,20.87,22.66,23.09,,23.09,-10.0,1.41,1.43,1.54
33.60427451133728,30,0.0,20.82,22.63,23.09,,23.09,-10.0,1.41,1.43,1.54
34.104716777801514,30,0.0,20.82,22.63,23.09,,23.09,-10.0,1.41,1.43,1.53
34.60506749153137,30,0.0,20.82,22.59,23.06,,23.06,-10.0,1.41,1.43,1.53
35.120503187179565,30,0.0,20.82,22.59,23.06,,23.06,-10.0,1.41,1.43,1.53
35.61899256706238,30,0.0,20.78,22.59,23.06,,23.06,-10.0,1.4,1.43,1.53
36.12137508392334,30,0.0,20.78,22.56,23.06,,23.06,-10.0,1.4,1.42,1.53
36.620258808135986,30,0.0,20.73,22.56,23.06,,23.06,-10.0,1.4,1.42,1.53
37.118505001068115,30,0.0,20.73,22.56,23.02,,23.02,-10.0,1.4,1.42,1.53
37.62224745750427,30,0.0,20.73,22.56,23.02,,23.02,-10.0,1.4,1.42,1.53
38.12422823905945,30,0.0,20.69,22.53,23.02,,23.02,-10.0,1.39,1.42,1.53
38.620256662368774,30,0.0,20.69,22.53,23.02,,23.02,-10.0,1.39,1.42,1.53
39.12123417854309,30,0.0,20.69,22.5,23.02,,23.02,-10.0,1.39,1.41,1.53
39.618738889694214,30,0.0,20.64,22.5,23.02,,23.02,-10.0,1.39,1.41,1.53
40.120004415512085,30,0.0,20.64,22.5,23.02,,23.02,-10.0,1.39,1.41,1.52
40.63714575767517,30,0.0,20.64,22.46,22.98,,22.98,-10.0,1.39,1.41,1.52
41.13456988334656,30,0.0,20.64,22.46,22.98,,22.98,-10.0,1.39,1.41,1.52
41.63323354721069,30,0.0,20.64,22.46,22.98,,22.98,-10.0,1.38,1.41,1.52
42.13361620903015,30,0.0,20.6,22.46,22.98,,22.98,-10.0,1.38,1.41,1.52
42.63303470611572,30,0.0,20.6,22.43,22.95,,22.95,-10.0,1.38,1.41,1.52
43.13581705093384,30,0.0,20.6,22.43,22.95,,22.95,-10.0,1.38,1.4,1.52
43.63378977775574,30,0.0,20.55,22.43,22.95,,22.95,-10.0,1.38,1.4,1.52
44.14174509048462,30,0.0,20.55,22.4,22.95,,22.95,-10.0,1.38,1.4,1.52
44.63093304634094,30,0.0,20.55,22.4,22.91,,22.91,-10.0,1.38,1.4,1.52
45.13755512237549,30,0.0,20.55,22.4,22.91,,22.91,-10.0,1.38,1.4,1.52
45.64777135848999,30,0.0,20.55,22.4,22.91,,22.91,-10.0,1.37,1.39,1.52
46.15005683898926,30,0.0,20.51,22.36,22.91,,22.91,-10.0,1.38,1.39,1.52
46.64987254142761,30,0.0,20.51,22.36,22.91,,22.91,-10.0,1.37,1.39,1.52
47.15142512321472,30,0.0,20.51,22.36,22.88,,22.88,-10.0,1.37,1.39,1.52
47.65144419670105,30,0.0,20.46,22.33,22.88,,22.88,-10.0,1.37,1.39,1.51
48.148181200027466,30,0.0,20.46,22.33,22.88,,22.88,-10.0,1.37,1.39,1.51
48.64825224876404,30,0.0,20.46,22.33,22.88,,22.88,-10.0,1.37,1.39,1.51
49.14740347862244,30,0.0,20.46,22.33,22.88,,22.88,-10.0,1.37,1.38,1.51
49.64823937416077,30,0.0,20.46,22.3,22.88,,22.88,-10.0,1.37,1.38,1.51
50.14952254295349,30,0.0,20.46,22.3,22.84,,22.84,-10.0,1.37,1.38,1.51
50.65668964385986,30,0.0,20.42,22.3,22.84,,22.84,-10.0,1.37,1.38,1.51
51.16071343421936,30,0.0,20.42,22.26,22.84,,22.84,-10.0,1.36,1.38,1.51
51.66234230995178,30,0.0,20.42,22.26,22.84,,22.84,-10.0,1.36,1.38,1.51
52.16705369949341,30,0.0,20.42,22.26,22.81,,22.81,-10.0,1.36,1.38,1.5
52.663973331451416,30,0.0,20.42,22.23,22.81,,22.81,-10.0,1.36,1.37,1.5
53.16430044174194,30,0.0,20.37,22.23,22.81,,22.81,-10.0,1.36,1.37,1.5
53.662314653396606,30,0.0,20.37,22.23,22.81,,22.81,-10.0,1.36,1.37,1.5
54.164480686187744,30,0.0,20.37,22.2,22.77,,22.77,-10.0,1.35,1.37,1.5
54.66331768035889,30,0.0,20.37,22.2,22.77,,22.77,-10.0,1.35,1.37,1.5
55.16270852088928,30,0.0,20.33,22.2,22.77,,22.77,-10.0,1.35,1.37,1.5
55.66503405570984,30,0.0,20.33,22.2,22.74,,22.74,-10.0,1.35,1.37,1.49
56.16361403465271,30,0.0,20.33,22.2,22.74,,22.74,-10.0,1.35,1.36,1.49
56.66538453102112,30,0.0,20.33,22.16,22.74,,22.74,-10.0,1.35,1.36,1.49
57.180882692337036,30,0.0,20.29,22.16,22.7,,22.7,-10.0,1.35,1.36,1.49
57.679508447647095,30,0.0,20.29,22.13,22.74,,22.74,-10.0,1.35,1.36,1.49
58.185014724731445,30,0.0,20.29,22.13,22.7,,22.7,-10.0,1.35,1.36,1.49
58.682570934295654,30,0.0,20.24,22.13,22.7,,22.7,-10.0,1.35,1.36,1.49
59.18065524101257,30,0.0,20.24,22.13,22.7,,22.7,-10.0,1.34,1.36,1.49
59.6785454750061,30,0.0,20.24,22.1,22.66,,22.66,-10.0,1.34,1.36,1.48
60.179198265075684,30,0.0,20.24,22.1,22.66,,22.66,-10.0,1.34,1.35,1.48
60.67805814743042,30,0.0,20.24,22.06,22.66,,22.66,-10.0,1.34,1.35,1.48
61.18319344520569,30,0.0,20.24,22.06,22.66,,22.66,-10.0,1.34,1.35,1.48
61.67874717712402,30,0.0,20.24,22.06,22.66,,22.66,-10.0,1.34,1.35,1.48
62.18791317939758,30,0.0,20.2,22.06,22.63,,22.63,-10.0,1.34,1.35,1.48
62.6921923160553,30,0.0,20.2,22.06,22.63,,22.63,-10.0,1.34,1.35,1.48
63.18208909034729,30,0.0,20.2,22.03,22.59,,22.59,-10.0,1.34,1.34,1.47
63.69275879859924,30,0.0,20.2,22.03,22.59,,22.59,-10.0,1.34,1.34,1.47
64.19247531890869,30,0.0,20.15,22.03,22.59,,22.59,-10.0,1.33,1.34,1.47
64.68988275527954,30,0.0,20.15,22.0,22.59,,22.59,-10.0,1.33,1.34,1.47
65.1943690776825,30,0.0,20.15,22.0,22.56,,22.56,-10.0,1.33,1.34,1.47
65.69108366966248,30,0.0,20.15,22.0,22.56,,22.56,-10.0,1.33,1.34,1.47
66.19498705863953,30,0.0,20.15,22.0,22.56,,22.56,-10.0,1.33,1.34,1.47
66.70194625854492,30,0.0,20.15,21.96,22.56,,22.56,-10.0,1.33,1.33,1.47
67.19521617889404,30,0.0,20.11,21.96,22.56,,22.56,-10.0,1.33,1.33,1.46
67.7066547870636,30,0.0,20.11,21.96,22.52,,22.52,-10.0,1.33,1.33,1.46
68.20873665809631,30,0.0,20.11,21.96,22.52,,22.52,-10.0,1.33,1.33,1.46
68.70704364776611,30,0.0,20.11,21.93,22.52,,22.52,-10.0,1.33,1.33,1.46
69.2100601196289,30,0.0,20.11,21.93,22.52,,22.52,-10.0,1.33,1.33,1.46
69.70789909362793,30,0.0,20.11,21.93,22.49,,22.49,-10.0,1.33,1.33,1.46
70.20640921592712,30,0.0,20.11,21.93,22.49,,22.49,-10.0,1.33,1.33,1.46
70.70657062530518,30,0.0,20.11,21.93,22.49,,22.49,-10.0,1.32,1.32,1.46
71.20642709732056,30,0.0,20.11,21.9,22.49,,22.49,-10.0,1.32,1.32,1.45
71.70725965499878,30,0.0,20.06,21.9,22.45,,22.45,-10.0,1.32,1.32,1.45
72.20493531227112,30,0.0,20.06,21.9,22.45,,22.45,-10.0,1.32,1.32,1.45
72.70535397529602,30,0.0,20.06,21.86,22.45,,22.45,-10.0,1.32,1.32,1.45
73.20713114738464,30,0.0,20.06,21.86,22.45,,22.45,-10.0,1.32,1.32,1.45
73.72212839126587,30,0.0,20.06,21.86,22.42,,22.42,-10.0,1.32,1.32,1.45
74.21883034706116,30,0.0,20.02,21.86,22.42,,22.42,-10.0,1.32,1.32,1.45
74.72078776359558,30,0.0,20.02,21.86,22.42,,22.42,-10.0,1.32,1.31,1.45
75.22384524345398,30,0.0,20.02,21.83,22.42,,22.42,-10.0,1.32,1.31,1.45
75.7200255393982,30,0.0,20.02,21.83,22.42,,22.42,-10.0,1.32,1.31,1.45
76.22213053703308,30,0.0,20.02,21.83,22.38,,22.38,-10.0,1.32,1.31,1.44
76.7214527130127,30,0.0,20.02,21.83,22.38,,22.38,-10.0,1.32,1.31,1.44
77.22156524658203,30,0.0,20.02,21.8,22.38,,22.38,-10.0,1.31,1.31,1.44
77.72084999084473,30,0.0,19.97,21.8,22.38,,22.38,-10.0,1.31,1.31,1.44
78.22796416282654,30,0.0,19.97,21.8,22.34,,22.34,-10.0,1.31,1.31,1.44
78.7372179031372,30,0.0,19.97,21.8,22.34,,22.34,-10.0,1.31,1.31,1.44
79.22183179855347,30,0.0,19.97,21.76,22.34,,22.34,-10.0,1.31,1.31,1.44
79.73657464981079,30,0.0,19.93,21.76,22.34,,22.34,-10.0,1.31,1.3,1.44
80.23813033103943,30,0.0,19.97,21.76,22.31,,22.31,-10.0,1.31,1.3,1.43
80.73545479774475,30,0.0,19.93,21.76,22.31,,22.31,-10.0,1.31,1.3,1.43
81.23595309257507,30,0.0,19.93,21.73,22.31,,22.31,-10.0,1.31,1.3,1.43
81.73570942878723,30,0.0,19.93,21.73,22.31,,22.31,-10.0,1.31,1.3,1.43
82.23028826713562,30,0.0,19.93,21.73,22.31,,22.31,-10.0,1.31,1.3,1.43
82.73504734039307,30,0.0,19.93,21.73,22.27,,22.27,-10.0,1.31,1.3,1.43
83.2354953289032,30,0.0,19.88,21.7,22.27,,22.27,-10.0,1.31,1.3,1.43
83.73437523841858,30,0.0,19.93,21.7,22.27,,22.27,-10.0,1.3,1.3,1.43
84.2392520904541,30,0.0,19.88,21.7,22.27,,22.27,-10.0,1.3,1.3,1.43
84.73868227005005,30,0.0,19.88,21.7,22.27,,22.27,-10.0,1.3,1.3,1.42
85.25176429748535,30,0.0,19.88,21.66,22.24,,22.24,-10.0,1.3,1.3,1.43
85.76820111274719,30,0.0,19.88,21.66,22.24,,22.24,-10.0,1.3,1.29,1.42
86.25341153144836,30,0.0,19.84,21.66,22.24,,22.24,-10.0,1.3,1.29,1.42
86.7478859424591,30,0.0,19.88,21.66,22.24,,22.24,-10.0,1.3,1.29,1.42
87.25248765945435,30,0.0,19.84,21.66,22.2,,22.2,-10.0,1.3,1.29,1.42
87.75230145454407,30,0.0,19.84,21.66,22.2,,22.2,-10.0,1.3,1.29,1.42
88.25359344482422,30,0.0,19.84,21.63,22.2,,22.2,-10.0,1.3,1.29,1.42
88.75034928321838,30,0.0,19.84,21.63,22.2,,22.2,-10.0,1.3,1.29,1.42
89.25363636016846,30,0.0,19.84,21.63,22.17,,22.17,-10.0,1.3,1.29,1.42
89.76513719558716,30,0.0,19.84,21.63,22.17,,22.17,-10.0,1.3,1.29,1.41
90.26459884643555,30,0.0,19.84,21.63,22.17,,22.17,-10.0,1.3,1.28,1.41
90.76450705528259,30,0.0,19.84,21.6,22.17,,22.17,-10.0,1.3,1.28,1.41
91.26484847068787,30,0.0,19.79,21.6,22.13,,22.13,-10.0,1.3,1.28,1.41
91.76565456390381,30,0.0,19.79,21.6,22.13,,22.13,-10.0,1.3,1.28,1.41
92.2641396522522,30,0.0,19.79,21.56,22.13,,22.13,-10.0,1.3,1.28,1.41
92.76071619987488,30,0.0,19.79,21.56,22.13,,22.13,-10.0,1.3,1.28,1.41
93.26655292510986,30,0.0,19.79,21.56,22.13,,22.13,-10.0,1.3,1.28,1.41
93.7662627696991,30,0.0,19.79,21.56,22.09,,22.09,-10.0,1.3,1.28,1.4
94.28102111816406,30,0.0,19.79,21.56,22.13,,22.13,-10.0,1.29,1.28,1.4
94.76485705375671,30,0.0,19.75,21.56,22.09,,22.09,-10.0,1.29,1.28,1.4
95.26454901695251,30,0.0,19.75,21.53,22.09,,22.09,-10.0,1.29,1.27,1.4
95.78352999687195,30,0.0,19.75,21.53,22.09,,22.09,-10.0,1.29,1.27,1.4
96.27778148651123,30,0.0,19.75,21.53,22.06,,22.06,-10.0,1.29,1.27,1.4
96.78003549575806,30,0.0,19.75,21.53,22.06,,22.06,-10.0,1.29,1.27,1.4
97.28013014793396,30,0.0,19.75,21.5,22.06,,22.06,-10.0,1.29,1.27,1.4
97.77346277236938,30,0.0,19.75,21.53,22.06,,22.06,-10.0,1.29,1.27,1.4
98.27973651885986,30,0.0,19.7,21.5,22.06,,22.06,-10.0,1.29,1.27,1.4
98.77692365646362,30,0.0,19.7,21.5,22.02,,22.02,-10.0,1.29,1.27,1.39
99.27982449531555,30,0.0,19.7,21.5,22.02,,22.02,-10.0,1.29,1.27,1.39
99.77746367454529,30,0.0,19.7,21.5,22.02,,22.02,-10.0,1.29,1.26,1.39
100.27890157699585,30,0.0,19.7,21.46,22.02,,22.02,-10.0,1.29,1.26,1.39
100.77808904647827,30,0.0,19.66,21.46,21.99,,21.99,-10.0,1.29,1.26,1.39
101.29567503929138,30,0.0,19.7,21.46,22.02,,22.02,-10.0,1.29,1.26,1.39
101.79754686355591,30,0.0,19.66,21.46,21.99,,21.99,-10.0,1.28,1.26,1.39
102.29825901985168,30,0.0,19.66,21.46,21.99,,21.99,-10.0,1.29,1.26,1.39
102.79385924339294,30,0.0,19.66,21.43,21.99,,21.99,-10.0,1.28,1.26,1.39
103.29802083969116,30,0.0,19.66,21.43,21.99,,21.99,-10.0,1.28,1.26,1.39
103.79074263572693,30,0.0,19.66,21.43,21.99,,21.99,-10.0,1.28,1.26,1.38
104.29558753967285,30,0.0,19.66,21.43,21.95,,21.95,-10.0,1.28,1.26,1.38
104.79623055458069,30,0.0,19.66,21.43,21.95,,21.95,-10.0,1.28,1.25,1.38
105.2925751209259,30,0.0,19.61,21.4,21.95,,21.95,-10.0,1.28,1.25,1.38
105.79680347442627,30,0.0,19.61,21.4,21.95,,21.95,-10.0,1.28,1.25,1.38
106.29631781578064,30,0.0,19.61,21.4,21.92,,21.92,-10.0,1.28,1.25,1.38
106.80504059791565,30,0.0,19.61,21.4,21.92,,21.92,-10.0,1.28,1.25,1.38
107.31015181541443,30,0.0,19.61,21.4,21.92,,21.92,-10.0,1.28,1.25,1.38
107.81080341339111,30,0.0,19.61,21.4,21.92,,21.92,-10.0,1.28,1.25,1.38
108.31066346168518,30,0.0,19.61,21.4,21.92,,21.92,-10.0,1.28,1.25,1.38
108.8111789226532,30,0.0,19.61,21.36,21.88,,21.88,-10.0,1.27,1.25,1.37
109.30776190757751,30,0.0,19.57,21.36,21.88,,21.88,-10.0,1.28,1.24,1.37
109.80703067779541,30,0.0,19.57,21.36,21.88,,21.88,-10.0,1.28,1.25,1.37
110.3056411743164,30,0.0,19.57,21.36,21.88,,21.88,-10.0,1.28,1.24,1.37
110.80886363983154,30,0.0,19.57,21.33,21.88,,21.88,-10.0,1.27,1.24,1.37
111.30954313278198,30,0.0,19.57,21.33,21.84,,21.84,-10.0,1.27,1.24,1.37
111.80907869338989,30,0.0,19.57,21.33,21.84,,21.84,-10.0,1.27,1.24,1.37
112.32391333580017,30,0.0,19.57,21.33,21.84,,21.84,-10.0,1.27,1.24,1.37
112.82492113113403,30,0.0,19.57,21.33,21.84,,21.84,-10.0,1.27,1.24,1.37
113.32251453399658,30,0.0,19.57,21.33,21.84,,21.84,-10.0,1.27,1.24,1.37
113.82354974746704,30,0.0,19.57,21.29,21.84,,21.84,-10.0,1.27,1.24,1.37
114.32421588897705,30,0.0,19.57,21.29,21.81,,21.81,-10.0,1.27,1.24,1.37
114.82232928276062,30,0.0,19.52,21.26,21.81,,21.81,-10.0,1.27,1.24,1.36
115.32130599021912,30,0.0,19.57,21.29,21.81,,21.81,-10.0,1.27,1.24,1.36
115.82041120529175,30,0.0,19.52,21.26,21.81,,21.81,-10.0,1.27,1.24,1.36
116.33712959289551,30,0.0,19.52,21.29,21.81,,21.81,-10.0,1.27,1.24,1.36
116.83687424659729,30,0.0,19.52,21.26,21.77,,21.77,-10.0,1.27,1.23,1.36
117.33704328536987,30,0.0,19.52,21.26,21.77,,21.77,-10.0,1.27,1.23,1.36
117.82324552536011,30,0.0,19.52,21.26,21.77,,21.77,-10.0,1.27,1.23,1.36
118.34115839004517,30,0.0,19.52,21.23,21.77,,21.77,-10.0,1.27,1.23,1.36
118.83636593818665,30,0.0,19.48,21.26,21.77,,21.77,-10.0,1.27,1.23,1.36
119.33665823936462,30,0.0,19.52,21.23,21.77,,21.77,-10.0,1.26,1.23,1.36
119.83741688728333,30,0.0,19.48,21.26,21.77,,21.77,-10.0,1.27,1.23,1.35
120.3351080417633,30,0.0,19.48,21.23,21.74,,21.74,-10.0,1.26,1.23,1.35
120.83570456504822,30,0.0,19.48,21.23,21.74,,21.74,-10.0,1.26,1.23,1.35
121.33682632446289,30,0.0,19.48,21.23,21.74,,21.74,-10.0,1.26,1.23,1.35
121.83596515655518,30,0.0,19.48,21.23,21.74,,21.74,-10.0,1.26,1.23,1.35
122.33854627609253,30,0.0,19.48,21.23,21.74,,21.74,-10.0,1.26,1.22,1.35
122.85158920288086,30,0.0,19.48,21.19,21.7,,21.7,-10.0,1.26,1.22,1.35
123.35281753540039,30,0.0,19.48,21.19,21.7,,21.7,-10.0,1.26,1.22,1.35
123.8526713848114,30,0.0,19.48,21.19,21.7,,21.7,-10.0,1.26,1.22,1.35
124.34812331199646,30,0.0,19.48,21.19,21.7,,21.7,-10.0,1.26,1.22,1.35
124.85319781303406,30,0.0,19.48,21.19,21.7,,21.7,-10.0,1.26,1.22,1.35
125.35123658180237,30,0.0,19.43,21.16,21.7,,21.7,-10.0,1.26,1.22,1.35
125.85097479820251,30,0.0,19.48,21.16,21.66,,21.66,-10.0,1.26,1.22,1.34
126.35175824165344,30,0.0,19.43,21.16,21.66,,21.66,-10.0,1.26,1.22,1.34
126.85239911079407,30,0.0,19.43,21.16,21.66,,21.66,-10.0,1.26,1.22,1.34
127.35212326049805,30,0.0,19.43,21.16,21.66,,21.66,-10.0,1.26,1.22,1.34
127.85206460952759,30,0.0,19.43,21.16,21.66,,21.66,-10.0,1.26,1.22,1.34
128.36563348770142,30,0.0,19.43,21.13,21.63,,21.63,-10.0,1.26,1.21,1.34
128.8658905029297,30,0.0,19.43,21.13,21.63,,21.63,-10.0,1.26,1.21,1.34
129.36691856384277,30,0.0,19.43,21.13,21.63,,21.63,-10.0,1.25,1.21,1.34
129.86135339736938,30,0.0,19.39,21.13,21.63,,21.63,-10.0,1.25,1.21,1.34
130.36706352233887,30,0.0,19.39,21.13,21.63,,21.63,-10.0,1.25,1.21,1.34
130.8658196926117,30,0.0,19.39,21.13,21.59,,21.59,-10.0,1.25,1.21,1.34
131.36495995521545,30,0.0,19.39,21.13,21.59,,21.59,-10.0,1.25,1.21,1.33
131.86466646194458,30,0.0,19.39,21.09,21.59,,21.59,-10.0,1.25,1.21,1.33
132.36468958854675,30,0.0,19.39,21.09,21.59,,21.59,-10.0,1.25,1.21,1.33
132.86547708511353,30,0.0,19.39,21.09,21.59,,21.59,-10.0,1.25,1.21,1.33
133.3672478199005,30,0.0,19.39,21.09,21.59,,21.59,-10.0,1.25,1.21,1.33
133.8642179965973,30,0.0,19.39,21.09,21.59,,21.59,-10.0,1.25,1.21,1.33
134.36870431900024,30,0.0,19.39,21.09,21.56,,21.56,-10.0,1.25,1.21,1.33
134.88014960289001,30,0.0,19.39,21.06,21.56,,21.56,-10.0,1.25,1.2,1.33
135.38131070137024,30,0.0,19.39,21.06,21.56,,21.56,-10.0,1.25,1.21,1.33
135.8815312385559,30,0.0,19.35,21.06,21.56,,21.56,-10.0,1.25,1.2,1.33
136.3795201778412,30,0.0,19.39,21.06,21.56,,21.56,-10.0,1.25,1.2,1.33
136.87947154045105,30,0.0,19.35,21.06,21.56,,21.56,-10.0,1.25,1.2,1.33
137.38033056259155,30,0.0,19.35,21.06,21.52,,21.52,-10.0,1.25,1.2,1.32
137.88125276565552,30,0.0,19.35,21.06,21.52,,21.52,-10.0,1.25,1.2,1.32
138.37928867340088,30,0.0,19.35,21.06,21.52,,21.52,-10.0,1.25,1.2,1.32
138.88310480117798,30,0.0,19.35,21.03,21.52,,21.52,-10.0,1.25,1.2,1.32
139.39493870735168,30,0.0,19.35,21.03,21.52,,21.52,-10.0,1.24,1.2,1.32
139.8845534324646,30,0.0,19.3,21.03,21.52,,21.52,-10.0,1.25,1.2,1.32
140.39516258239746,30,0.0,19.3,21.03,21.52,,21.52,-10.0,1.24,1.2,1.32
140.8971664905548,30,0.0,19.3,21.03,21.49,,21.49,-10.0,1.24,1.2,1.32
141.3950650691986,30,0.0,19.3,21.03,21.49,,21.49,-10.0,1.24,1.2,1.32
141.89483642578125,30,0.0,19.3,20.99,21.49,,21.49,-10.0,1.24,1.19,1.32
142.39176106452942,30,0.0,19.3,20.99,21.49,,21.49,-10.0,1.24,1.2,1.32
142.89193868637085,30,0.0,19.3,20.99,21.49,,21.49,-10.0,1.24,1.19,1.32
143.3939311504364,30,0.0,19.3,20.99,21.45,,21.45,-10.0,1.24,1.19,1.32
143.89686584472656,30,0.0,19.3,20.99,21.45,,21.45,-10.0,1.24,1.19,1.32
144.4103455543518,30,0.0,19.3,20.99,21.45,,21.45,-10.0,1.24,1.19,1.32
144.91225171089172,30,0.0,19.3,20.99,21.45,,21.45,-10.0,1.24,1.19,1.31
145.41466450691223,30,0.0,19.26,20.96,21.45,,21.45,-10.0,1.24,1.19,1.31
145.91108179092407,30,0.0,19.26,20.96,21.45,,21.45,-10.0,1.24,1.19,1.31
146.41272282600403,30,0.0,19.26,20.96,21.45,,21.45,-10.0,1.24,1.19,1.31
146.91197729110718,30,0.0,19.26,20.96,21.41,,21.41,-10.0,1.24,1.19,1.31
147.4081826210022,30,0.0,19.26,20.96,21.45,,21.45,-10.0,1.24,1.19,1.31
147.91029286384583,30,0.0,19.26,20.96,21.41,,21.41,-10.0,1.24,1.19,1.31
148.41088700294495,30,0.0,19.26,20.96,21.41,,21.41,-10.0,1.24,1.19,1.31
148.9116907119751,30,0.0,19.26,20.96,21.41,,21.41,-10.0,1.24,1.18,1.31
149.41045212745667,30,0.0,19.26,20.93,21.41,,21.41,-10.0,1.24,1.18,1.31
149.92538356781006,30,0.0,19.26,20.93,21.41,,21.41,-10.0,1.24,1.18,1.31
150.41500115394592,30,0.0,19.26,20.93,21.41,,21.41,-10.0,1.24,1.18,1.31
150.9307098388672,30,0.0,19.21,20.93,21.38,,21.38,-10.0,1.23,1.18,1.3
151.42259454727173,30,0.0,19.21,20.93,21.38,,21.38,-10.0,1.23,1.18,1.3
151.92342519760132,30,0.0,19.21,20.93,21.38,,21.38,-10.0,1.23,1.18,1.3
152.4257047176361,30,0.0,19.21,20.93,21.38,,21.38,-10.0,1.23,1.18,1.3
152.92508220672607,30,0.0,19.21,20.93,21.38,,21.38,-10.0,1.23,1.18,1.3
153.4260311126709,30,0.0,19.21,20.93,21.38,,21.38,-10.0,1.23,1.18,1.3
153.9241600036621,30,0.0,19.21,20.89,21.38,,21.38,-10.0,1.23,1.18,1.3
154.42508339881897,30,0.0,19.21,20.89,21.34,,21.34,-10.0,1.23,1.18,1.3
154.92528700828552,30,0.0,19.21,20.89,21.34,,21.34,-10.0,1.23,1.18,1.3
155.4238259792328,30,0.0,19.21,20.89,21.34,,21.34,-10.0,1.23,1.18,1.3
155.92604041099548,30,0.0,19.21,20.89,21.34,,21.34,-10.0,1.23,1.18,1.3
156.4399435520172,30,0.0,19.21,20.89,21.34,,21.34,-10.0,1.23,1.18,1.3
156.9404501914978,30,0.0,19.17,20.89,21.34,,21.34,-10.0,1.23,1.18,1.3
157.43962693214417,30,0.0,19.17,20.86,21.34,,21.34,-10.0,1.23,1.17,1.3
157.93966579437256,30,0.0,19.17,20.89,21.34,,21.34,-10.0,1.23,1.17,1.3
158.44080424308777,30,0.0,19.17,20.86,21.34,,21.34,-10.0,1.23,1.17,1.3
158.93863654136658,30,0.0,19.17,20.86,21.31,,21.31,-10.0,1.23,1.18,1.3
159.43766593933105,30,0.0,19.17,20.86,21.31,,21.31,-10.0,1.23,1.17,1.3
159.93833017349243,30,0.0,19.17,20.86,21.31,,21.31,-10.0,1.23,1.17,1.3
160.4369843006134,30,0.0,19.17,20.86,21.31,,21.31,-10.0,1.23,1.17,1.3
160.9378468990326,30,0.0,19.17,20.86,21.31,,21.31,-10.0,1.23,1.17,1.3
161.45287489891052,30,0.0,19.17,20.86,21.31,,21.31,-10.0,1.23,1.17,1.3
161.95525240898132,30,0.0,19.17,20.82,21.31,,21.31,-10.0,1.23,1.17,1.3
162.45501947402954,30,0.0,19.17,20.82,21.31,,21.31,-10.0,1.23,1.17,1.3
162.95423221588135,30,0.0,19.17,20.82,21.27,,21.27,-10.0,1.22,1.17,1.29
163.45243310928345,30,0.0,19.17,20.82,21.27,,21.27,-10.0,1.23,1.17,1.29
163.95442056655884,30,0.0,19.12,20.82,21.27,,21.27,-10.0,1.23,1.17,1.29
164.4515450000763,30,0.0,19.12,20.82,21.27,,21.27,-10.0,1.22,1.17,1.29
164.9537250995636,30,0.0,19.12,20.82,21.27,,21.27,-10.0,1.22,1.17,1.29
165.45396900177002,30,0.0,19.12,20.79,21.27,,21.27,-10.0,1.22,1.17,1.29
165.95277380943298,30,0.0,19.12,20.79,21.27,,21.27,-10.0,1.22,1.16,1.29
166.45246863365173,30,0.0,19.12,20.79,21.27,,21.27,-10.0,1.22,1.16,1.29
166.96982502937317,30,0.0,19.12,20.79,21.23,,21.23,-10.0,1.22,1.16,1.29
167.46784019470215,30,0.0,19.12,20.79,21.23,,21.23,-10.0,1.22,1.16,1.29
167.96719098091125,30,0.0,19.12,20.79,21.23,,21.23,-10.0,1.22,1.16,1.29
168.46790099143982,30,0.0,19.12,20.79,21.23,,21.23,-10.0,1.22,1.16,1.29
168.96860599517822,30,0.0,19.12,20.79,21.23,,21.23,-10.0,1.22,1.16,1.29
169.4677484035492,30,0.0,19.12,20.79,21.23,,21.23,-10.0,1.22,1.16,1.29
169.97052311897278,30,0.0,19.08,20.79,21.23,,21.23,-10.0,1.22,1.16,1.29
170.46787548065186,30,0.0,19.12,20.76,21.23,,21.23,-10.0,1.22,1.16,1.29
170.96774744987488,30,0.0,19.08,20.76,21.23,,21.23,-10.0,1.22,1.16,1.29
171.46815276145935,30,0.0,19.08,20.76,21.2,,21.2,-10.0,1.22,1.16,1.28
171.96630358695984,30,0.0,19.08,20.76,21.2,,21.2,-10.0,1.22,1.16,1.28
172.482684135437,30,0.0,19.08,20.76,21.2,,21.2,-10.0,1.22,1.16,1.28
172.9804446697235,30,0.0,19.08,20.76,21.2,,21.2,-10.0,1.22,1.16,1.28
173.4837191104889,30,0.0,19.08,20.76,21.2,,21.2,-10.0,1.22,1.16,1.28
173.98049759864807,30,0.0,19.08,20.72,21.2,,21.2,-10.0,1.22,1.16,1.28
174.4811131954193,30,0.0,19.08,20.76,21.2,,21.2,-10.0,1.22,1.15,1.28
174.98165082931519,30,0.0,19.08,20.76,21.2,,21.2,-10.0,1.22,1.15,1.28
175.48255825042725,30,0.0,19.08,20.72,21.2,,21.2,-10.0,1.22,1.15,1.28
175.98039054870605,30,0.0,19.08,20.72,21.16,,21.16,-10.0,1.22,1.15,1.28
176.48019695281982,30,0.0,19.08,20.72,21.16,,21.16,-10.0,1.22,1.15,1.28
176.9827365875244,30,0.0,19.08,20.72,21.16,,21.16,-10.0,1.21,1.15,1.28
177.47966718673706,30,0.0,19.08,20.72,21.16,,21.16,-10.0,1.22,1.15,1.28
177.983078956604,30,0.0,19.08,20.72,21.16,,21.16,-10.0,1.22,1.15,1.28
178.50221872329712,30,0.0,19.03,20.72,21.16,,21.16,-10.0,1.21,1.15,1.28
178.9999315738678,30,0.0,19.03,20.69,21.16,,21.16,-10.0,1.21,1.15,1.28
179.49640703201294,30,0.0,19.03,20.69,21.16,,21.16,-10.0,1.21,1.15,1.27
179.99630308151245,30,0.0,19.03,20.69,21.13,,21.13,-10.0,1.21,1.15,1.27
180.49641156196594,30,0.0,19.03,20.72,21.13,,21.13,-10.0,1.21,1.15,1.27
180.995751619339,30,0.0,19.03,20.69,21.13,,21.13,-10.0,1.21,1.15,1.27
181.49754810333252,30,0.0,19.03,20.69,21.13,,21.13,-10.0,1.21,1.15,1.27
181.99615335464478,30,0.0,19.03,20.69,21.13,,21.13,-10.0,1.21,1.15,1.27
182.49448204040527,30,0.0,19.03,20.69,21.13,,21.13,-10.0,1.21,1.15,1.27
182.99504113197327,30,0.0,19.03,20.69,21.13,,21.13,-10.0,1.21,1.15,1.27
183.51225352287292,30,0.0,19.03,20.69,21.13,,21.13,-10.0,1.21,1.15,1.27
184.01325178146362,30,0.0,19.03,20.69,21.13,,21.13,-10.0,1.21,1.15,1.27
184.51093316078186,30,0.0,19.03,20.69,21.13,,21.13,-10.0,1.21,1.15,1.27
185.00891208648682,30,0.0,19.03,20.66,21.13,,21.13,-10.0,1.21,1.14,1.27
185.5115373134613,30,0.0,19.03,20.66,21.09,,21.09,-10.0,1.21,1.15,1.27
186.0116491317749,30,0.0,18.99,20.66,21.09,,21.09,-10.0,1.21,1.14,1.27
186.50969123840332,30,0.0,19.03,20.66,21.09,,21.09,-10.0,1.21,1.14,1.27
187.0111014842987,30,0.0,18.99,20.66,21.09,,21.09,-10.0,1.21,1.14,1.27
187.51211071014404,30,0.0,18.99,20.66,21.09,,21.09,-10.0,1.21,1.14,1.27
188.01104474067688,30,0.0,18.99,20.66,21.09,,21.09,-10.0,1.21,1.14,1.27
188.50970244407654,30,0.0,18.99,20.66,21.09,,21.09,-10.0,1.21,1.14,1.27
189.0144326686859,30,0.0,18.99,20.66,21.09,,21.09,-10.0,1.21,1.14,1.27
189.52681732177734,30,0.0,18.99,20.62,21.09,,21.09,-10.0,1.21,1.14,1.27
190.02550339698792,30,0.0,18.99,20.66,21.09,,21.09,-10.0,1.21,1.14,1.26
190.5252661705017,30,0.0,18.99,20.62,21.05,,21.05,-10.0,1.21,1.14,1.26
191.02702713012695,30,0.0,18.99,20.62,21.05,,21.05,-10.0,1.21,1.14,1.26
191.52505540847778,30,0.0,18.94,20.62,21.05,,21.05,-10.0,1.21,1.14,1.26
192.024667263031,30,0.0,18.99,20.62,21.05,,21.05,-10.0,1.2,1.14,1.26
192.52384853363037,30,0.0,18.94,20.62,21.05,,21.05,-10.0,1.2,1.14,1.26
193.0249092578888,30,0.0,18.94,20.62,21.05,,21.05,-10.0,1.2,1.14,1.26
193.52365374565125,30,0.0,18.94,20.62,21.05,,21.05,-10.0,1.2,1.13,1.26
194.0246398448944,30,0.0,18.94,20.62,21.05,,21.05,-10.0,1.2,1.13,1.26
194.53999543190002,30,0.0,18.94,20.59,21.05,,21.05,-10.0,1.2,1.13,1.26
195.042147397995,30,0.0,18.94,20.62,21.05,,21.05,-10.0,1.2,1.13,1.26
195.53989362716675,30,0.0,18.94,20.59,21.02,,21.02,-10.0,1.2,1.13,1.26
196.0392107963562,30,0.0,18.94,20.59,21.02,,21.02,-10.0,1.2,1.13,1.26
196.540344953537,30,0.0,18.94,20.59,21.02,,21.02,-10.0,1.2,1.13,1.26
197.04172682762146,30,0.0,18.94,20.59,21.02,,21.02,-10.0,1.2,1.13,1.26
197.540913105011,30,0.0,18.94,20.59,21.02,,21.02,-10.0,1.2,1.13,1.26
198.04125452041626,30,0.0,18.94,20.59,21.02,,21.02,-10.0,1.2,1.13,1.26
198.53905034065247,30,0.0,18.94,20.59,21.02,,21.02,-10.0,1.2,1.13,1.26
199.0399317741394,30,0.0,18.94,20.59,21.02,,21.02,-10.0,1.2,1.13,1.26
199.53797602653503,30,0.0,18.94,20.59,21.02,,21.02,-10.0,1.2,1.13,1.25
200.04032707214355,30,0.0,18.94,20.55,20.98,,20.98,-10.0,1.2,1.13,1.25
200.55451130867004,30,0.0,18.9,20.55,20.98,,20.98,-10.0,1.2,1.13,1.25
201.056782245636,30,0.0,18.94,20.55,20.98,,20.98,-10.0,1.2,1.13,1.25
201.5540690422058,30,0.0,18.9,20.55,20.98,,20.98,-10.0,1.2,1.13,1.25
202.05549097061157,30,0.0,18.9,20.55,20.98,,20.98,-10.0,1.2,1.13,1.25
202.55526781082153,30,0.0,18.9,20.55,20.98,,20.98,-10.0,1.2,1.13,1.25
203.05311036109924,30,0.0,18.9,20.55,20.98,,20.98,-10.0,1.2,1.13,1.25
203.5545597076416,30,0.0,18.9,20.55,20.98,,20.98,-10.0,1.2,1.12,1.25
204.05426740646362,30,0.0,18.9,20.52,20.98,,20.98,-10.0,1.2,1.13,1.25
204.55454444885254,30,0.0,18.9,20.55,20.98,,20.98,-10.0,1.2,1.13,1.25
205.07413935661316,30,0.0,18.9,20.55,20.98,,20.98,-10.0,1.2,1.13,1.25
205.56918048858643,30,0.0,18.9,20.55,20.98,,20.98,-10.0,1.2,1.12,1.25
206.06988525390625,30,0.0,18.9,20.55,20.95,,20.95,-10.0,1.2,1.12,1.25
206.56857204437256,30,0.0,18.9,20.52,20.98,,20.98,-10.0,1.2,1.12,1.25
207.06967854499817,30,0.0,18.9,20.52,20.95,,20.95,-10.0,1.2,1.12,1.25
207.56970047950745,30,0.0,18.9,20.52,20.95,,20.95,-10.0,1.2,1.12,1.25
208.0692503452301,30,0.0,18.9,20.52,20.95,,20.95,-10.0,1.2,1.12,1.25
208.57326197624207,30,0.0,18.9,20.52,20.91,,20.91,-10.0,1.19,1.12,1.25
209.06821417808533,30,0.0,18.9,20.52,20.91,,20.91,-10.0,1.19,1.12,1.24
209.57016563415527,30,0.0,18.85,20.52,20.91,,20.91,-10.0,1.2,1.12,1.24
210.06836247444153,30,0.0,18.9,20.52,20.91,,20.91,-10.0,1.19,1.12,1.24
210.56755208969116,30,0.0,18.9,20.52,20.91,,20.91,-10.0,1.2,1.12,1.24
211.08450865745544,30,0.0,18.85,20.49,20.91,,20.91,-10.0,1.19,1.12,1.24
211.5838429927826,30,0.0,18.85,20.52,20.91,,20.91,-10.0,1.19,1.12,1.24
212.08438801765442,30,0.0,18.85,20.49,20.91,,20.91,-10.0,1.2,1.12,1.24
212.58493566513062,30,0.0,18.85,20.49,20.91,,20.91,-10.0,1.19,1.12,1.24
213.08476972579956,30,0.0,18.85,20.49,20.91,,20.91,-10.0,1.19,1.12,1.24
213.58222842216492,30,0.0,18.85,20.49,20.91,,20.91,-10.0,1.19,1.12,1.24
214.09489274024963,30,0.0,18.85,20.49,20.91,,20.91,-10.0,1.19,1.12,1.24
214.58490657806396,30,0.0,18.85,20.49,20.87,,20.87,-10.0,1.19,1.12,1.24
215.08300065994263,30,0.0,18.85,20.49,20.87,,20.87,-10.0,1.19,1.12,1.24
215.5878779888153,30,0.0,18.85,20.49,20.87,,20.87,-10.0,1.19,1.12,1.24
216.08313250541687,30,0.0,18.85,20.49,20.87,,20.87,-10.0,1.19,1.12,1.24
216.59978771209717,30,0.0,18.85,20.49,20.87,,20.87,-10.0,1.19,1.12,1.24
217.0999870300293,30,0.0,18.85,20.45,20.87,,20.87,-10.0,1.19,1.12,1.24
217.598313331604,30,0.0,18.85,20.45,20.87,,20.87,-10.0,1.19,1.11,1.24
218.09894037246704,30,0.0,18.85,20.45,20.87,,20.87,-10.0,1.19,1.12,1.24
218.59768724441528,30,0.0,18.81,20.45,20.87,,20.87,-10.0,1.19,1.11,1.24
219.09838700294495,30,0.0,18.85,20.45,20.87,,20.87,-10.0,1.19,1.11,1.24
219.61569809913635,30,0.0,18.85,20.45,20.84,,20.84,-10.0,1.19,1.11,1.24
220.09782433509827,30,0.0,18.85,20.45,20.87,,20.87,-10.0,1.19,1.11,1.23
220.6031036376953,30,0.0,18.81,20.45,20.84,,20.84,-10.0,1.19,1.11,1.23
221.09812116622925,30,0.0,18.81,20.45,20.84,,20.84,-10.0,1.19,1.11,1.23
221.59623432159424,30,0.0,18.81,20.45,20.84,,20.84,-10.0,1.19,1.11,1.23
222.1303493976593,30,0.0,18.81,20.45,20.84,,20.84,-10.0,1.19,1.11,1.23
222.6195285320282,30,0.0,18.81,20.45,20.84,,20.84,-10.0,1.19,1.11,1.23
223.11366510391235,30,0.0,18.81,20.42,20.84,,20.84,-10.0,1.19,1.11,1.23
223.61179757118225,30,0.0,18.81,20.45,20.84,,20.84,-10.0,1.19,1.11,1.23
224.11154341697693,30,0.0,18.81,20.42,20.84,,20.84,-10.0,1.19,1.11,1.23
224.61191725730896,30,0.0,18.81,20.42,20.84,,20.84,-10.0,1.19,1.11,1.23
225.1121678352356,30,0.0,18.81,20.42,20.84,,20.84,-10.0,1.19,1.11,1.23
225.61042666435242,30,0.0,18.81,20.42,20.84,,20.84,-10.0,1.19,1.11,1.23
226.1123561859131,30,0.0,18.81,20.42,20.84,,20.84,-10.0,1.19,1.11,1.23
226.63068628311157,30,0.0,18.81,20.42,20.84,,20.84,-10.0,1.19,1.11,1.23
227.12790846824646,30,0.0,18.81,20.42,20.8,,20.8,-10.0,1.19,1.11,1.23
227.61443972587585,30,0.0,18.81,20.42,20.8,,20.8,-10.0,1.19,1.11,1.23
228.11381340026855,30,0.0,18.76,20.42,20.8,,20.8,-10.0,1.19,1.11,1.23
228.62638330459595,30,0.0,18.81,20.42,20.8,,20.8,-10.0,1.19,1.11,1.23
229.12597703933716,30,0.0,18.81,20.42,20.8,,20.8,-10.0,1.19,1.11,1.23
229.6265685558319,30,0.0,18.81,20.42,20.8,,20.8,-10.0,1.19,1.11,1.23
230.12748551368713,30,0.0,18.76,20.39,20.8,,20.8,-10.0,1.18,1.11,1.23
230.6271288394928,30,0.0,18.76,20.39,20.8,,20.8,-10.0,1.19,1.1,1.23
231.12851095199585,30,0.0,18.76,20.39,20.8,,20.8,-10.0,1.18,1.11,1.23
231.62649512290955,30,0.0,18.76,20.39,20.76,,20.76,-10.0,1.18,1.1,1.23
232.12616276741028,30,0.0,18.76,20.39,20.8,,20.8,-10.0,1.18,1.1,1.23
232.62599086761475,30,0.0,18.76,20.39,20.76,,20.76,-10.0,1.18,1.1,1.22
233.14261841773987,30,0.0,18.76,20.39,20.76,,20.76,-10.0,1.18,1.1,1.22
233.64570713043213,30,0.0,18.76,20.39,20.76,,20.76,-10.0,1.18,1.1,1.22
234.14282178878784,30,0.0,18.76,20.39,20.8,,20.8,-10.0,1.18,1.1,1.22
234.65076565742493,30,0.0,18.76,20.39,20.76,,20.76,-10.0,1.18,1.1,1.22
235.1754846572876,30,0.0,18.76,20.39,20.76,,20.76,-10.0,1.18,1.1,1.22
235.64013242721558,30,0.0,18.76,20.39,20.76,,20.76,-10.0,1.18,1.1,1.22
236.14538407325745,30,0.0,18.76,20.39,20.76,,20.76,-10.0,1.18,1.1,1.22
236.6398220062256,30,0.0,18.76,20.39,20.76,,20.76,-10.0,1.18,1.1,1.22
237.14247345924377,30,0.0,18.76,20.39,20.76,,20.76,-10.0,1.18,1.1,1.22
237.64249992370605,30,0.0,18.76,20.39,20.76,,20.76,-10.0,1.18,1.1,1.22
238.15044951438904,30,0.0,18.76,20.35,20.76,,20.76,-10.0,1.18,1.1,1.22
238.65523266792297,30,0.0,18.76,20.35,20.76,,20.76,-10.0,1.18,1.1,1.22
239.14677476882935,30,0.0,18.76,20.35,20.76,,20.76,-10.0,1.18,1.1,1.22
239.6568567752838,30,0.0,18.76,20.35,20.76,,20.76,-10.0,1.18,1.1,1.22
240.1602282524109,30,0.0,18.76,20.35,20.73,,20.73,-10.0,1.18,1.1,1.22
240.65471482276917,30,0.0,18.76,20.35,20.76,,20.76,-10.0,1.18,1.1,1.22
241.15583062171936,30,0.0,18.76,20.35,20.76,,20.76,-10.0,1.18,1.1,1.22
241.65723371505737,30,0.0,18.72,20.35,20.76,,20.76,-10.0,1.18,1.1,1.22
242.155211687088,30,0.0,18.76,20.32,20.73,,20.73,-10.0,1.18,1.1,1.22
242.6545774936676,30,0.0,18.72,20.35,20.76,,20.76,-10.0,1.18,1.09,1.22
243.17056035995483,30,0.0,18.72,20.35,20.73,,20.73,-10.0,1.18,1.1,1.22
243.6590850353241,30,0.0,18.72,20.35,20.73,,20.73,-10.0,1.18,1.09,1.22
244.172265291214,30,0.0,18.72,20.32,20.73,,20.73,-10.0,1.18,1.09,1.22
244.66600561141968,30,0.0,18.72,20.32,20.73,,20.73,-10.0,1.18,1.1,1.22
245.17111444473267,30,0.0,18.72,20.32,20.73,,20.73,-10.0,1.18,1.09,1.22
245.6733911037445,30,0.0,18.72,20.32,20.73,,20.73,-10.0,1.18,1.09,1.22
246.16479444503784,30,0.0,18.72,20.32,20.73,,20.73,-10.0,1.18,1.09,1.22
246.66632413864136,30,0.0,18.72,20.32,20.73,,20.73,-10.0,1.18,1.09,1.22
247.17057156562805,30,0.0,18.72,20.32,20.73,,20.73,-10.0,1.18,1.09,1.22
247.66878986358643,30,0.0,18.72,20.32,20.73,,20.73,-10.0,1.18,1.09,1.22
248.16980266571045,30,0.0,18.72,20.32,20.69,,20.69,-10.0,1.18,1.09,1.21
248.67017579078674,30,0.0,18.72,20.32,20.69,,20.69,-10.0,1.18,1.09,1.21
249.1840054988861,30,0.0,18.72,20.32,20.69,,20.69,-10.0,1.18,1.09,1.21
249.68682670593262,30,0.0,18.67,20.32,20.69,,20.69,-10.0,1.18,1.09,1.21
250.1845829486847,30,0.0,18.72,20.32,20.69,,20.69,-10.0,1.18,1.09,1.21
250.68904972076416,30,0.0,18.72,20.32,20.69,,20.69,-10.0,1.18,1.09,1.21
251.18512082099915,30,0.0,18.72,20.28,20.69,,20.69,-10.0,1.17,1.09,1.21
251.68399858474731,30,0.0,18.72,20.32,20.69,,20.69,-10.0,1.17,1.09,1.21
252.1860637664795,30,0.0,18.72,20.32,20.69,,20.69,-10.0,1.17,1.09,1.21
252.68507719039917,30,0.0,18.67,20.28,20.69,,20.69,-10.0,1.17,1.09,1.21
253.1822464466095,30,0.0,18.67,20.28,20.69,,20.69,-10.0,1.17,1.09,1.21
253.6882770061493,30,0.0,18.67,20.28,20.69,,20.69,-10.0,1.17,1.09,1.21
254.18683052062988,30,0.0,18.67,20.28,20.69,,20.69,-10.0,1.17,1.09,1.21
254.68603825569153,30,0.0,18.67,20.28,20.66,,20.66,-10.0,1.18,1.09,1.21
255.18921566009521,30,0.0,18.67,20.28,20.69,,20.69,-10.0,1.17,1.09,1.21
255.69840669631958,30,0.0,18.67,20.28,20.69,,20.69,-10.0,1.17,1.09,1.21
256.2018475532532,30,0.0,18.67,20.28,20.66,,20.66,-10.0,1.17,1.09,1.21
256.7015860080719,30,0.0,18.67,20.28,20.66,,20.66,-10.0,1.17,1.09,1.21
257.20231318473816,30,0.0,18.67,20.28,20.66,,20.66,-10.0,1.17,1.09,1.21
257.70106983184814,30,0.0,18.67,20.28,20.66,,20.66,-10.0,1.17,1.09,1.21
258.19731879234314,30,0.0,18.67,20.28,20.66,,20.66,-10.0,1.17,1.09,1.21
258.69898438453674,30,0.0,18.67,20.28,20.66,,20.66,-10.0,1.17,1.09,1.21
259.2230455875397,30,0.0,18.67,20.28,20.66,,20.66,-10.0,1.17,1.09,1.21
259.69956946372986,30,0.0,18.67,20.25,20.66,,20.66,-10.0,1.17,1.09,1.21
260.21716713905334,30,0.0,18.67,20.28,20.66,,20.66,-10.0,1.17,1.09,1.21
260.71760749816895,30,0.0,18.67,20.25,20.66,,20.66,-10.0,1.17,1.09,1.21
261.2167778015137,30,0.0,18.67,20.25,20.66,,20.66,-10.0,1.17,1.09,1.21
261.71488547325134,30,0.0,18.67,20.25,20.66,,20.66,-10.0,1.17,1.09,1.21
262.2178807258606,30,0.0,18.67,20.28,20.66,,20.66,-10.0,1.17,1.09,1.21
262.7163951396942,30,0.0,18.67,20.25,20.66,,20.66,-10.0,1.17,1.09,1.21
263.2086663246155,30,0.0,18.67,20.25,20.66,,20.66,-10.0,1.17,1.09,1.2
263.7164647579193,30,0.0,18.67,20.25,20.66,,20.66,-10.0,1.17,1.09,1.2
264.21503949165344,30,0.0,18.67,20.25,20.66,,20.66,-10.0,1.17,1.09,1.2
264.72963404655457,30,0.0,18.67,20.25,20.66,,20.66,-10.0,1.17,1.09,1.2
265.216135263443,30,0.0,18.67,20.25,20.62,,20.62,-10.0,1.17,1.09,1.2
265.7322402000427,30,0.0,18.67,20.25,20.62,,20.62,-10.0,1.17,1.09,1.2
266.22968554496765,30,0.0,18.67,20.25,20.62,,20.62,-10.0,1.17,1.09,1.2
266.73061180114746,30,0.0,18.67,20.25,20.62,,20.62,-10.0,1.17,1.09,1.2
267.2288463115692,30,0.0,18.67,20.25,20.62,,20.62,-10.0,1.17,1.09,1.2
267.7293677330017,30,0.0,18.63,20.25,20.62,,20.62,-10.0,1.17,1.09,1.2
268.2376651763916,30,0.0,18.63,20.25,20.62,,20.62,-10.0,1.17,1.09,1.2
268.72717475891113,30,0.0,18.63,20.25,20.62,,20.62,-10.0,1.17,1.09,1.2
269.2299499511719,30,0.0,18.67,20.25,20.62,,20.62,-10.0,1.17,1.09,1.2
269.73032784461975,30,0.0,18.63,20.22,20.62,,20.62,-10.0,1.17,1.09,1.2
270.22693729400635,30,0.0,18.63,20.25,20.62,,20.62,-10.0,1.17,1.08,1.2
270.7296824455261,30,0.0,18.63,20.22,20.62,,20.62,-10.0,1.17,1.09,1.2
271.25589537620544,30,0.0,18.63,20.25,20.62,,20.62,-10.0,1.17,1.08,1.2
271.74372720718384,30,0.0,18.63,20.22,20.62,,20.62,-10.0,1.17,1.08,1.2
272.2477602958679,30,0.0,18.63,20.22,20.62,,20.62,-10.0,1.17,1.08,1.2
272.743869304657,30,0.0,18.63,20.22,20.62,,20.62,-10.0,1.17,1.08,1.2
273.27541303634644,30,0.0,18.63,20.22,20.62,,20.62,-10.0,1.17,1.08,1.2
273.7450096607208,30,0.0,18.63,20.22,20.62,,20.62,-10.0,1.17,1.08,1.2
274.2420074939728,30,0.0,18.63,20.22,20.62,,20.62,-10.0,1.17,1.09,1.2
274.7428686618805,30,0.0,18.63,20.25,20.58,,20.58,-10.0,1.17,1.08,1.2
275.24413299560547,30,0.0,18.63,20.22,20.58,,20.58,-10.0,1.17,1.08,1.2
275.7448978424072,30,0.0,18.63,20.22,20.58,,20.58,-10.0,1.17,1.08,1.2
276.2446234226227,30,0.0,18.63,20.22,20.58,,20.58,-10.0,1.17,1.08,1.2
276.75840187072754,30,0.0,18.63,20.22,20.58,,20.58,-10.0,1.17,1.08,1.2
277.2446403503418,30,0.0,18.63,20.22,20.58,,20.58,-10.0,1.17,1.08,1.2
277.74643206596375,30,0.0,18.63,20.22,20.58,,20.58,-10.0,1.17,1.08,1.2
278.25783824920654,30,0.0,18.63,20.22,20.58,,20.58,-10.0,1.17,1.08,1.2
278.76058173179626,30,0.0,18.63,20.22,20.58,,20.58,-10.0,1.17,1.08,1.2
279.26021456718445,30,0.0,18.63,20.22,20.58,,20.58,-10.0,1.17,1.08,1.2
279.7591173648834,30,0.0,18.63,20.22,20.58,,20.58,-10.0,1.17,1.08,1.2
280.25483679771423,30,0.0,18.63,20.22,20.58,,20.58,-10.0,1.17,1.08,1.2
280.75969219207764,30,0.0,18.63,20.22,20.58,,20.58,-10.0,1.17,1.08,1.2
281.2577269077301,30,0.0,18.63,20.22,20.58,,20.58,-10.0,1.17,1.08,1.2
281.7590548992157,30,0.0,18.58,20.18,20.55,,20.55,-10.0,1.17,1.08,1.2
282.2730305194855,30,0.0,18.63,20.22,20.58,,20.58,-10.0,1.17,1.08,1.19
282.77170872688293,30,0.0,18.58,20.18,20.58,,20.58,-10.0,1.16,1.08,1.2
283.2747251987457,30,0.0,18.63,20.18,20.58,,20.58,-10.0,1.17,1.08,1.19
283.7745244503021,30,0.0,18.58,20.18,20.55,,20.55,-10.0,1.16,1.08,1.19
284.27084589004517,30,0.0,18.63,20.18,20.55,,20.55,-10.0,1.16,1.08,1.19
284.77344393730164,30,0.0,18.58,20.18,20.55,,20.55,-10.0,1.16,1.08,1.19
285.2703366279602,30,0.0,18.58,20.18,20.55,,20.55,-10.0,1.17,1.08,1.19
285.77665734291077,30,0.0,18.58,20.18,20.55,,20.55,-10.0,1.16,1.08,1.19
286.271044254303,30,0.0,18.63,20.18,20.55,,20.55,-10.0,1.16,1.08,1.19
286.7748284339905,30,0.0,18.58,20.18,20.55,,20.55,-10.0,1.17,1.08,1.19
287.27408623695374,30,0.0,18.58,20.18,20.55,,20.55,-10.0,1.16,1.08,1.19
287.7750360965729,30,0.0,18.63,20.18,20.55,,20.55,-10.0,1.17,1.08,1.19
288.27690863609314,30,0.0,18.58,20.18,20.55,,20.55,-10.0,1.16,1.08,1.19
288.787814617157,30,0.0,18.58,20.18,20.55,,20.55,-10.0,1.16,1.08,1.19
289.3199973106384,30,0.0,18.58,20.18,20.55,,20.55,-10.0,1.17,1.08,1.19
289.80519461631775,30,0.0,18.58,20.18,20.55,,20.55,-10.0,1.16,1.08,1.19
290.2873430252075,30,0.0,18.58,20.18,20.55,,20.55,-10.0,1.16,1.08,1.19
290.7868392467499,30,0.0,18.58,20.15,20.55,,20.55,-10.0,1.16,1.08,1.19
291.2856526374817,30,0.0,18.58,20.18,20.55,,20.55,-10.0,1.16,1.08,1.19
291.78524708747864,30,0.0,18.58,20.15,20.51,,20.51,-10.0,1.16,1.07,1.19
292.28616881370544,30,0.0,18.58,20.18,20.55,,20.55,-10.0,1.16,1.07,1.19
292.7876138687134,30,0.0,18.58,20.15,20.55,,20.55,-10.0,1.16,1.07,1.19
293.2856297492981,30,0.0,18.58,20.15,20.51,,20.51,-10.0,1.16,1.07,1.19
293.7930040359497,30,0.0,18.58,20.15,20.51,,20.51,-10.0,1.16,1.08,1.19
294.35730743408203,30,0.0,18.58,20.15,20.51,,20.51,-10.0,1.16,1.07,1.19
294.85241746902466,30,0.0,18.58,20.15,20.55,,20.55,-10.0,1.16,1.07,1.19
295.3168303966522,30,0.0,18.58,20.15,20.51,,20.51,-10.0,1.16,1.07,1.19
295.80319595336914,30,0.0,18.58,20.15,20.51,,20.51,-10.0,1.16,1.07,1.19
296.2996153831482,30,0.0,18.58,20.15,20.51,,20.51,-10.0,1.16,1.07,1.19
296.8038659095764,30,0.0,18.58,20.15,20.51,,20.51,-10.0,1.16,1.07,1.19
297.29899430274963,30,0.0,18.58,20.15,20.51,,20.51,-10.0,1.16,1.07,1.19
297.7994759082794,30,0.0,18.58,20.15,20.51,,20.51,-10.0,1.16,1.07,1.19
298.3015024662018,30,0.0,18.58,20.15,20.51,,20.51,-10.0,1.16,1.07,1.19
298.8221867084503,30,0.0,18.58,20.15,20.51,,20.51,-10.0,1.16,1.07,1.19
299.31676483154297,30,0.0,18.58,20.15,20.51,,20.51,-10.0,1.16,1.07,1.19
299.8162884712219,30,0.0,18.58,20.15,20.51,,20.51,-10.0,1.16,1.07,1.19
300.3154764175415,30,0.0,18.58,20.15,20.51,,20.51,-10.0,1.16,1.07,1.19
300.8161563873291,30,0.0,18.54,20.15,20.51,,20.51,-10.0,1.16,1.07,1.19
301.31657814979553,30,0.0,18.58,20.11,20.51,,20.51,-10.0,1.16,1.07,1.19
301.81425881385803,30,0.0,18.54,20.15,20.51,,20.51,-10.0,1.16,1.07,1.19
302.31526589393616,30,0.0,18.58,20.15,20.51,,20.51,-10.0,1.16,1.07,1.19
302.81652331352234,30,0.0,18.58,20.15,20.51,,20.51,-10.0,1.16,1.07,1.19
303.31616377830505,30,0.0,18.54,20.15,20.51,,20.51,-10.0,1.16,1.07,1.18
303.8128843307495,30,0.0,18.54,20.11,20.48,,20.48,-10.0,1.16,1.07,1.19
304.3298382759094,30,0.0,18.54,20.11,20.48,,20.48,-10.0,1.16,1.07,1.18
304.8311002254486,30,0.0,18.54,20.11,20.51,,20.51,-10.0,1.16,1.07,1.18
305.34981179237366,30,0.0,18.54,20.11,20.48,,20.48,-10.0,1.16,1.07,1.18
305.8304615020752,30,0.0,18.54,20.11,20.51,,20.51,-10.0,1.16,1.07,1.18
306.33235216140747,30,0.0,18.54,20.11,20.48,,20.48,-10.0,1.16,1.07,1.18
306.83045530319214,30,0.0,18.54,20.11,20.48,,20.48,-10.0,1.16,1.07,1.18
307.3287425041199,30,0.0,18.54,20.11,20.48,,20.48,-10.0,1.16,1.07,1.18
307.8298189640045,30,0.0,18.54,20.11,20.48,,20.48,-10.0,1.16,1.07,1.18
308.3315234184265,30,0.0,18.54,20.11,20.48,,20.48,-10.0,1.16,1.07,1.18
308.8295621871948,30,0.0,18.54,20.11,20.48,,20.48,-10.0,1.16,1.07,1.18
309.3291916847229,30,0.0,18.54,20.11,20.48,,20.48,-10.0,1.16,1.07,1.18
309.83211183547974,30,0.0,18.54,20.11,20.48,,20.48,-10.0,1.16,1.07,1.18
310.4151408672333,30,0.0,18.54,20.11,20.48,,20.48,-10.0,1.16,1.07,1.18
310.9308886528015,30,0.0,18.54,20.11,20.48,,20.48,-10.0,1.16,1.07,1.18
311.3944685459137,30,0.0,18.54,20.11,20.48,,20.48,-10.0,1.16,1.07,1.18
311.87582206726074,30,0.0,18.54,20.11,20.48,,20.48,-10.0,1.16,1.07,1.18
312.34625935554504,30,0.0,18.54,20.11,20.48,,20.48,-10.0,1.16,1.07,1.18
312.84599137306213,30,0.0,18.54,20.11,20.48,,20.48,-10.0,1.16,1.07,1.18
313.343469619751,30,0.0,18.54,20.11,20.48,,20.48,-10.0,1.16,1.06,1.18
313.8403661251068,30,0.0,18.54,20.11,20.48,,20.48,-10.0,1.16,1.07,1.18
314.343722820282,30,0.0,18.54,20.11,20.48,,20.48,-10.0,1.16,1.07,1.18
314.8464241027832,30,0.0,18.54,20.11,20.48,,20.48,-10.0,1.16,1.07,1.18
315.34360933303833,30,0.0,18.54,20.11,20.48,,20.48,-10.0,1.16,1.07,1.18
315.8602809906006,30,0.0,18.54,20.11,20.48,,20.48,-10.0,1.16,1.07,1.18
316.35896277427673,30,0.0,18.54,20.11,20.48,,20.48,-10.0,1.16,1.07,1.18
316.8627231121063,30,0.0,18.54,20.08,20.44,,20.44,-10.0,1.16,1.06,1.18
317.36953926086426,30,0.0,18.54,20.11,20.48,,20.48,-10.0,1.16,1.06,1.18
317.86018228530884,30,0.0,18.54,20.11,20.48,,20.48,-10.0,1.16,1.06,1.18
318.3629026412964,30,0.0,18.54,20.11,20.48,,20.48,-10.0,1.16,1.07,1.18
318.85831928253174,30,0.0,18.54,20.08,20.48,,20.48,-10.0,1.16,1.07,1.18
319.3591651916504,30,0.0,18.54,20.11,20.44,,20.44,-10.0,1.16,1.07,1.18
319.86073899269104,30,0.0,18.54,20.11,20.44,,20.44,-10.0,1.16,1.06,1.18
320.36042308807373,30,0.0,18.54,20.08,20.44,,20.44,-10.0,1.16,1.06,1.18
320.8610203266144,30,0.0,18.54,20.08,20.44,,20.44,-10.0,1.16,1.06,1.18
321.3780348300934,30,0.0,18.54,20.11,20.44,,20.44,-10.0,1.15,1.07,1.18
321.8740932941437,30,0.0,18.5,20.08,20.44,,20.44,-10.0,1.16,1.06,1.18
322.37292528152466,30,0.0,18.54,20.08,20.44,,20.44,-10.0,1.15,1.06,1.18
322.865407705307,30,0.0,18.5,20.08,20.44,,20.44,-10.0,1.16,1.06,1.18
323.3633532524109,30,0.0,18.54,20.08,20.44,,20.44,-10.0,1.16,1.06,1.18
323.8678448200226,30,0.0,18.54,20.08,20.44,,20.44,-10.0,1.15,1.06,1.18
324.3703007698059,30,0.0,18.54,20.08,20.44,,20.44,-10.0,1.15,1.06,1.18
324.8730983734131,30,0.0,18.5,20.08,20.44,,20.44,-10.0,1.15,1.06,1.18
325.37442445755005,30,0.0,18.5,20.08,20.44,,20.44,-10.0,1.15,1.06,1.18
325.8909330368042,30,0.0,18.5,20.08,20.44,,20.44,-10.0,1.15,1.06,1.18
326.374529838562,30,0.0,18.5,20.08,20.44,,20.44,-10.0,1.15,1.06,1.18
326.87491488456726,30,0.0,18.54,20.08,20.44,,20.44,-10.0,1.15,1.06,1.18
327.3794939517975,30,0.0,18.5,20.08,20.44,,20.44,-10.0,1.15,1.06,1.17
327.89022397994995,30,0.0,18.5,20.08,20.44,,20.44,-10.0,1.15,1.06,1.18
328.39194202423096,30,0.0,18.5,20.08,20.44,,20.44,-10.0,1.15,1.06,1.18
328.8923981189728,30,0.0,18.5,20.05,20.44,,20.44,-10.0,1.15,1.06,1.18
329.387225151062,30,0.0,18.5,20.08,20.44,,20.44,-10.0,1.15,1.06,1.18
329.89455938339233,30,0.0,18.5,20.08,20.44,,20.44,-10.0,1.15,1.06,1.18
330.3892889022827,30,0.0,18.5,20.08,20.44,,20.44,-10.0,1.15,1.06,1.17
330.8875072002411,30,0.0,18.5,20.05,20.44,,20.44,-10.0,1.15,1.06,1.18
331.39344239234924,30,0.0,18.5,20.08,20.44,,20.44,-10.0,1.15,1.06,1.17
331.8878335952759,30,0.0,18.5,20.05,20.44,,20.44,-10.0,1.15,1.06,1.18
332.40237402915955,30,0.0,18.5,20.05,20.4,,20.4,-10.0,1.15,1.06,1.18
332.9032869338989,30,0.0,18.5,20.05,20.44,,20.44,-10.0,1.15,1.06,1.17
333.4032030105591,30,0.0,18.5,20.05,20.44,,20.44,-10.0,1.15,1.06,1.18
333.9045913219452,30,0.0,18.5,20.05,20.44,,20.44,-10.0,1.15,1.06,1.17
334.40377020835876,30,0.0,18.5,20.05,20.44,,20.44,-10.0,1.15,1.06,1.17
334.9063105583191,30,0.0,18.5,20.05,20.4,,20.4,-10.0,1.15,1.06,1.17
335.3992238044739,30,0.0,18.5,20.05,20.44,,20.44,-10.0,1.15,1.06,1.17
335.90139985084534,30,0.0,18.5,20.05,20.4,,20.4,-10.0,1.15,1.06,1.17
336.4011449813843,30,0.0,18.5,20.05,20.4,,20.4,-10.0,1.15,1.06,1.17
336.90260767936707,30,0.0,18.5,20.05,20.4,,20.4,-10.0,1.15,1.06,1.17
337.4168050289154,30,0.0,18.5,20.05,20.4,,20.4,-10.0,1.15,1.06,1.17
337.9181168079376,30,0.0,18.5,20.05,20.4,,20.4,-10.0,1.15,1.06,1.17
338.4192051887512,30,0.0,18.5,20.05,20.4,,20.4,-10.0,1.15,1.06,1.17
338.91908955574036,30,0.0,18.45,20.05,20.4,,20.4,-10.0,1.15,1.06,1.17
339.418164730072,30,0.0,18.5,20.05,20.4,,20.4,-10.0,1.15,1.06,1.17
339.91605854034424,30,0.0,18.45,20.05,20.4,,20.4,-10.0,1.15,1.06,1.17
340.427282333374,30,0.0,18.5,20.05,20.4,,20.4,-10.0,1.15,1.06,1.17
340.91592383384705,30,0.0,18.45,20.01,20.4,,20.4,-10.0,1.15,1.06,1.17
341.4330265522003,30,0.0,18.5,20.05,20.4,,20.4,-10.0,1.15,1.06,1.17
341.91827368736267,30,0.0,18.5,20.01,20.4,,20.4,-10.0,1.15,1.06,1.17
342.41836953163147,30,0.0,18.45,20.05,20.4,,20.4,-10.0,1.15,1.05,1.17
342.9190945625305,30,0.0,18.5,20.05,20.4,,20.4,-10.0,1.15,1.06,1.17
343.426885843277,30,0.0,18.5,20.05,20.4,,20.4,-10.0,1.15,1.05,1.17
343.92288422584534,30,0.0,18.5,20.05,20.4,,20.4,-10.0,1.15,1.06,1.17
344.4362771511078,30,0.0,18.45,20.05,20.4,,20.4,-10.0,1.15,1.05,1.17
344.97060227394104,30,0.0,18.5,20.05,20.4,,20.4,-10.0,1.15,1.05,1.17
345.4748079776764,30,0.0,18.5,20.01,20.4,,20.4,-10.0,1.15,1.06,1.17
345.9313132762909,30,0.0,18.5,20.01,20.4,,20.4,-10.0,1.15,1.06,1.17
346.43168568611145,30,0.0,18.45,20.01,20.4,,20.4,-10.0,1.15,1.05,1.17
346.93560123443604,30,0.0,18.45,20.05,20.37,,20.37,-10.0,1.15,1.06,1.17
347.4378674030304,30,0.0,18.45,20.05,20.37,,20.37,-10.0,1.15,1.06,1.17
347.9323055744171,30,0.0,18.45,20.01,20.37,,20.37,-10.0,1.15,1.06,1.17
348.4324378967285,30,0.0,18.5,20.01,20.4,,20.4,-10.0,1.15,1.05,1.17
348.9479718208313,30,0.0,18.45,20.01,20.4,,20.4,-10.0,1.15,1.05,1.17
349.44628643989563,30,0.0,18.5,20.01,20.37,,20.37,-10.0,1.15,1.05,1.17
349.9462172985077,30,0.0,18.45,20.01,20.4,,20.4,-10.0,1.15,1.06,1.17
350.44671416282654,30,0.0,18.45,20.01,20.37,,20.37,-10.0,1.15,1.05,1.17
350.94574308395386,30,0.0,18.45,20.01,20.37,,20.37,-10.0,1.15,1.05,1.17
351.4450888633728,30,0.0,18.45,20.01,20.37,,20.37,-10.0,1.15,1.05,1.17
351.94518184661865,30,0.0,18.45,20.01,20.37,,20.37,-10.0,1.15,1.05,1.17
352.4441599845886,30,0.0,18.45,20.01,20.37,,20.37,-10.0,1.15,1.06,1.17
352.94786524772644,30,0.0,18.45,20.01,20.37,,20.37,-10.0,1.15,1.05,1.17
353.4472162723541,30,0.0,18.45,20.01,20.37,,20.37,-10.0,1.15,1.06,1.17
353.94700360298157,30,0.0,18.45,20.01,20.37,,20.37,-10.0,1.15,1.05,1.17
354.46257853507996,30,0.0,18.5,20.01,20.37,,20.37,-10.0,1.15,1.05,1.17
354.9647755622864,30,0.0,18.45,20.01,20.37,,20.37,-10.0,1.15,1.05,1.17
355.46320629119873,30,0.0,18.5,20.01,20.37,,20.37,-10.0,1.15,1.05,1.17
355.960942029953,30,0.0,18.45,20.01,20.37,,20.37,-10.0,1.15,1.05,1.17
356.4597110748291,30,0.0,18.5,20.01,20.37,,20.37,-10.0,1.15,1.05,1.17
356.9770543575287,30,0.0,18.45,20.01,20.37,,20.37,-10.0,1.15,1.05,1.17
357.45867252349854,30,0.0,18.45,20.01,20.37,,20.37,-10.0,1.15,1.05,1.17
357.96138048171997,30,0.0,18.45,20.01,20.37,,20.37,-10.0,1.15,1.05,1.17
358.4647433757782,30,0.0,18.45,20.01,20.37,,20.37,-10.0,1.15,1.05,1.17
358.9757933616638,30,0.0,18.45,20.01,20.37,,20.37,-10.0,1.15,1.05,1.17
359.47776198387146,30,0.0,18.5,20.01,20.37,,20.37,-10.0,1.15,1.05,1.17
359.97407484054565,30,0.0,18.45,20.01,20.37,,20.37,-10.0,1.15,1.05,1.17
360.4907510280609,30,0.0,18.45,20.01,20.37,,20.37,-10.0,1.15,1.05,1.17
360.975332736969,30,0.0,18.45,20.01,20.37,,20.37,-10.0,1.15,1.05,1.17
361.47529125213623,30,0.0,18.45,20.01,20.37,,20.37,-10.0,1.15,1.05,1.17
361.97161889076233,30,0.0,18.45,20.01,20.37,,20.37,-10.0,1.15,1.05,1.17
362.4748418331146,30,0.0,18.45,20.01,20.37,,20.37,-10.0,1.15,1.05,1.16
362.975697517395,30,0.0,18.45,20.01,20.37,,20.37,-10.0,1.15,1.05,1.17
363.47885727882385,30,0.0,18.45,19.98,20.37,,20.37,-10.0,1.15,1.05,1.16
363.9755537509918,30,0.0,18.45,20.01,20.33,,20.33,-10.0,1.15,1.05,1.17
364.47443199157715,30,0.0,18.45,20.01,20.33,,20.33,-10.0,1.15,1.05,1.16
364.9914572238922,30,0.0,18.45,20.01,20.37,,20.37,-10.0,1.15,1.05,1.16
365.4754526615143,30,0.0,18.45,20.01,20.33,,20.33,-10.0,1.15,1.05,1.16
365.98988676071167,30,0.0,18.45,20.01,20.33,,20.33,-10.0,1.15,1.05,1.16
366.491197347641,30,0.0,18.45,20.01,20.33,,20.33,-10.0,1.15,1.05,1.16
366.99742460250854,30,0.0,18.45,19.98,20.33,,20.33,-10.0,1.15,1.05,1.16
367.4897003173828,30,0.0,18.45,20.01,20.33,,20.33,-10.0,1.15,1.05,1.16
367.9892659187317,30,0.0,18.45,19.98,20.33,,20.33,-10.0,1.15,1.05,1.16
368.4903016090393,30,0.0,18.45,20.01,20.33,,20.33,-10.0,1.15,1.05,1.16
368.9885187149048,30,0.0,18.45,19.98,20.33,,20.33,-10.0,1.15,1.05,1.16
369.4886677265167,30,0.0,18.45,19.98,20.33,,20.33,-10.0,1.15,1.05,1.16
369.9912886619568,30,0.0,18.45,19.98,20.33,,20.33,-10.0,1.15,1.05,1.16
370.4927353858948,30,0.0,18.45,19.98,20.33,,20.33,-10.0,1.15,1.05,1.16
371.004447221756,30,0.0,18.45,20.01,20.33,,20.33,-10.0,1.15,1.05,1.16
371.50446105003357,30,0.0,18.45,19.98,20.33,,20.33,-10.0,1.14,1.05,1.16
372.00408458709717,30,0.0,18.45,19.98,20.33,,20.33,-10.0,1.15,1.05,1.16
372.5033085346222,30,0.0,18.41,19.98,20.33,,20.33,-10.0,1.14,1.05,1.16
373.0047390460968,30,0.0,18.45,19.98,20.33,,20.33,-10.0,1.15,1.05,1.16
373.5034410953522,30,0.0,18.45,19.98,20.33,,20.33,-10.0,1.15,1.05,1.16
374.00418758392334,30,0.0,18.45,19.98,20.33,,20.33,-10.0,1.15,1.05,1.16
374.5037498474121,30,0.0,18.45,19.98,20.33,,20.33,-10.0,1.15,1.05,1.16
375.00479650497437,30,0.0,18.45,19.98,20.33,,20.33,-10.0,1.15,1.05,1.16
375.51851201057434,30,0.0,18.45,19.98,20.33,,20.33,-10.0,1.15,1.05,1.16
376.00650930404663,30,0.0,18.41,19.98,20.33,,20.33,-10.0,1.15,1.05,1.16
376.5194842815399,30,0.0,18.45,19.98,20.33,,20.33,-10.0,1.15,1.05,1.16
377.0243570804596,30,0.0,18.45,19.98,20.33,,20.33,-10.0,1.15,1.05,1.16
377.52010130882263,30,0.0,18.45,19.98,20.33,,20.33,-10.0,1.15,1.05,1.16
378.019314289093,30,0.0,18.41,19.98,20.33,,20.33,-10.0,1.14,1.05,1.16
378.52206683158875,30,0.0,18.45,19.98,20.33,,20.33,-10.0,1.15,1.05,1.16
379.0178861618042,30,0.0,18.41,19.98,20.33,,20.33,-10.0,1.14,1.05,1.16
379.5192840099335,30,0.0,18.45,19.98,20.33,,20.33,-10.0,1.15,1.05,1.16
380.01857352256775,30,0.0,18.41,19.98,20.29,,20.29,-10.0,1.14,1.05,1.16
380.5188388824463,30,0.0,18.41,19.98,20.33,,20.33,-10.0,1.15,1.04,1.16
381.04348945617676,30,0.0,18.45,19.98,20.33,,20.33,-10.0,1.14,1.05,1.16
381.5354833602905,30,0.0,18.41,19.98,20.29,,20.29,-10.0,1.15,1.05,1.16
382.0332236289978,30,0.0,18.41,19.98,20.29,,20.29,-10.0,1.14,1.05,1.16
382.53216552734375,30,0.0,18.41,19.98,20.29,,20.29,-10.0,1.14,1.05,1.16
383.03375935554504,30,0.0,18.41,19.98,20.33,,20.33,-10.0,1.14,1.05,1.16
383.53276228904724,30,0.0,18.41,19.98,20.29,,20.29,-10.0,1.14,1.05,1.16
384.03774189949036,30,0.0,18.41,19.98,20.29,,20.29,-10.0,1.15,1.04,1.16
384.5333528518677,30,0.0,18.41,19.98,20.29,,20.29,-10.0,1.14,1.04,1.16
385.04727935791016,30,0.0,18.41,19.98,20.29,,20.29,-10.0,1.14,1.05,1.16
385.5354917049408,30,0.0,18.41,19.98,20.29,,20.29,-10.0,1.14,1.05,1.16
386.03315806388855,30,0.0,18.41,19.98,20.29,,20.29,-10.0,1.14,1.05,1.16
386.53214740753174,30,0.0,18.41,19.94,20.29,,20.29,-10.0,1.14,1.05,1.16
387.0482680797577,30,0.0,18.41,19.98,20.29,,20.29,-10.0,1.14,1.04,1.16
387.5472333431244,30,0.0,18.41,19.98,20.29,,20.29,-10.0,1.14,1.05,1.16
388.0491797924042,30,0.0,18.41,19.98,20.29,,20.29,-10.0,1.14,1.04,1.16
388.54793310165405,30,0.0,18.41,19.98,20.29,,20.29,-10.0,1.14,1.04,1.16
389.04952120780945,30,0.0,18.41,19.94,20.29,,20.29,-10.0,1.15,1.04,1.16
389.5506830215454,30,0.0,18.41,19.94,20.29,,20.29,-10.0,1.14,1.05,1.16
390.062691450119,30,0.0,18.41,19.98,20.29,,20.29,-10.0,1.15,1.04,1.16
390.54581451416016,30,0.0,18.41,19.98,20.29,,20.29,-10.0,1.14,1.04,1.16
391.04667949676514,30,0.0,18.41,19.94,20.29,,20.29,-10.0,1.15,1.05,1.16
391.54447865486145,30,0.0,18.41,19.98,20.29,,20.29,-10.0,1.14,1.04,1.16
392.047931432724,30,0.0,18.41,19.94,20.29,,20.29,-10.0,1.15,1.05,1.16
392.5623962879181,30,0.0,18.41,19.94,20.29,,20.29,-10.0,1.14,1.04,1.16
393.05006766319275,30,0.0,18.41,19.94,20.29,,20.29,-10.0,1.14,1.04,1.16
393.5626618862152,30,0.0,18.45,19.94,20.29,,20.29,-10.0,1.14,1.04,1.16
394.0636577606201,30,0.0,18.41,19.94,20.29,,20.29,-10.0,1.14,1.04,1.16
394.56164836883545,30,0.0,18.45,19.94,20.29,,20.29,-10.0,1.14,1.04,1.16
395.0623321533203,30,0.0,18.41,19.94,20.29,,20.29,-10.0,1.14,1.04,1.16
395.562175989151,30,0.0,18.41,19.94,20.29,,20.29,-10.0,1.14,1.04,1.16
396.06167244911194,30,0.0,18.41,19.94,20.29,,20.29,-10.0,1.14,1.04,1.16
396.56220531463623,30,0.0,18.41,19.94,20.29,,20.29,-10.0,1.14,1.04,1.16
397.0778875350952,30,0.0,18.41,19.94,20.29,,20.29,-10.0,1.14,1.04,1.16
397.56250286102295,30,0.0,18.41,19.94,20.29,,20.29,-10.0,1.14,1.04,1.16
398.07722067832947,30,0.0,18.41,19.94,20.29,,20.29,-10.0,1.14,1.04,1.16
398.57569909095764,30,0.0,18.41,19.98,20.29,,20.29,-10.0,1.14,1.04,1.16
399.0775783061981,30,0.0,18.41,19.94,20.29,,20.29,-10.0,1.15,1.04,1.16
399.5799651145935,30,0.0,18.41,19.94,20.29,,20.29,-10.0,1.14,1.04,1.16
400.07786202430725,30,0.0,18.41,19.94,20.29,,20.29,-10.0,1.14,1.04,1.16
400.579283952713,30,0.0,18.41,19.94,20.29,,20.29,-10.0,1.14,1.04,1.16
401.07652258872986,30,0.0,18.41,19.94,20.29,,20.29,-10.0,1.14,1.04,1.16
401.57723569869995,30,0.0,18.41,19.94,20.29,,20.29,-10.0,1.14,1.04,1.16
402.0761983394623,30,0.0,18.41,19.94,20.29,,20.29,-10.0,1.14,1.04,1.16
402.5904595851898,30,0.0,18.41,19.94,20.29,,20.29,-10.0,1.14,1.04,1.16
403.07601857185364,30,0.0,18.41,19.94,20.29,,20.29,-10.0,1.14,1.04,1.16
403.5913510322571,30,0.0,18.41,19.94,20.29,,20.29,-10.0,1.14,1.04,1.16
404.0903391838074,30,0.0,18.41,19.94,20.29,,20.29,-10.0,1.14,1.04,1.16
404.59248876571655,30,0.0,18.41,19.94,20.29,,20.29,-10.0,1.14,1.04,1.16
405.0916392803192,30,0.0,18.41,19.94,20.29,,20.29,-10.0,1.14,1.04,1.16
405.5904972553253,30,0.0,18.41,19.94,20.29,,20.29,-10.0,1.14,1.04,1.16
406.0891981124878,30,0.0,18.41,19.94,20.29,,20.29,-10.0,1.14,1.04,1.16
406.5905542373657,30,0.0,18.41,19.94,20.29,,20.29,-10.0,1.14,1.04,1.16
407.08963441848755,30,0.0,18.41,19.94,20.29,,20.29,-10.0,1.14,1.04,1.16
407.59320998191833,30,0.0,18.41,19.94,20.29,,20.29,-10.0,1.14,1.04,1.15
408.09273076057434,30,0.0,18.41,19.94,20.29,,20.29,-10.0,1.14,1.04,1.16
408.58838844299316,30,0.0,18.41,19.94,20.26,,20.26,-10.0,1.14,1.04,1.15
409.10687589645386,30,0.0,18.41,19.94,20.29,,20.29,-10.0,1.14,1.04,1.16
409.60635685920715,30,0.0,18.41,19.94,20.29,,20.29,-10.0,1.14,1.04,1.15
410.1045153141022,30,0.0,18.41,19.94,20.29,,20.29,-10.0,1.14,1.04,1.16
410.6061701774597,30,0.0,18.41,19.94,20.26,,20.26,-10.0,1.14,1.04,1.16
411.1067969799042,30,0.0,18.41,19.91,20.29,,20.29,-10.0,1.14,1.04,1.15
411.60797214508057,30,0.0,18.41,19.94,20.29,,20.29,-10.0,1.14,1.04,1.16
412.1230483055115,30,0.0,18.41,19.94,20.26,,20.26,-10.0,1.14,1.04,1.15
412.6041202545166,30,0.0,18.41,19.91,20.26,,20.26,-10.0,1.14,1.04,1.15
413.10556149482727,30,0.0,18.41,19.94,20.29,,20.29,-10.0,1.14,1.04,1.16
413.6202394962311,30,0.0,18.41,19.94,20.26,,20.26,-10.0,1.14,1.04,1.15
414.1224248409271,30,0.0,18.41,19.94,20.26,,20.26,-10.0,1.14,1.04,1.15
414.6195909976959,30,0.0,18.41,19.91,20.29,,20.29,-10.0,1.14,1.04,1.15
415.1194987297058,30,0.0,18.41,19.91,20.26,,20.26,-10.0,1.14,1.04,1.15
415.620436668396,30,0.0,18.41,19.91,20.26,,20.26,-10.0,1.14,1.04,1.15
416.1187298297882,30,0.0,18.36,19.94,20.26,,20.26,-10.0,1.14,1.04,1.15
416.62002897262573,30,0.0,18.41,19.94,20.26,,20.26,-10.0,1.14,1.04,1.15
417.11716318130493,30,0.0,18.41,19.91,20.26,,20.26,-10.0,1.14,1.04,1.15
417.6184196472168,30,0.0,18.36,19.94,20.26,,20.26,-10.0,1.14,1.04,1.15
418.1199083328247,30,0.0,18.36,19.91,20.26,,20.26,-10.0,1.14,1.04,1.15
418.6223473548889,30,0.0,18.41,19.94,20.26,,20.26,-10.0,1.14,1.04,1.15
419.12117409706116,30,0.0,18.41,19.91,20.26,,20.26,-10.0,1.14,1.04,1.15
419.6181240081787,30,0.0,18.41,19.91,20.26,,20.26,-10.0,1.14,1.04,1.15
420.1207387447357,30,0.0,18.41,19.91,20.26,,20.26,-10.0,1.14,1.04,1.15
420.63686776161194,30,0.0,18.36,19.91,20.26,,20.26,-10.0,1.14,1.04,1.15
421.13370847702026,30,0.0,18.36,19.91,20.26,,20.26,-10.0,1.14,1.04,1.15
421.63261461257935,30,0.0,18.41,19.91,20.26,,20.26,-10.0,1.14,1.04,1.15
422.13473653793335,30,0.0,18.36,19.91,20.26,,20.26,-10.0,1.14,1.04,1.15
422.6331641674042,30,0.0,18.41,19.91,20.26,,20.26,-10.0,1.14,1.04,1.15
423.1330358982086,30,0.0,18.41,19.91,20.26,,20.26,-10.0,1.14,1.04,1.15
423.63542342185974,30,0.0,18.36,19.91,20.26,,20.26,-10.0,1.14,1.04,1.15
424.1332428455353,30,0.0,18.36,19.91,20.26,,20.26,-10.0,1.14,1.04,1.15
424.6335520744324,30,0.0,18.36,19.91,20.26,,20.26,-10.0,1.14,1.04,1.15
425.14885783195496,30,0.0,18.36,19.91,20.26,,20.26,-10.0,1.14,1.04,1.15
425.64850401878357,30,0.0,18.41,19.91,20.26,,20.26,-10.0,1.14,1.04,1.15
426.1485552787781,30,0.0,18.36,19.91,20.26,,20.26,-10.0,1.14,1.04,1.15
426.6486587524414,30,0.0,18.36,19.91,20.26,,20.26,-10.0,1.14,1.04,1.15
427.14781975746155,30,0.0,18.36,19.91,20.26,,20.26,-10.0,1.14,1.04,1.15
427.6492965221405,30,0.0,18.36,19.91,20.26,,20.26,-10.0,1.14,1.04,1.15
428.1504611968994,30,0.0,18.36,19.91,20.26,,20.26,-10.0,1.14,1.04,1.15
428.6484830379486,30,0.0,18.36,19.91,20.26,,20.26,-10.0,1.14,1.04,1.15
429.1487407684326,30,0.0,18.36,19.91,20.26,,20.26,-10.0,1.14,1.04,1.15
429.64718794822693,30,0.0,18.36,19.91,20.26,,20.26,-10.0,1.14,1.04,1.15
430.14894938468933,30,0.0,18.41,19.91,20.26,,20.26,-10.0,1.14,1.04,1.15
430.650812625885,30,0.0,18.36,19.91,20.26,,20.26,-10.0,1.14,1.03,1.15
431.16605377197266,30,0.0,18.36,19.91,20.26,,20.26,-10.0,1.14,1.04,1.15
431.6641128063202,30,0.0,18.36,19.91,20.26,,20.26,-10.0,1.14,1.04,1.15
432.1647012233734,30,0.0,18.36,19.91,20.26,,20.26,-10.0,1.14,1.04,1.15
432.6637313365936,30,0.0,18.36,19.91,20.22,,20.22,-10.0,1.14,1.04,1.15
433.1642253398895,30,0.0,18.36,19.91,20.26,,20.26,-10.0,1.14,1.04,1.15
433.66453289985657,30,0.0,18.36,19.91,20.26,,20.26,-10.0,1.14,1.04,1.15
434.1647093296051,30,0.0,18.36,19.91,20.26,,20.26,-10.0,1.14,1.04,1.15
434.66261196136475,30,0.0,18.36,19.91,20.22,,20.22,-10.0,1.14,1.04,1.15
435.1778254508972,30,0.0,18.36,19.91,20.26,,20.26,-10.0,1.14,1.04,1.15
435.66462779045105,30,0.0,18.36,19.91,20.26,,20.26,-10.0,1.14,1.04,1.15
436.17879152297974,30,0.0,18.36,19.91,20.26,,20.26,-10.0,1.14,1.04,1.15
436.6650984287262,30,0.0,18.36,19.91,20.26,,20.26,-10.0,1.14,1.04,1.15
437.17899918556213,30,0.0,18.36,19.91,20.26,,20.26,-10.0,1.14,1.04,1.15
437.6798520088196,30,0.0,18.36,19.91,20.26,,20.26,-10.0,1.14,1.04,1.15
438.17762565612793,30,0.0,18.41,19.91,20.26,,20.26,-10.0,1.14,1.04,1.15
438.6765694618225,30,0.0,18.36,19.91,20.26,,20.26,-10.0,1.14,1.03,1.15
439.1777582168579,30,0.0,18.36,19.91,20.26,,20.26,-10.0,1.14,1.04,1.15
439.67884278297424,30,0.0,18.36,19.88,20.26,,20.26,-10.0,1.14,1.04,1.15
440.1763758659363,30,0.0,18.36,19.91,20.26,,20.26,-10.0,1.14,1.03,1.15
440.6784188747406,30,0.0,18.36,19.88,20.26,,20.26,-10.0,1.14,1.03,1.15
441.175240278244,30,0.0,18.41,19.91,20.26,,20.26,-10.0,1.14,1.04,1.15
441.6808297634125,30,0.0,18.36,19.91,20.22,,20.22,-10.0,1.14,1.03,1.15
442.1934726238251,30,0.0,18.36,19.91,20.22,,20.22,-10.0,1.14,1.03,1.15
442.69135904312134,30,0.0,18.36,19.91,20.26,,20.26,-10.0,1.14,1.04,1.15
443.19228196144104,30,0.0,18.36,19.91,20.26,,20.26,-10.0,1.14,1.03,1.15
443.69161105155945,30,0.0,18.41,19.91,20.22,,20.22,-10.0,1.14,1.03,1.15
444.18212246894836,30,0.0,18.36,19.91,20.22,,20.22,-10.0,1.14,1.03,1.15
444.6934859752655,30,0.0,18.36,19.91,20.22,,20.22,-10.0,1.14,1.04,1.15
445.19103622436523,30,0.0,18.36,19.91,20.22,,20.22,-10.0,1.14,1.04,1.15
445.69033312797546,30,0.0,18.36,19.91,20.22,,20.22,-10.0,1.14,1.04,1.15
446.1904454231262,30,0.0,18.36,19.88,20.26,,20.26,-10.0,1.14,1.04,1.15
446.692919254303,30,0.0,18.41,19.91,20.22,,20.22,-10.0,1.14,1.04,1.15
447.2068989276886,30,0.0,18.36,19.88,20.22,,20.22,-10.0,1.14,1.04,1.15
447.70669174194336,30,0.0,18.36,19.91,20.22,,20.22,-10.0,1.14,1.04,1.15
448.2074782848358,30,0.0,18.36,19.91,20.22,,20.22,-10.0,1.14,1.04,1.15
448.70752596855164,30,0.0,18.36,19.91,20.22,,20.22,-10.0,1.14,1.04,1.15
449.2065460681915,30,0.0,18.36,19.91,20.26,,20.26,-10.0,1.14,1.04,1.15
449.70647406578064,30,0.0,18.41,19.91,20.26,,20.26,-10.0,1.14,1.04,1.15
450.20747089385986,30,0.0,18.41,19.91,20.26,,20.26,-10.0,1.14,1.04,1.15
450.7080628871918,30,0.0,18.41,19.91,20.26,,20.26,-10.0,1.14,1.04,1.15
451.2074728012085,30,0.0,18.41,19.91,20.26,,20.26,-10.0,1.14,1.04,1.15
451.7063932418823,30,0.0,18.41,19.91,20.26,,20.26,-10.0,1.14,1.04,1.15
452.208548784256,30,0.0,18.41,19.94,20.26,,20.26,-10.0,1.14,1.04,1.15
452.71059250831604,30,0.0,18.41,19.94,20.26,,20.26,-10.0,1.14,1.04,1.15
453.2063190937042,30,0.0,18.41,19.94,20.26,,20.26,-10.0,1.14,1.04,1.15
453.7214045524597,30,0.0,18.41,19.91,20.26,,20.26,-10.0,1.14,1.04,1.15
454.2237956523895,30,0.0,18.41,19.94,20.29,,20.29,-10.0,1.14,1.04,1.16
454.7206678390503,30,0.0,18.41,19.94,20.26,,20.26,-10.0,1.15,1.04,1.15
455.22126626968384,30,0.0,18.41,19.94,20.29,,20.29,-10.0,1.14,1.04,1.16
455.7235164642334,30,0.0,18.41,19.94,20.29,,20.29,-10.0,1.15,1.04,1.16
456.2290987968445,30,0.0,18.41,19.91,20.29,,20.29,-10.0,1.14,1.04,1.16
456.7221989631653,30,0.0,18.41,19.94,20.29,,20.29,-10.0,1.15,1.04,1.16
457.2205321788788,30,0.0,18.41,19.94,20.29,,20.29,-10.0,1.15,1.04,1.15
457.72301149368286,30,0.0,18.41,19.94,20.26,,20.26,-10.0,1.15,1.04,1.15
458.2356610298157,30,0.0,18.41,19.94,20.29,,20.29,-10.0,1.15,1.04,1.15
458.7377097606659,30,0.0,18.45,19.94,20.29,,20.29,-10.0,1.15,1.04,1.16
459.23923897743225,30,0.0,18.45,19.94,20.29,,20.29,-10.0,1.14,1.04,1.15
459.73747086524963,30,0.0,18.45,19.94,20.29,,20.29,-10.0,1.14,1.04,1.16
460.23649430274963,30,0.0,18.41,19.94,20.29,,20.29,-10.0,1.15,1.04,1.15
460.73854303359985,30,0.0,18.41,19.94,20.26,,20.26,-10.0,1.14,1.04,1.15
461.23717188835144,30,0.0,18.41,19.94,20.26,,20.26,-10.0,1.14,1.04,1.15
461.7385492324829,30,0.0,18.41,19.94,20.26,,20.26,-10.0,1.14,1.04,1.15
462.23865509033203,30,0.0,18.41,19.94,20.26,,20.26,-10.0,1.15,1.04,1.15
462.74424982070923,30,0.0,18.45,19.94,20.26,,20.26,-10.0,1.15,1.04,1.15
463.23791885375977,30,0.0,18.41,19.94,20.26,,20.26,-10.0,1.14,1.04,1.15
463.7525680065155,30,0.0,18.45,19.94,20.26,,20.26,-10.0,1.15,1.04,1.15
464.23578667640686,30,0.0,18.41,19.94,20.26,,20.26,-10.0,1.14,1.04,1.15
464.7533929347992,30,0.0,18.45,19.94,20.26,,20.26,-10.0,1.15,1.04,1.15
465.2518832683563,30,0.0,18.41,19.91,20.26,,20.26,-10.0,1.14,1.04,1.15
465.74991607666016,30,0.0,18.45,19.94,20.26,,20.26,-10.0,1.15,1.04,1.15
466.2542533874512,30,0.0,18.45,19.94,20.26,,20.26,-10.0,1.15,1.04,1.15
466.74349093437195,30,0.0,18.41,19.94,20.26,,20.26,-10.0,1.15,1.04,1.15
467.2587778568268,30,0.0,18.41,19.94,20.26,,20.26,-10.0,1.15,1.04,1.15
467.7487895488739,30,0.0,18.45,19.94,20.26,,20.26,-10.0,1.15,1.04,1.15
468.2486364841461,30,0.0,18.45,19.94,20.26,,20.26,-10.0,1.14,1.04,1.15
468.74870896339417,30,0.0,18.41,19.91,20.26,,20.26,-10.0,1.14,1.04,1.15
469.2532870769501,30,0.0,18.41,19.91,20.26,,20.26,-10.0,1.14,1.04,1.15
469.76706743240356,30,0.0,18.41,19.91,20.26,,20.26,-10.0,1.15,1.04,1.15
470.2644772529602,30,0.0,18.41,19.91,20.26,,20.26,-10.0,1.15,1.04,1.15
470.7657504081726,30,0.0,18.41,19.94,20.26,,20.26,-10.0,1.14,1.04,1.15
471.2680299282074,30,0.0,18.41,19.94,20.26,,20.26,-10.0,1.14,1.04,1.15
471.75858974456787,30,0.0,18.41,19.94,20.26,,20.26,-10.0,1.14,1.04,1.15
472.26594495773315,30,0.0,18.41,19.94,20.26,,20.26,-10.0,1.15,1.04,1.15
472.76508951187134,30,0.0,18.41,19.94,20.26,,20.26,-10.0,1.15,1.04,1.15
473.26703453063965,30,0.0,18.41,19.91,20.26,,20.26,-10.0,1.14,1.04,1.15
473.7732791900635,30,0.0,18.41,19.94,20.26,,20.26,-10.0,1.14,1.04,1.15
474.26887249946594,30,0.0,18.41,19.94,20.26,,20.26,-10.0,1.14,1.04,1.15
474.77623105049133,30,0.0,18.41,19.91,20.26,,20.26,-10.0,1.15,1.04,1.15
475.28121733665466,30,0.0,18.45,19.94,20.26,,20.26,-10.0,1.14,1.04,1.15
475.7721483707428,30,0.0,18.41,19.91,20.26,,20.26,-10.0,1.14,1.04,1.15
476.2710039615631,30,0.0,18.41,19.94,20.26,,20.26,-10.0,1.14,1.04,1.15
476.7844431400299,30,0.0,18.41,19.91,20.26,,20.26,-10.0,1.14,1.04,1.15
477.2815616130829,30,0.0,18.41,19.91,20.26,,20.26,-10.0,1.14,1.04,1.15
477.7822334766388,30,0.0,18.45,19.91,20.26,,20.26,-10.0,1.14,1.04,1.15
478.2840826511383,30,0.0,18.41,19.94,20.26,,20.26,-10.0,1.14,1.04,1.15
478.7797546386719,30,0.0,18.41,19.94,20.26,,20.26,-10.0,1.14,1.04,1.15
479.2851173877716,30,0.0,18.41,19.91,20.26,,20.26,-10.0,1.14,1.04,1.15
479.7885413169861,30,0.0,18.41,19.94,20.26,,20.26,-10.0,1.14,1.04,1.15
480.29603123664856,30,0.0,18.41,19.91,20.26,,20.26,-10.0,1.14,1.04,1.15
480.7966935634613,30,0.0,18.41,19.91,20.26,,20.26,-10.0,1.14,1.04,1.15
481.2934658527374,30,0.0,18.41,19.94,20.26,,20.26,-10.0,1.14,1.04,1.15
481.8131968975067,30,0.0,18.41,19.91,20.26,,20.26,-10.0,1.14,1.04,1.15
482.2944986820221,30,0.0,18.41,19.94,20.26,,20.26,-10.0,1.14,1.04,1.15
482.79482102394104,30,0.0,18.41,19.91,20.26,,20.26,-10.0,1.14,1.04,1.15
483.2968487739563,30,0.0,18.41,19.91,20.26,,20.26,-10.0,1.14,1.04,1.15
483.7993161678314,30,0.0,18.41,19.91,20.26,,20.26,-10.0,1.14,1.04,1.15
484.2993266582489,30,0.0,18.41,19.91,20.26,,20.26,-10.0,1.14,1.04,1.15
484.7952651977539,30,0.0,18.41,19.91,20.26,,20.26,-10.0,1.14,1.04,1.15
485.29438042640686,30,0.0,18.41,19.91,20.26,,20.26,-10.0,1.14,1.04,1.15
485.79299902915955,30,0.0,18.41,19.91,20.26,,20.26,-10.0,1.14,1.04,1.15
486.30158019065857,30,0.0,18.41,19.91,20.26,,20.26,-10.0,1.14,1.04,1.15
486.81170177459717,30,0.0,18.41,19.91,20.26,,20.26,-10.0,1.14,1.04,1.15
487.3147180080414,30,0.0,18.41,19.91,20.26,,20.26,-10.0,1.14,1.04,1.15
487.81008076667786,30,0.0,18.41,19.91,20.26,,20.26,-10.0,1.14,1.04,1.15
488.3238830566406,30,0.0,18.41,19.91,20.22,,20.22,-10.0,1.14,1.04,1.15
488.8107545375824,30,0.0,18.41,19.91,20.26,,20.26,-10.0,1.14,1.04,1.15
489.31215047836304,30,0.0,18.41,19.91,20.26,,20.26,-10.0,1.14,1.04,1.15
489.8123836517334,30,0.0,18.41,19.91,20.26,,20.26,-10.0,1.14,1.04,1.15
490.3079526424408,30,0.0,18.41,19.91,20.26,,20.26,-10.0,1.14,1.04,1.15
490.82668375968933,30,0.0,18.41,19.91,20.26,,20.26,-10.0,1.14,1.04,1.15
491.3225336074829,30,0.0,18.41,19.91,20.26,,20.26,-10.0,1.14,1.04,1.15
491.8286545276642,30,0.0,18.41,19.91,20.26,,20.26,-10.0,1.14,1.04,1.15
492.3300693035126,30,0.0,18.36,19.91,20.26,,20.26,-10.0,1.14,1.04,1.15
492.8287627696991,30,0.0,18.41,19.91,20.26,,20.26,-10.0,1.14,1.04,1.15
493.32310461997986,30,0.0,18.36,19.91,20.26,,20.26,-10.0,1.14,1.04,1.15
493.8244299888611,30,0.0,18.41,19.91,20.26,,20.26,-10.0,1.14,1.04,1.15
494.32731318473816,30,0.0,18.41,19.91,20.26,,20.26,-10.0,1.14,1.04,1.15
494.82544469833374,30,0.0,18.41,19.91,20.26,,20.26,-10.0,1.14,1.04,1.15
495.32560896873474,30,0.0,18.41,19.91,20.26,,20.26,-10.0,1.14,1.04,1.15
495.82236409187317,30,0.0,18.41,19.91,20.26,,20.26,-10.0,1.14,1.04,1.15
496.3283107280731,30,0.0,18.41,19.91,20.26,,20.26,-10.0,1.14,1.04,1.15
496.8381383419037,30,0.0,18.41,19.91,20.26,,20.26,-10.0,1.14,1.04,1.15
497.34042382240295,30,0.0,18.41,19.94,20.26,,20.26,-10.0,1.14,1.04,1.16
497.8323037624359,30,0.0,18.41,19.94,20.29,,20.29,-10.0,1.14,1.04,1.16
498.33004999160767,30,0.0,18.45,19.94,20.29,,20.29,-10.0,1.15,1.04,1.16
498.8411600589752,30,0.0,18.45,19.94,20.29,,20.29,-10.0,1.15,1.04,1.16
499.3415343761444,30,0.0,18.45,19.94,20.33,,20.33,-10.0,1.15,1.05,1.16
499.8421883583069,30,0.0,18.45,19.98,20.33,,20.33,-10.0,1.15,1.05,1.16
500.34171199798584,30,0.0,18.45,19.98,20.33,,20.33,-10.0,1.15,1.05,1.16
500.83944869041443,30,0.0,18.45,19.98,20.33,,20.33,-10.0,1.15,1.05,1.17
501.34093713760376,30,0.0,18.5,19.98,20.33,,20.33,-10.0,1.15,1.04,1.16
501.8373613357544,30,0.0,18.5,19.98,20.33,,20.33,-10.0,1.15,1.05,1.16
502.354044675827,30,0.0,18.5,19.98,20.33,,20.33,-10.0,1.15,1.05,1.16
502.85493540763855,30,0.0,18.45,19.98,20.33,,20.33,-10.0,1.15,1.05,1.16
503.3556475639343,30,0.0,18.5,19.98,20.37,,20.37,-10.0,1.15,1.05,1.16
503.8540852069855,30,0.0,18.45,19.98,20.33,,20.33,-10.0,1.15,1.05,1.16
504.3691201210022,30,0.0,18.45,19.98,20.33,,20.33,-10.0,1.15,1.05,1.16
504.85581707954407,30,0.0,18.45,19.98,20.33,,20.33,-10.0,1.15,1.04,1.16
505.35444617271423,30,0.0,18.45,19.98,20.33,,20.33,-10.0,1.15,1.04,1.16
505.85034918785095,30,0.0,18.45,19.94,20.33,,20.33,-10.0,1.15,1.04,1.16
506.35125184059143,30,0.0,18.45,19.98,20.33,,20.33,-10.0,1.15,1.04,1.16
506.85304045677185,30,0.0,18.45,19.94,20.33,,20.33,-10.0,1.15,1.04,1.16
507.3528561592102,30,0.0,18.45,19.98,20.33,,20.33,-10.0,1.15,1.05,1.16
507.8741919994354,30,0.0,18.45,19.94,20.33,,20.33,-10.0,1.15,1.04,1.16
508.3575029373169,30,0.0,18.45,19.98,20.33,,20.33,-10.0,1.15,1.04,1.16
508.88341212272644,30,0.0,18.45,19.94,20.33,,20.33,-10.0,1.15,1.04,1.16
509.37121081352234,30,0.0,18.45,19.94,20.33,,20.33,-10.0,1.15,1.04,1.16
509.87007331848145,30,0.0,18.41,19.94,20.33,,20.33,-10.0,1.15,1.04,1.16
510.36572337150574,30,0.0,18.45,19.94,20.33,,20.33,-10.0,1.15,1.04,1.16
510.8676960468292,30,0.0,18.41,19.94,20.33,,20.33,-10.0,1.14,1.04,1.16
511.36912751197815,30,0.0,18.41,19.94,20.33,,20.33,-10.0,1.14,1.04,1.16
511.8654181957245,30,0.0,18.45,19.94,20.33,,20.33,-10.0,1.15,1.04,1.16
512.3655915260315,30,0.0,18.41,19.94,20.33,,20.33,-10.0,1.14,1.04,1.16
512.8711075782776,30,0.0,18.41,19.94,20.33,,20.33,-10.0,1.15,1.04,1.16
513.3678424358368,30,0.0,18.41,19.94,20.33,,20.33,-10.0,1.14,1.04,1.16
513.8701934814453,30,0.0,18.41,19.94,20.29,,20.29,-10.0,1.14,1.04,1.16
514.4155759811401,30,0.0,18.41,19.94,20.29,,20.29,-10.0,1.14,1.04,1.16
514.8802845478058,30,0.0,18.41,19.94,20.29,,20.29,-10.0,1.14,1.04,1.16
515.382753610611,30,0.0,18.45,19.94,20.29,,20.29,-10.0,1.14,1.04,1.16
515.8833403587341,30,0.0,18.41,19.94,20.29,,20.29,-10.0,1.14,1.04,1.16
516.3831596374512,30,0.0,18.41,19.94,20.29,,20.29,-10.0,1.14,1.04,1.16
516.883645772934,30,0.0,18.41,19.94,20.29,,20.29,-10.0,1.15,1.04,1.16
517.3939113616943,30,0.0,18.41,19.94,20.29,,20.29,-10.0,1.14,1.04,1.16
517.882125377655,30,0.0,18.41,19.94,20.29,,20.29,-10.0,1.14,1.04,1.16
518.4004399776459,30,0.0,18.41,19.94,20.29,,20.29,-10.0,1.14,1.04,1.16
518.8975024223328,30,0.0,18.41,19.94,20.29,,20.29,-10.0,1.14,1.04,1.16
519.398118019104,30,0.0,18.41,19.94,20.29,,20.29,-10.0,1.14,1.04,1.16
519.8985333442688,30,0.0,18.41,19.94,20.29,,20.29,-10.0,1.14,1.04,1.16
520.3971545696259,30,0.0,18.41,19.94,20.29,,20.29,-10.0,1.14,1.04,1.16
520.912184715271,30,0.0,18.41,19.94,20.29,,20.29,-10.0,1.14,1.04,1.16
521.3955416679382,30,0.0,18.41,19.94,20.29,,20.29,-10.0,1.14,1.04,1.15
521.895763874054,30,0.0,18.41,19.94,20.29,,20.29,-10.0,1.14,1.04,1.16
522.4013488292694,30,0.0,18.41,19.94,20.29,,20.29,-10.0,1.14,1.04,1.16
522.8999352455139,30,0.0,18.41,19.94,20.29,,20.29,-10.0,1.14,1.04,1.16
523.3968367576599,30,0.0,18.41,19.94,20.29,,20.29,-10.0,1.14,1.04,1.16
523.897528886795,30,0.0,18.41,19.94,20.29,,20.29,-10.0,1.14,1.04,1.15
524.4120965003967,30,0.0,18.41,19.94,20.29,,20.29,-10.0,1.14,1.04,1.15
524.911771774292,30,0.0,18.41,19.94,20.26,,20.26,-10.0,1.14,1.04,1.15
525.4152083396912,30,0.0,18.41,19.91,20.26,,20.26,-10.0,1.14,1.04,1.15
525.9146490097046,30,0.0,18.41,19.94,20.29,,20.29,-10.0,1.15,1.04,1.15
526.4129180908203,30,0.0,18.41,19.94,20.26,,20.26,-10.0,1.14,1.04,1.15
526.9093420505524,30,0.0,18.41,19.94,20.29,,20.29,-10.0,1.14,1.04,1.16
527.4146900177002,30,0.0,18.41,19.94,20.26,,20.26,-10.0,1.14,1.04,1.15
527.9103863239288,30,0.0,18.41,19.91,20.29,,20.29,-10.0,1.14,1.04,1.15
528.4081938266754,30,0.0,18.41,19.94,20.26,,20.26,-10.0,1.14,1.04,1.15
528.9099144935608,30,0.0,18.41,19.94,20.29,,20.29,-10.0,1.14,1.04,1.16
529.4105906486511,30,0.0,18.41,19.94,20.29,,20.29,-10.0,1.14,1.04,1.16
529.909994840622,30,0.0,18.41,19.94,20.29,,20.29,-10.0,1.14,1.04,1.16
530.4263014793396,30,0.0,18.41,19.94,20.29,,20.29,-10.0,1.14,1.04,1.16
530.938102722168,30,0.0,18.41,19.94,20.29,,20.29,-10.0,1.14,1.04,1.16
531.4252989292145,30,0.0,18.41,19.94,20.29,,20.29,-10.0,1.14,1.04,1.16
531.9271900653839,30,0.0,18.41,19.94,20.29,,20.29,-10.0,1.14,1.04,1.16
532.4233322143555,30,0.0,18.41,19.94,20.29,,20.29,-10.0,1.14,1.04,1.16
532.9160838127136,30,0.0,18.41,19.94,20.29,,20.29,-10.0,1.14,1.04,1.16
533.4259157180786,30,0.0,18.41,19.94,20.29,,20.29,-10.0,1.14,1.04,1.16
533.9242479801178,30,0.0,18.41,19.94,20.29,,20.29,-10.0,1.14,1.04,1.16
534.4254832267761,30,0.0,18.41,19.94,20.29,,20.29,-10.0,1.14,1.04,1.16
534.9398722648621,30,0.0,18.41,19.94,20.29,,20.29,-10.0,1.14,1.04,1.16
535.4387156963348,30,0.0,18.41,19.94,20.29,,20.29,-10.0,1.14,1.04,1.16
535.9404075145721,30,0.0,18.41,19.94,20.29,,20.29,-10.0,1.14,1.04,1.16
536.4394793510437,30,0.0,18.41,19.94,20.29,,20.29,-10.0,1.14,1.04,1.16
536.9386310577393,30,0.0,18.41,19.94,20.29,,20.29,-10.0,1.14,1.04,1.16
537.4392628669739,30,0.0,18.41,19.94,20.29,,20.29,-10.0,1.14,1.04,1.16
537.937910079956,30,0.0,18.41,19.94,20.29,,20.29,-10.0,1.14,1.04,1.16
538.4380731582642,30,0.0,18.41,19.94,20.29,,20.29,-10.0,1.14,1.04,1.16
538.9393584728241,30,0.0,18.41,19.94,20.29,,20.29,-10.0,1.14,1.04,1.16
539.4384875297546,30,0.0,18.41,19.94,20.29,,20.29,-10.0,1.14,1.04,1.16
539.9563796520233,30,0.0,18.41,19.94,20.29,,20.29,-10.0,1.14,1.04,1.16
540.4397723674774,30,0.0,18.41,19.94,20.29,,20.29,-10.0,1.15,1.04,1.16
540.9534668922424,30,0.0,18.41,19.94,20.29,,20.29,-10.0,1.14,1.04,1.16
541.4523088932037,30,0.0,18.41,19.94,20.29,,20.29,-10.0,1.14,1.04,1.16
541.9559705257416,30,0.0,18.41,19.94,20.29,,20.29,-10.0,1.14,1.04,1.16
542.4563322067261,30,0.0,18.41,19.94,20.29,,20.29,-10.0,1.14,1.04,1.16
542.9532780647278,30,0.0,18.41,19.94,20.29,,20.29,-10.0,1.14,1.04,1.16
543.4597570896149,30,0.0,18.41,19.94,20.29,,20.29,-10.0,1.14,1.04,1.16
543.9581537246704,30,0.0,18.41,19.94,20.29,,20.29,-10.0,1.14,1.04,1.16
544.5112597942352,30,0.0,18.41,19.94,20.29,,20.29,-10.0,1.14,1.04,1.15
544.9550886154175,30,0.0,18.41,19.94,20.29,,20.29,-10.0,1.14,1.04,1.15
545.454829454422,30,0.0,18.41,19.94,20.26,,20.26,-10.0,1.14,1.04,1.15
545.9681293964386,30,0.0,18.41,19.91,20.26,,20.26,-10.0,1.14,1.04,1.15
546.4708325862885,30,0.0,18.41,19.94,20.26,,20.26,-10.0,1.14,1.04,1.15
546.9935138225555,30,0.0,18.41,19.94,20.26,,20.26,-10.0,1.14,1.04,1.15
547.4724278450012,30,0.0,18.41,19.94,20.26,,20.26,-10.0,1.14,1.04,1.15
547.9731452465057,30,0.0,18.45,19.94,20.26,,20.26,-10.0,1.14,1.04,1.15
548.4670712947845,30,0.0,18.41,19.94,20.29,,20.29,-10.0,1.14,1.04,1.15
548.9771502017975,30,0.0,18.41,19.94,20.26,,20.26,-10.0,1.14,1.04,1.15
549.4709630012512,30,0.0,18.41,19.94,20.26,,20.26,-10.0,1.14,1.04,1.15
549.9700591564178,30,0.0,18.41,19.94,20.29,,20.29,-10.0,1.14,1.04,1.16
550.503121137619,30,0.0,18.41,19.94,20.26,,20.26,-10.0,1.14,1.04,1.15
550.9756038188934,30,0.0,18.41,19.91,20.26,,20.26,-10.0,1.14,1.04,1.15
551.4860208034515,30,0.0,18.41,19.94,20.26,,20.26,-10.0,1.14,1.04,1.15
551.9837653636932,30,0.0,18.41,19.94,20.26,,20.26,-10.0,1.14,1.04,1.15
552.489403963089,30,0.0,18.41,19.94,20.26,,20.26,-10.0,1.14,1.04,1.15
552.9864494800568,30,0.0,18.41,19.94,20.26,,20.26,-10.0,1.14,1.04,1.15
553.4891800880432,30,0.0,18.41,19.94,20.29,,20.29,-10.0,1.14,1.04,1.15
553.9874835014343,30,0.0,18.41,19.94,20.26,,20.26,-10.0,1.14,1.04,1.15
554.4860100746155,30,0.0,18.41,19.94,20.26,,20.26,-10.0,1.14,1.04,1.15
554.9870936870575,30,0.0,18.41,19.91,20.26,,20.26,-10.0,1.14,1.04,1.15
555.4822783470154,30,0.0,18.41,19.94,20.26,,20.26,-10.0,1.14,1.04,1.15
555.9857656955719,30,0.0,18.41,19.94,20.26,,20.26,-10.0,1.14,1.04,1.15
556.4851932525635,30,0.0,18.41,19.94,20.26,,20.26,-10.0,1.14,1.04,1.15
556.9982228279114,30,0.0,18.41,19.94,20.26,,20.26,-10.0,1.14,1.04,1.15
557.5002675056458,30,0.0,18.41,19.94,20.26,,20.26,-10.0,1.14,1.04,1.15
558.003244638443,30,0.0,18.41,19.91,20.26,,20.26,-10.0,1.14,1.04,1.15
558.5026454925537,30,0.0,18.41,19.94,20.26,,20.26,-10.0,1.14,1.04,1.15
559.0056359767914,30,0.0,18.41,19.94,20.26,,20.26,-10.0,1.14,1.04,1.15
559.5015206336975,30,0.0,18.41,19.94,20.26,,20.26,-10.0,1.14,1.04,1.15
559.9971976280212,30,0.0,18.45,19.94,20.26,,20.26,-10.0,1.15,1.04,1.15
560.4982492923737,30,0.0,18.41,19.91,20.26,,20.26,-10.0,1.14,1.04,1.15
561.0014081001282,30,0.0,18.41,19.91,20.26,,20.26,-10.0,1.14,1.04,1.15
561.5017359256744,30,0.0,18.41,19.94,20.26,,20.26,-10.0,1.14,1.04,1.15
562.0016524791718,30,0.0,18.41,19.91,20.26,,20.26,-10.0,1.14,1.04,1.15
562.5008871555328,30,0.0,18.41,19.91,20.26,,20.26,-10.0,1.14,1.04,1.15
563.0125694274902,30,0.0,18.41,19.94,20.26,,20.26,-10.0,1.14,1.04,1.15
563.5086891651154,30,0.0,18.41,19.91,20.26,,20.26,-10.0,1.14,1.04,1.15
564.0091955661774,30,0.0,18.41,19.94,20.26,,20.26,-10.0,1.14,1.04,1.15
564.516006231308,30,0.0,18.41,19.94,20.26,,20.26,-10.0,1.14,1.04,1.15
565.009227514267,30,0.0,18.41,19.94,20.26,,20.26,-10.0,1.14,1.04,1.15
565.5175070762634,30,0.0,18.41,19.94,20.26,,20.26,-10.0,1.14,1.04,1.15
566.0124294757843,30,0.0,18.41,19.91,20.26,,20.26,-10.0,1.14,1.04,1.15
566.5144431591034,30,0.0,18.41,19.91,20.26,,20.26,-10.0,1.14,1.04,1.15
567.0136992931366,30,0.0,18.41,19.94,20.26,,20.26,-10.0,1.14,1.04,1.15
567.5299377441406,30,0.0,18.41,19.94,20.26,,20.26,-10.0,1.14,1.04,1.15
568.0282804965973,30,0.0,18.41,19.94,20.26,,20.26,-10.0,1.14,1.04,1.15
568.530374288559,30,0.0,18.41,19.94,20.26,,20.26,-10.0,1.14,1.04,1.15
569.030079126358,30,0.0,18.41,19.94,20.26,,20.26,-10.0,1.14,1.04,1.15
569.531192779541,30,0.0,18.41,19.94,20.26,,20.26,-10.0,1.14,1.04,1.15
570.0300679206848,30,0.0,18.41,19.94,20.26,,20.26,-10.0,1.14,1.04,1.15
570.5287585258484,30,0.0,18.41,19.94,20.26,,20.26,-10.0,1.14,1.04,1.15
571.0261595249176,30,0.0,18.41,19.94,20.26,,20.26,-10.0,1.14,1.04,1.15
571.5302422046661,30,0.0,18.41,19.94,20.26,,20.26,-10.0,1.14,1.04,1.15
572.0324113368988,30,0.0,18.41,19.94,20.26,,20.26,-10.0,1.14,1.04,1.15
572.5246770381927,30,0.0,18.41,19.94,20.26,,20.26,-10.0,1.14,1.04,1.15
573.0560803413391,30,0.0,18.41,19.94,20.26,,20.26,-10.0,1.14,1.04,1.15
573.5443704128265,30,0.0,18.41,19.94,20.26,,20.26,-10.0,1.14,1.04,1.15
574.0445053577423,30,0.0,18.41,19.94,20.26,,20.26,-10.0,1.14,1.04,1.15
574.544380903244,30,0.0,18.41,19.94,20.26,,20.26,-10.0,1.14,1.04,1.15
575.0475108623505,30,0.0,18.41,19.91,20.26,,20.26,-10.0,1.14,1.04,1.15
575.5440349578857,30,0.0,18.41,19.94,20.26,,20.26,-10.0,1.14,1.04,1.15
576.042530298233,30,0.0,18.41,19.94,20.26,,20.26,-10.0,1.14,1.04,1.15
576.542610168457,30,0.0,18.41,19.94,20.26,,20.26,-10.0,1.14,1.04,1.15
577.0450067520142,30,0.0,18.41,19.94,20.26,,20.26,-10.0,1.14,1.04,1.15
577.5433156490326,30,0.0,18.41,19.91,20.26,,20.26,-10.0,1.14,1.04,1.15
578.0404527187347,30,0.0,18.41,19.91,20.26,,20.26,-10.0,1.14,1.04,1.15
578.5424249172211,30,0.0,18.41,19.91,20.26,,20.26,-10.0,1.14,1.04,1.15
579.0580430030823,30,0.0,18.41,19.91,20.26,,20.26,-10.0,1.14,1.04,1.15
579.5591557025909,30,0.0,18.41,19.91,20.26,,20.26,-10.0,1.14,1.04,1.15
580.0588855743408,30,0.0,18.41,19.91,20.26,,20.26,-10.0,1.14,1.04,1.15
580.5594556331635,30,0.0,18.41,19.91,20.26,,20.26,-10.0,1.14,1.04,1.15
581.0537066459656,30,0.0,18.41,19.91,20.26,,20.26,-10.0,1.14,1.04,1.15
581.5558903217316,30,0.0,18.41,19.91,20.26,,20.26,-10.0,1.14,1.04,1.15
582.0603194236755,30,0.0,18.41,19.91,20.26,,20.26,-10.0,1.14,1.04,1.15
582.5551261901855,30,0.0,18.41,19.91,20.26,,20.26,-10.0,1.14,1.04,1.15
583.0518860816956,30,0.0,18.41,19.91,20.26,,20.26,-10.0,1.14,1.04,1.15
583.5564861297607,30,0.0,18.41,19.91,20.26,,20.26,-10.0,1.14,1.04,1.15
584.0560042858124,30,0.0,18.41,19.91,20.26,,20.26,-10.0,1.14,1.04,1.16
584.5539767742157,30,0.0,18.41,19.91,20.26,,20.26,-10.0,1.14,1.04,1.15
585.0555119514465,30,0.0,18.41,19.94,20.26,,20.26,-10.0,1.14,1.04,1.15
585.5695815086365,30,0.0,18.41,19.91,20.26,,20.26,-10.0,1.14,1.04,1.15
586.068784236908,30,0.0,18.41,19.91,20.26,,20.26,-10.0,1.14,1.04,1.15
586.5692250728607,30,0.0,18.41,19.91,20.26,,20.26,-10.0,1.14,1.04,1.15
587.0714485645294,30,0.0,18.41,19.91,20.26,,20.26,-10.0,1.14,1.04,1.15
587.5859429836273,30,0.0,18.41,19.94,20.26,,20.26,-10.0,1.14,1.04,1.15
588.072375535965,30,0.0,18.41,19.91,20.26,,20.26,-10.0,1.14,1.04,1.15
588.5756726264954,30,0.0,18.41,19.91,20.26,,20.26,-10.0,1.14,1.04,1.15
589.0745384693146,30,0.0,18.41,19.94,20.26,,20.26,-10.0,1.14,1.04,1.15
589.5689477920532,30,0.0,18.41,19.91,20.26,,20.26,-10.0,1.14,1.04,1.15
590.0867352485657,30,0.0,18.41,19.91,20.26,,20.26,-10.0,1.14,1.04,1.15
590.585951089859,30,0.0,18.41,19.94,20.26,,20.26,-10.0,1.14,1.04,1.15
591.0680558681488,30,0.0,18.41,19.91,20.26,,20.26,-10.0,1.14,1.04,1.15
591.585741519928,30,0.0,18.41,19.91,20.26,,20.26,-10.0,1.14,1.04,1.15
592.0867459774017,30,0.0,18.41,19.91,20.26,,20.26,-10.0,1.14,1.04,1.15
592.5880932807922,30,0.0,18.41,19.91,20.26,,20.26,-10.0,1.14,1.04,1.15
593.0865166187286,30,0.0,18.41,19.94,20.26,,20.26,-10.0,1.14,1.04,1.15
593.5843851566315,30,0.0,18.41,19.91,20.26,,20.26,-10.0,1.14,1.04,1.15
594.0852687358856,30,0.0,18.41,19.94,20.26,,20.26,-10.0,1.14,1.04,1.15
594.5834498405457,30,0.0,18.41,19.91,20.26,,20.26,-10.0,1.14,1.04,1.15
595.0841000080109,30,0.0,18.41,19.91,20.26,,20.26,-10.0,1.14,1.04,1.15
595.5983164310455,30,0.0,18.41,19.91,20.26,,20.26,-10.0,1.14,1.04,1.15
596.0810482501984,30,0.0,18.41,19.91,20.26,,20.26,-10.0,1.14,1.04,1.15
596.5978479385376,30,0.0,18.41,19.91,20.26,,20.26,-10.0,1.14,1.04,1.15
597.0973858833313,30,0.0,18.41,19.91,20.26,,20.26,-10.0,1.14,1.04,1.15
597.5979192256927,30,0.0,18.41,19.94,20.26,,20.26,-10.0,1.14,1.04,1.15
598.0962288379669,30,0.0,18.41,19.91,20.26,,20.26,-10.0,1.14,1.04,1.15
598.5977640151978,30,0.0,18.41,19.91,20.26,,20.26,-10.0,1.14,1.04,1.15
599.0982797145844,30,0.0,18.41,19.91,20.26,,20.26,-10.0,1.14,1.04,1.15
599.5963816642761,30,0.0,18.41,19.91,20.26,,20.26,-10.0,1.14,1.04,1.15
600.0966989994049,30,0.0,18.41,19.91,20.26,,20.26,-10.0,1.14,1.04,1.15
600.5979504585266,30,0.0,18.41,19.91,20.26,,20.26,-10.0,1.14,1.04,1.15
601.1302933692932,30,0.0,18.41,19.91,20.26,,20.26,-10.0,1.14,1.04,1.15
601.6245963573456,30,0.0,18.41,19.91,20.26,,20.26,-10.0,1.14,1.04,1.15
602.1157689094543,30,0.0,18.41,19.94,20.26,,20.26,-10.0,1.14,1.04,1.15
602.6318192481995,30,0.0,18.41,19.94,20.26,,20.26,-10.0,1.14,1.04,1.15
603.1134872436523,30,0.0,18.41,19.91,20.26,,20.26,-10.0,1.14,1.04,1.15
603.6141362190247,30,0.0,18.41,19.91,20.26,,20.26,-10.0,1.14,1.04,1.15
604.1130292415619,30,0.0,18.41,19.91,20.26,,20.26,-10.0,1.14,1.04,1.15
604.6111855506897,30,0.0,18.41,19.91,20.26,,20.26,-10.0,1.14,1.04,1.15
605.1123628616333,30,0.0,18.41,19.94,20.26,,20.26,-10.0,1.14,1.04,1.15
605.61106300354,30,0.0,18.41,19.91,20.26,,20.26,-10.0,1.14,1.04,1.15
606.1284146308899,30,0.0,18.41,19.91,20.26,,20.26,-10.0,1.14,1.04,1.15
606.6293559074402,30,0.0,18.41,19.91,20.26,,20.26,-10.0,1.14,1.04,1.15
607.1269176006317,30,0.0,18.41,19.91,20.26,,20.26,-10.0,1.14,1.04,1.15
607.628054857254,30,0.0,18.41,19.91,20.26,,20.26,-10.0,1.14,1.04,1.15
608.1283416748047,30,0.0,18.41,19.91,20.26,,20.26,-10.0,1.14,1.04,1.15
608.6306445598602,30,0.0,18.41,19.91,20.26,,20.26,-10.0,1.14,1.04,1.15
609.1308357715607,30,0.0,18.41,19.91,20.26,,20.26,-10.0,1.14,1.04,1.15
609.6279592514038,30,0.0,18.41,19.91,20.26,,20.26,-10.0,1.14,1.04,1.15
610.1300497055054,30,0.0,18.41,19.91,20.26,,20.26,-10.0,1.14,1.04,1.15
610.6438496112823,30,0.0,18.41,19.91,20.26,,20.26,-10.0,1.14,1.04,1.15
611.125364780426,30,0.0,18.41,19.91,20.26,,20.26,-10.0,1.14,1.04,1.15
611.6439580917358,30,0.0,18.41,19.91,20.29,,20.29,-10.0,1.14,1.04,1.15
612.1260039806366,30,0.0,18.41,19.91,20.26,,20.26,-10.0,1.14,1.04,1.15
612.6424932479858,30,0.0,18.41,19.91,20.26,,20.26,-10.0,1.14,1.04,1.15
613.1443681716919,30,0.0,18.41,19.91,20.26,,20.26,-10.0,1.14,1.04,1.15
613.6428561210632,30,0.0,18.41,19.94,20.26,,20.26,-10.0,1.14,1.04,1.15
614.1450941562653,30,0.0,18.41,19.91,20.29,,20.29,-10.0,1.14,1.04,1.15
614.6441993713379,30,0.0,18.41,19.94,20.26,,20.26,-10.0,1.14,1.04,1.15
615.1445755958557,30,0.0,18.41,19.91,20.29,,20.29,-10.0,1.14,1.04,1.15
615.6428647041321,30,0.0,18.41,19.91,20.26,,20.26,-10.0,1.14,1.04,1.16
616.1429514884949,30,0.0,18.41,19.94,20.26,,20.26,-10.0,1.14,1.04,1.15
616.6412191390991,30,0.0,18.41,19.91,20.29,,20.29,-10.0,1.14,1.04,1.16
617.144202709198,30,0.0,18.41,19.94,20.29,,20.29,-10.0,1.14,1.04,1.16
617.6402540206909,30,0.0,18.41,19.94,20.29,,20.29,-10.0,1.14,1.04,1.16
618.154568195343,30,0.0,18.41,19.94,20.29,,20.29,-10.0,1.14,1.04,1.16
618.6481428146362,30,0.0,18.41,19.91,20.29,,20.29,-10.0,1.14,1.04,1.16
619.1416122913361,30,0.0,18.41,19.91,20.29,,20.29,-10.0,1.14,1.04,1.16
619.6470038890839,30,0.0,18.41,19.94,20.29,,20.29,-10.0,1.14,1.04,1.15
620.1598565578461,30,0.0,18.41,19.94,20.29,,20.29,-10.0,1.14,1.04,1.16
620.6615917682648,30,0.0,18.41,19.94,20.29,,20.29,-10.0,1.14,1.04,1.16
621.1569061279297,30,0.0,18.41,19.94,20.29,,20.29,-10.0,1.14,1.04,1.16
