Temps (s),Consigne (°C),Erreur (°C),Thermistance 1 - T1 (°C),Thermistance 2 - T2 (°C),Thermistance 3 - T3 (°C),T4',Thermistance 3 estimée - T3_moy (°C),Commande (PWM)
1.4253973960876465,23.0,0.0,23.1,23.26,23.16,,23.16,10.0
1.7998096942901611,23.0,0.0,23.1,23.26,23.16,,23.16,10.0
2.171807050704956,23.0,0.0,23.1,23.22,23.16,,23.16,10.0
2.6783859729766846,23.0,0.0,23.1,23.26,23.16,,23.16,10.0
3.1796298027038574,23.0,0.0,23.15,23.26,23.16,,23.16,10.0
3.696636199951172,23.0,0.0,23.19,23.26,23.16,,23.16,10.0
4.184520483016968,23.0,0.0,23.28,23.26,23.16,,23.16,10.0
4.691791534423828,23.0,0.0,23.33,23.26,23.16,,23.16,10.0
5.196289777755737,23.0,0.0,23.42,23.26,23.16,,23.16,10.0
5.680015802383423,23.0,0.0,23.46,23.26,23.16,,23.16,10.0
6.192383050918579,23.0,0.0,23.55,23.26,23.16,,23.16,10.0
6.6795995235443115,23.0,0.0,23.6,23.26,23.2,,23.2,10.0
7.193338394165039,23.0,0.0,23.69,23.26,23.2,,23.2,10.0
7.6973557472229,23.0,0.0,23.73,23.26,23.2,,23.2,10.0
8.193094491958618,23.0,0.0,23.82,23.26,23.2,,23.2,10.0
8.694918632507324,23.0,0.0,23.87,23.29,23.2,,23.2,10.0
9.206011772155762,23.0,0.0,23.91,23.26,23.2,,23.2,10.0
9.696014642715454,23.0,0.0,24.0,23.29,23.2,,23.2,10.0
10.194835662841797,23.0,0.0,24.04,23.29,23.2,,23.2,10.0
10.710684776306152,23.0,0.0,24.04,23.29,23.2,,23.2,10.0
11.202329635620117,23.0,0.0,24.13,23.29,23.2,,23.2,10.0
11.713727712631226,23.0,0.0,24.18,23.32,23.23,,23.23,10.0
12.208184003829956,23.0,0.0,24.22,23.32,23.23,,23.23,10.0
12.71596884727478,23.0,0.0,24.27,23.32,23.23,,23.23,10.0
13.212501049041748,23.0,0.0,24.31,23.32,23.2,,23.2,10.0
13.700664281845093,23.0,0.0,24.36,23.35,23.23,,23.23,10.0
14.222055912017822,23.0,0.0,24.4,23.35,23.23,,23.23,10.0
14.703439474105835,23.0,0.0,24.45,23.39,23.23,,23.23,10.0
15.220753908157349,23.0,0.0,24.45,23.39,23.23,,23.23,10.0
15.725987195968628,23.0,0.0,24.49,23.39,23.23,,23.23,10.0
16.205434560775757,23.0,0.0,24.54,23.39,23.23,,23.23,10.0
16.721153020858765,23.0,0.0,24.58,23.42,23.23,,23.23,10.0
17.2220778465271,23.0,0.0,24.63,23.42,23.23,,23.23,10.0
17.712533473968506,23.0,0.0,24.63,23.45,23.27,,23.27,10.0
18.22423529624939,23.0,0.0,24.67,23.45,23.27,,23.27,10.0
18.730064630508423,23.0,0.0,24.72,23.45,23.27,,23.27,10.0
19.220101356506348,23.0,0.0,24.76,23.49,23.27,,23.27,10.0
19.713788509368896,23.0,0.0,24.76,23.49,23.27,,23.27,10.0
20.235368251800537,23.0,0.0,24.81,23.52,23.27,,23.27,10.0
20.720816612243652,23.0,0.0,24.81,23.52,23.27,,23.27,10.0
21.22040033340454,23.0,0.0,24.85,23.52,23.27,,23.27,10.0
21.73494267463684,23.0,0.0,24.89,23.55,23.27,,23.27,10.0
22.23929262161255,23.0,0.0,24.89,23.55,23.27,,23.27,10.0
22.743907690048218,23.0,0.0,24.94,23.59,23.27,,23.27,10.0
23.237906217575073,23.0,0.0,24.98,23.59,23.27,,23.27,10.0
23.735933780670166,23.0,0.0,24.98,23.59,23.3,,23.3,10.0
24.232752323150635,23.0,0.0,25.03,23.62,23.3,,23.3,10.0
24.736947536468506,23.0,0.0,25.03,23.62,23.3,,23.3,10.0
25.236295223236084,23.0,0.0,25.07,23.65,23.34,,23.34,10.0
25.755558490753174,23.0,0.0,25.12,23.65,23.34,,23.34,10.0
26.245332956314087,23.0,0.0,25.12,23.68,23.34,,23.34,10.0
26.751189470291138,23.0,0.0,25.16,23.68,23.34,,23.34,10.0
27.25621008872986,23.0,0.0,25.21,23.72,23.34,,23.34,10.0
27.749977827072144,23.0,0.0,25.21,23.72,23.34,,23.34,10.0
28.25054621696472,23.0,0.0,25.21,23.75,23.34,,23.34,10.0
28.751677989959717,23.0,0.0,25.25,23.75,23.37,,23.37,10.0
29.254282474517822,23.0,0.0,25.3,23.75,23.37,,23.37,10.0
29.754698514938354,23.0,0.0,25.3,23.78,23.37,,23.37,10.0
30.25370216369629,23.0,0.0,25.34,23.78,23.41,,23.41,10.0
30.754377365112305,23.0,0.0,25.34,23.82,23.37,,23.37,10.0
31.24616312980652,23.0,0.0,25.39,23.82,23.41,,23.41,10.0
31.76634907722473,23.0,0.0,25.39,23.85,23.41,,23.41,10.0
32.26922535896301,23.0,0.0,25.39,23.85,23.41,,23.41,10.0
32.753644704818726,23.0,0.0,25.43,23.85,23.45,,23.45,10.0
33.256574869155884,23.0,0.0,25.43,23.88,23.45,,23.45,10.0
33.75902986526489,23.0,0.0,25.48,23.88,23.45,,23.45,10.0
34.254613399505615,23.0,0.0,25.48,23.91,23.45,,23.45,10.0
34.76631712913513,23.0,0.0,25.52,23.91,23.45,,23.45,10.0
35.257073163986206,23.0,0.0,25.52,23.95,23.48,,23.48,10.0
35.75632882118225,23.0,0.0,25.52,23.95,23.48,,23.48,10.0
36.25976514816284,23.0,0.0,25.57,23.98,23.48,,23.48,10.0
36.76106095314026,23.0,0.0,25.57,23.98,23.52,,23.52,10.0
37.26158857345581,23.0,0.0,25.61,23.98,23.52,,23.52,10.0
37.76611685752869,23.0,0.0,25.61,24.01,23.52,,23.52,10.0
38.26422739028931,23.0,0.0,25.61,24.01,23.52,,23.52,10.0
38.76927971839905,23.0,0.0,25.66,24.04,23.52,,23.52,10.0
39.27279305458069,23.0,0.0,25.66,24.04,23.55,,23.55,10.0
39.76989674568176,23.0,0.0,25.7,24.04,23.55,,23.55,10.0
40.27440786361694,23.0,0.0,25.7,24.08,23.55,,23.55,10.0
40.77539563179016,23.0,0.0,25.7,24.08,23.59,,23.59,10.0
41.27955150604248,23.0,0.0,25.74,24.08,23.59,,23.59,10.0
41.77883267402649,23.0,0.0,25.74,24.11,23.59,,23.59,10.0
42.2802300453186,23.0,0.0,25.74,24.11,23.62,,23.62,10.0
42.78040909767151,23.0,0.0,25.79,24.14,23.62,,23.62,10.0
43.28047156333923,23.0,0.0,25.79,24.14,23.62,,23.62,10.0
43.77862501144409,23.0,0.0,25.79,24.18,23.62,,23.62,10.0
44.28164219856262,23.0,0.0,25.83,24.18,23.62,,23.62,10.0
44.7828323841095,23.0,0.0,25.83,24.18,23.66,,23.66,10.0
45.284045457839966,23.0,0.0,25.83,24.21,23.66,,23.66,10.0
45.78639483451843,23.0,0.0,25.88,24.21,23.69,,23.69,10.0
46.28693699836731,23.0,0.0,25.88,24.24,23.69,,23.69,10.0
46.78659772872925,23.0,0.0,25.92,24.24,23.69,,23.69,10.0
47.29562544822693,23.0,0.0,25.92,24.24,23.73,,23.73,10.0
47.79426574707031,23.0,0.0,25.92,24.27,23.73,,23.73,10.0
48.2926824092865,23.0,0.0,25.92,24.27,23.73,,23.73,10.0
48.79763102531433,23.0,0.0,25.97,24.31,23.76,,23.76,10.0
49.30397391319275,23.0,0.0,25.97,24.31,23.76,,23.76,10.0
49.81431794166565,23.0,0.0,25.97,24.31,23.76,,23.76,10.0
50.301517486572266,23.0,0.0,26.01,24.34,23.8,,23.8,10.0
50.8135826587677,23.0,0.0,26.01,24.34,23.8,,23.8,10.0
51.30032920837402,23.0,0.0,26.01,24.37,23.8,,23.8,10.0
51.819063663482666,23.0,0.0,26.01,24.37,23.83,,23.83,10.0
52.303898096084595,23.0,0.0,26.06,24.37,23.83,,23.83,10.0
52.81679940223694,23.0,0.0,26.06,24.4,23.83,,23.83,10.0
53.32158160209656,23.0,0.0,26.06,24.4,23.83,,23.83,10.0
53.81349778175354,23.0,0.0,26.06,24.44,23.87,,23.87,10.0
54.31908655166626,23.0,0.0,26.1,24.44,23.87,,23.87,10.0
54.820061922073364,23.0,0.0,26.1,24.44,23.87,,23.87,10.0
55.319101333618164,23.0,0.0,26.1,24.47,23.9,,23.9,10.0
55.82779884338379,23.0,0.0,26.15,24.47,23.9,,23.9,10.0
56.31786751747131,23.0,0.0,26.15,24.47,23.9,,23.9,10.0
56.81982922554016,23.0,0.0,26.15,24.47,23.94,,23.94,10.0
57.31982660293579,23.0,0.0,26.15,24.5,23.94,,23.94,10.0
57.830363750457764,23.0,0.0,26.19,24.5,23.94,,23.94,10.0
58.322283029556274,23.0,0.0,26.19,24.5,23.98,,23.98,10.0
58.829933881759644,23.0,0.0,26.19,24.54,23.98,,23.98,10.0
59.321040630340576,23.0,0.0,26.19,24.54,23.98,,23.98,10.0
59.845184326171875,23.0,0.0,26.24,24.57,24.01,,24.01,10.0
60.33619832992554,23.0,0.0,26.24,24.57,24.01,,24.01,10.0
60.83507704734802,23.0,0.0,26.24,24.6,24.01,,24.01,10.0
61.33130240440369,23.0,0.0,26.28,24.6,24.01,,24.01,10.0
61.83752107620239,23.0,0.0,26.28,24.6,24.05,,24.05,10.0
62.34275507926941,23.0,0.0,26.28,24.6,24.05,,24.05,10.0
62.83849906921387,23.0,0.0,26.28,24.63,24.08,,24.08,10.0
63.345139503479004,23.0,0.0,26.28,24.63,24.08,,24.08,10.0
63.8515408039093,23.0,0.0,26.33,24.63,24.08,,24.08,10.0
64.34557056427002,23.0,0.0,26.33,24.67,24.08,,24.08,10.0
64.84454727172852,23.0,0.0,26.33,24.67,24.12,,24.12,10.0
65.33118414878845,23.0,0.0,26.33,24.7,24.12,,24.12,10.0
65.83719754219055,23.0,0.0,26.37,24.7,24.15,,24.15,10.0
66.34449100494385,23.0,0.0,26.37,24.7,24.15,,24.15,10.0
66.85413479804993,23.0,0.0,26.37,24.7,24.15,,24.15,10.0
67.34466576576233,23.0,0.0,26.37,24.73,24.15,,24.15,10.0
67.8508710861206,23.0,0.0,26.42,24.73,24.19,,24.19,10.0
68.36244916915894,23.0,0.0,26.42,24.76,24.19,,24.19,10.0
68.85520005226135,23.0,0.0,26.42,24.76,24.19,,24.19,10.0
69.3451714515686,23.0,0.0,26.42,24.76,24.19,,24.19,10.0
69.8684868812561,23.0,0.0,26.42,24.76,24.22,,24.22,10.0
70.360271692276,23.0,0.0,26.42,24.8,24.22,,24.22,10.0
70.85982966423035,23.0,0.0,26.42,24.8,24.22,,24.22,10.0
71.37282466888428,23.0,0.0,26.46,24.83,24.26,,24.26,10.0
71.86455535888672,23.0,0.0,26.46,24.83,24.26,,24.26,10.0
72.37012791633606,23.0,0.0,26.46,24.83,24.26,,24.26,10.0
72.86056089401245,23.0,0.0,26.51,24.86,24.29,,24.29,10.0
73.36084270477295,23.0,0.0,26.46,24.86,24.29,,24.29,10.0
73.87180161476135,23.0,0.0,26.51,24.86,24.29,,24.29,10.0
74.37867450714111,23.0,0.0,26.51,24.86,24.29,,24.29,10.0
74.8695273399353,23.0,0.0,26.55,24.89,24.33,,24.33,10.0
75.37579560279846,23.0,0.0,26.55,24.89,24.33,,24.33,10.0
75.88138771057129,23.0,0.0,26.55,24.89,24.36,,24.36,10.0
76.37202548980713,23.0,0.0,26.55,24.93,24.36,,24.36,10.0
76.87850761413574,23.0,0.0,26.55,24.93,24.36,,24.36,10.0
77.38603472709656,23.0,0.0,26.55,24.93,24.36,,24.36,10.0
77.87655067443848,23.0,0.0,26.55,24.93,24.4,,24.4,10.0
78.38261842727661,23.0,0.0,26.6,24.96,24.4,,24.4,10.0
78.8886947631836,23.0,0.0,26.6,24.96,24.4,,24.4,10.0
79.37889051437378,23.0,0.0,26.6,24.99,24.43,,24.43,10.0
79.88416361808777,23.0,0.0,26.6,24.99,24.43,,24.43,10.0
80.38971996307373,23.0,0.0,26.6,24.99,24.43,,24.43,10.0
80.89699530601501,23.0,0.0,26.64,24.99,24.43,,24.43,10.0
81.38636994361877,23.0,0.0,26.64,25.03,24.47,,24.47,10.0
81.89250826835632,23.0,0.0,26.64,25.03,24.47,,24.47,10.0
82.3984305858612,23.0,0.0,26.64,25.03,24.47,,24.47,10.0
82.8890974521637,23.0,0.0,26.64,25.06,24.5,,24.5,10.0
83.39488792419434,23.0,0.0,26.64,25.06,24.5,,24.5,10.0
83.89505338668823,23.0,0.0,26.68,25.06,24.5,,24.5,10.0
84.3879873752594,23.0,0.0,26.68,25.09,24.54,,24.54,10.0
84.89205884933472,23.0,0.0,26.68,25.09,24.54,,24.54,10.0
85.39932799339294,23.0,0.0,26.68,25.09,24.54,,24.54,10.0
85.90847134590149,23.0,0.0,26.68,25.09,24.57,,24.57,10.0
86.40003299713135,23.0,0.0,26.73,25.12,24.57,,24.57,10.0
86.89989614486694,23.0,0.0,26.73,25.12,24.57,,24.57,10.0
87.40998888015747,23.0,0.0,26.73,25.12,24.57,,24.57,10.0
87.90965723991394,23.0,0.0,26.73,25.12,24.61,,24.61,10.0
88.40178990364075,23.0,0.0,26.73,25.16,24.61,,24.61,10.0
88.91007018089294,23.0,0.0,26.73,25.16,24.61,,24.61,10.0
89.40209126472473,23.0,0.0,26.77,25.16,24.61,,24.61,10.0
89.90931177139282,23.0,0.0,26.77,25.16,24.64,,24.64,10.0
90.40982031822205,23.0,0.0,26.77,25.19,24.64,,24.64,10.0
90.91166090965271,23.0,0.0,26.77,25.19,24.64,,24.64,10.0
91.4079360961914,23.0,0.0,26.77,25.19,24.68,,24.68,10.0
91.9098596572876,23.0,0.0,26.82,25.19,24.68,,24.68,10.0
92.40797328948975,23.0,0.0,26.82,25.22,24.68,,24.68,10.0
92.92699885368347,23.0,0.0,26.82,25.22,24.68,,24.68,10.0
93.41544556617737,23.0,0.0,26.82,25.22,24.68,,24.68,10.0
93.92238473892212,23.0,0.0,26.86,25.25,24.71,,24.71,10.0
94.4265296459198,23.0,0.0,26.86,25.25,24.71,,24.71,10.0
94.9278736114502,23.0,0.0,26.86,25.25,24.71,,24.71,10.0
95.41000938415527,23.0,0.0,26.86,25.25,24.75,,24.75,10.0
95.92906737327576,23.0,0.0,26.86,25.29,24.75,,24.75,10.0
96.4198727607727,23.0,0.0,26.86,25.29,24.75,,24.75,10.0
96.9254310131073,23.0,0.0,26.86,25.29,24.78,,24.78,10.0
97.42591643333435,23.0,0.0,26.91,25.32,24.78,,24.78,10.0
97.92251920700073,23.0,0.0,26.91,25.32,24.78,,24.78,10.0
98.42644381523132,23.0,0.0,26.91,25.32,24.82,,24.82,10.0
98.92346620559692,23.0,0.0,26.91,25.32,24.82,,24.82,10.0
99.44479632377625,23.0,0.0,26.91,25.35,24.82,,24.82,10.0
99.9287850856781,23.0,0.0,26.91,25.35,24.82,,24.82,10.0
100.44271326065063,23.0,0.0,26.95,25.35,24.82,,24.82,10.0
100.92630696296692,23.0,0.0,26.95,25.35,24.85,,24.85,10.0
101.43954682350159,23.0,0.0,26.95,25.35,24.85,,24.85,10.0
101.9434826374054,23.0,0.0,26.95,25.38,24.85,,24.85,10.0
102.43539142608643,23.0,0.0,26.95,25.38,24.85,,24.85,10.0
102.95691728591919,23.0,0.0,26.95,25.38,24.89,,24.89,10.0
103.45310974121094,23.0,0.0,26.95,25.38,24.89,,24.89,10.0
103.94320106506348,23.0,0.0,27.0,25.42,24.89,,24.89,10.0
104.4539577960968,23.0,0.0,27.0,25.42,24.89,,24.89,10.0
104.94675517082214,23.0,0.0,27.0,25.42,24.93,,24.93,10.0
105.44304633140564,23.0,0.0,27.0,25.42,24.93,,24.93,10.0
105.95875310897827,23.0,0.0,27.0,25.45,24.93,,24.93,10.0
106.44287204742432,23.0,0.0,27.04,25.45,24.96,,24.96,10.0
106.94309830665588,23.0,0.0,27.04,25.45,24.96,,24.96,10.0
107.45955324172974,23.0,0.0,27.04,25.48,24.96,,24.96,10.0
107.96070981025696,23.0,0.0,27.04,25.48,25.0,,25.0,10.0
108.45648646354675,23.0,0.0,27.04,25.48,25.0,,25.0,10.0
108.96371626853943,23.0,0.0,27.09,25.48,25.0,,25.0,10.0
109.47248578071594,23.0,0.0,27.09,25.48,25.0,,25.0,10.0
109.96079611778259,23.0,0.0,27.09,25.51,25.03,,25.03,10.0
110.45391511917114,23.0,0.0,27.09,25.51,25.03,,25.03,10.0
110.96133589744568,23.0,0.0,27.09,25.51,25.03,,25.03,10.0
111.46494245529175,23.0,0.0,27.09,25.51,25.03,,25.03,10.0
111.96927499771118,23.0,0.0,27.09,25.55,25.07,,25.07,10.0
112.45996499061584,23.0,0.0,27.13,25.55,25.07,,25.07,10.0
112.96163749694824,23.0,0.0,27.13,25.55,25.07,,25.07,10.0
113.46174931526184,23.0,0.0,27.13,25.55,25.07,,25.07,10.0
113.97750997543335,23.0,0.0,27.13,25.55,25.07,,25.07,10.0
114.45991945266724,23.0,0.0,27.13,25.58,25.1,,25.1,10.0
114.96083331108093,23.0,0.0,27.18,25.58,25.1,,25.1,10.0
115.4745090007782,23.0,0.0,27.18,25.58,25.1,,25.1,10.0
115.97654747962952,23.0,0.0,27.18,25.58,25.1,,25.1,10.0
116.47733616828918,23.0,0.0,27.18,25.61,25.14,,25.14,10.0
116.98775458335876,23.0,0.0,27.18,25.61,25.14,,25.14,10.0
117.48037505149841,23.0,0.0,27.18,25.61,25.14,,25.14,10.0
117.98592138290405,23.0,0.0,27.18,25.61,25.14,,25.14,10.0
118.4906976222992,23.0,0.0,27.18,25.61,25.14,,25.14,10.0
118.98031163215637,23.0,0.0,27.18,25.61,25.17,,25.17,10.0
119.4768898487091,23.0,0.0,27.22,25.64,25.17,,25.17,10.0
119.99166178703308,23.0,0.0,27.22,25.64,25.17,,25.17,10.0
120.47760128974915,23.0,0.0,27.22,25.64,25.17,,25.17,10.0
120.98616790771484,23.0,0.0,27.22,25.68,25.17,,25.17,10.0
121.49536895751953,23.0,0.0,27.22,25.68,25.21,,25.21,10.0
122.00337052345276,23.0,0.0,27.22,25.68,25.21,,25.21,10.0
122.4850127696991,23.0,0.0,27.22,25.68,25.21,,25.21,10.0
123.00019431114197,23.0,0.0,27.27,25.68,25.21,,25.21,10.0
123.50201892852783,23.0,0.0,27.27,25.71,25.24,,25.24,10.0
123.99399900436401,23.0,0.0,27.27,25.71,25.24,,25.24,10.0
124.49644923210144,23.0,0.0,27.27,25.71,25.24,,25.24,10.0
125.00089931488037,23.0,0.0,27.31,25.71,25.24,,25.24,10.0
125.50650477409363,23.0,0.0,27.27,25.71,25.24,,25.24,10.0
126.00206089019775,23.0,0.0,27.27,25.74,25.28,,25.28,10.0
126.50592231750488,23.0,0.0,27.31,25.74,25.28,,25.28,10.0
127.00252985954285,23.0,0.0,27.31,25.74,25.28,,25.28,10.0
127.51424241065979,23.0,0.0,27.31,25.74,25.28,,25.28,10.0
128.01652765274048,23.0,0.0,27.31,25.74,25.28,,25.28,10.0
128.5030267238617,23.0,0.0,27.31,25.77,25.28,,25.28,10.0
129.0103006362915,23.0,0.0,27.36,25.77,25.31,,25.31,10.0
129.51567840576172,23.0,0.0,27.36,25.77,25.31,,25.31,10.0
130.0181064605713,23.0,0.0,27.36,25.77,25.31,,25.31,10.0
130.50821089744568,23.0,0.0,27.36,25.81,25.31,,25.31,10.0
131.0194661617279,23.0,0.0,27.36,25.81,25.31,,25.31,10.0
131.52753949165344,23.0,0.0,27.36,25.81,25.35,,25.35,10.0
132.0166220664978,23.0,0.0,27.36,25.81,25.35,,25.35,10.0
132.5216031074524,23.0,0.0,27.36,25.81,25.35,,25.35,10.0
133.02661156654358,23.0,0.0,27.36,25.84,25.35,,25.35,10.0
133.535169839859,23.0,0.0,27.4,25.81,25.38,,25.38,10.0
134.0113561153412,23.0,0.0,27.4,25.84,25.38,,25.38,10.0
134.53807163238525,23.0,0.0,27.4,25.84,25.38,,25.38,10.0
135.02968406677246,23.0,0.0,27.4,25.84,25.38,,25.38,10.0
135.5365777015686,23.0,0.0,27.4,25.84,25.38,,25.38,10.0
136.02798771858215,23.0,0.0,27.4,25.87,25.42,,25.42,10.0
136.53104162216187,23.0,0.0,27.4,25.87,25.42,,25.42,10.0
137.04072904586792,23.0,0.0,27.4,25.87,25.42,,25.42,10.0
137.53676748275757,23.0,0.0,27.4,25.87,25.42,,25.42,10.0
138.02803015708923,23.0,0.0,27.45,25.87,25.42,,25.42,10.0
138.5361487865448,23.0,0.0,27.4,25.87,25.45,,25.45,10.0
139.0357789993286,23.0,0.0,27.45,25.9,25.45,,25.45,10.0
139.53794312477112,23.0,0.0,27.45,25.9,25.45,,25.45,10.0
140.02674102783203,23.0,0.0,27.45,25.9,25.45,,25.45,10.0
140.52997994422913,23.0,0.0,27.45,25.9,25.45,,25.45,10.0
141.04819345474243,23.0,0.0,27.45,25.93,25.49,,25.49,10.0
141.5531952381134,23.0,0.0,27.45,25.93,25.49,,25.49,10.0
142.03308367729187,23.0,0.0,27.45,25.93,25.49,,25.49,10.0
142.55284714698792,23.0,0.0,27.45,25.93,25.49,,25.49,10.0
143.05293726921082,23.0,0.0,27.49,25.93,25.49,,25.49,10.0
143.5519449710846,23.0,0.0,27.49,25.93,25.49,,25.49,10.0
144.0493266582489,23.0,0.0,27.49,25.93,25.52,,25.52,10.0
144.55018877983093,23.0,0.0,27.49,25.97,25.52,,25.52,10.0
145.05141472816467,23.0,0.0,27.49,25.97,25.52,,25.52,10.0
145.5486297607422,23.0,0.0,27.49,25.97,25.52,,25.52,10.0
146.05410432815552,23.0,0.0,27.49,25.97,25.52,,25.52,10.0
146.54744744300842,23.0,0.0,27.49,25.97,25.56,,25.56,10.0
147.06919074058533,23.0,0.0,27.49,26.0,25.56,,25.56,10.0
147.55222845077515,23.0,0.0,27.53,26.0,25.56,,25.56,10.0
148.0652039051056,23.0,0.0,27.53,26.0,25.56,,25.56,10.0
148.56979775428772,23.0,0.0,27.53,26.0,25.56,,25.56,10.0
149.05997562408447,23.0,0.0,27.53,26.0,25.56,,25.56,10.0
149.56624555587769,23.0,0.0,27.53,26.03,25.56,,25.56,10.0
150.07231187820435,23.0,0.0,27.53,26.03,25.59,,25.59,10.0
150.5688214302063,23.0,0.0,27.53,26.03,25.59,,25.59,10.0
151.06949186325073,23.0,0.0,27.53,26.03,25.59,,25.59,10.0
151.57589888572693,23.0,0.0,27.53,26.03,25.59,,25.59,10.0
152.06297039985657,23.0,0.0,27.58,26.03,25.59,,25.59,10.0
152.56975269317627,23.0,0.0,27.58,26.03,25.59,,25.59,10.0
153.06934523582458,23.0,0.0,27.58,26.03,25.63,,25.63,10.0
153.57991766929626,23.0,0.0,27.58,26.06,25.63,,25.63,10.0
154.08664679527283,23.0,0.0,27.58,26.06,25.63,,25.63,10.0
154.57924461364746,23.0,0.0,27.58,26.06,25.63,,25.63,10.0
155.0863380432129,23.0,0.0,27.58,26.06,25.66,,25.66,10.0
155.58016681671143,23.0,0.0,27.58,26.06,25.63,,25.63,10.0
156.08793878555298,23.0,0.0,27.58,26.06,25.63,,25.63,10.0
156.5808026790619,23.0,0.0,27.58,26.1,25.66,,25.66,10.0
157.0791163444519,23.0,0.0,27.58,26.06,25.66,,25.66,10.0
157.59553480148315,23.0,0.0,27.62,26.1,25.66,,25.66,10.0
158.07996797561646,23.0,0.0,27.62,26.1,25.66,,25.66,10.0
158.58144068717957,23.0,0.0,27.62,26.1,25.66,,25.66,10.0
159.08143186569214,23.0,0.0,27.62,26.1,25.7,,25.7,10.0
159.58532190322876,23.0,0.0,27.62,26.13,25.7,,25.7,10.0
160.09963965415955,23.0,0.0,27.62,26.13,25.7,,25.7,10.0
160.58555793762207,23.0,0.0,27.62,26.13,25.7,,25.7,10.0
161.09512543678284,23.0,0.0,27.62,26.13,25.7,,25.7,10.0
161.59624433517456,23.0,0.0,27.62,26.13,25.7,,25.7,10.0
162.10243558883667,23.0,0.0,27.67,26.13,25.7,,25.7,10.0
162.59259009361267,23.0,0.0,27.67,26.13,25.73,,25.73,10.0
163.09905552864075,23.0,0.0,27.67,26.13,25.73,,25.73,10.0
163.6005458831787,23.0,0.0,27.67,26.16,25.73,,25.73,10.0
164.1051845550537,23.0,0.0,27.67,26.16,25.73,,25.73,10.0
164.59409737586975,23.0,0.0,27.67,26.16,25.73,,25.73,10.0
165.10287427902222,23.0,0.0,27.67,26.16,25.73,,25.73,10.0
165.6126070022583,23.0,0.0,27.67,26.16,25.77,,25.77,10.0
166.1015977859497,23.0,0.0,27.71,26.16,25.77,,25.77,10.0
166.61077618598938,23.0,0.0,27.71,26.19,25.77,,25.77,10.0
167.10196328163147,23.0,0.0,27.71,26.19,25.77,,25.77,10.0
167.5949273109436,23.0,0.0,27.71,26.19,25.77,,25.77,10.0
168.1096727848053,23.0,0.0,27.71,26.19,25.77,,25.77,10.0
168.61042666435242,23.0,0.0,27.71,26.19,25.8,,25.8,10.0
169.10983610153198,23.0,0.0,27.71,26.19,25.8,,25.8,10.0
169.60981607437134,23.0,0.0,27.71,26.23,25.8,,25.8,10.0
170.1186010837555,23.0,0.0,27.71,26.23,25.8,,25.8,10.0
170.63064122200012,23.0,0.0,27.71,26.23,25.8,,25.8,10.0
171.11173629760742,23.0,0.0,27.71,26.23,25.8,,25.8,10.0
171.63237190246582,23.0,0.0,27.71,26.23,25.84,,25.84,10.0
172.12315583229065,23.0,0.0,27.71,26.26,25.84,,25.84,10.0
172.62707090377808,23.0,0.0,27.76,26.23,25.84,,25.84,10.0
173.13103246688843,23.0,0.0,27.76,26.23,25.84,,25.84,10.0
173.62745904922485,23.0,0.0,27.76,26.26,25.84,,25.84,10.0
174.12850975990295,23.0,0.0,27.76,26.26,25.84,,25.84,10.0
174.63175868988037,23.0,0.0,27.76,26.26,25.87,,25.87,10.0
175.14141368865967,23.0,0.0,27.76,26.26,25.87,,25.87,10.0
175.62725138664246,23.0,0.0,27.76,26.26,25.87,,25.87,10.0
176.14288425445557,23.0,0.0,27.76,26.26,25.87,,25.87,10.0
176.63492846488953,23.0,0.0,27.76,26.26,25.87,,25.87,10.0
177.1432867050171,23.0,0.0,27.76,26.26,25.87,,25.87,10.0
177.642174243927,23.0,0.0,27.76,26.29,25.87,,25.87,10.0
178.13980722427368,23.0,0.0,27.76,26.29,25.91,,25.91,10.0
178.64240837097168,23.0,0.0,27.76,26.29,25.91,,25.91,10.0
179.13915467262268,23.0,0.0,27.76,26.29,25.91,,25.91,10.0
179.652405500412,23.0,0.0,27.8,26.29,25.91,,25.91,10.0
180.14220809936523,23.0,0.0,27.76,26.32,25.91,,25.91,10.0
180.64181756973267,23.0,0.0,27.76,26.32,25.91,,25.91,10.0
181.13550114631653,23.0,0.0,27.8,26.32,25.91,,25.91,10.0
181.64497590065002,23.0,0.0,27.8,26.32,25.91,,25.91,10.0
182.14305233955383,23.0,0.0,27.8,26.32,25.94,,25.94,10.0
182.65742683410645,23.0,0.0,27.8,26.32,25.94,,25.94,10.0
183.1583161354065,23.0,0.0,27.8,26.32,25.94,,25.94,10.0
183.64343190193176,23.0,0.0,27.8,26.32,25.94,,25.94,10.0
184.16008353233337,23.0,0.0,27.8,26.32,25.94,,25.94,10.0
184.66072130203247,23.0,0.0,27.8,26.36,25.94,,25.94,10.0
185.1560914516449,23.0,0.0,27.8,26.32,25.94,,25.94,10.0
185.6598241329193,23.0,0.0,27.85,26.36,25.98,,25.98,10.0
186.15981769561768,23.0,0.0,27.8,26.36,25.98,,25.98,10.0
186.66032767295837,23.0,0.0,27.85,26.36,25.98,,25.98,10.0
187.15061473846436,23.0,0.0,27.85,26.36,25.98,,25.98,10.0
187.65936160087585,23.0,0.0,27.85,26.36,25.98,,25.98,10.0
188.153404712677,23.0,0.0,27.85,26.36,25.98,,25.98,10.0
188.67449855804443,23.0,0.0,27.85,26.36,25.98,,25.98,10.0
189.16904759407043,23.0,0.0,27.85,26.36,26.01,,26.01,10.0
189.6794056892395,23.0,0.0,27.85,26.39,25.98,,25.98,10.0
190.16942429542542,23.0,0.0,27.85,26.39,25.98,,25.98,10.0
190.67805433273315,23.0,0.0,27.85,26.39,26.01,,26.01,10.0
191.18505263328552,23.0,0.0,27.85,26.39,26.01,,26.01,10.0
191.67608213424683,23.0,0.0,27.89,26.39,26.01,,26.01,10.0
192.18260741233826,23.0,0.0,27.85,26.39,26.01,,26.01,10.0
192.6737880706787,23.0,0.0,27.85,26.39,26.01,,26.01,10.0
193.18189311027527,23.0,0.0,27.85,26.42,26.01,,26.01,10.0
193.67751049995422,23.0,0.0,27.89,26.39,26.01,,26.01,10.0
194.1820080280304,23.0,0.0,27.89,26.42,26.05,,26.05,10.0
194.67345643043518,23.0,0.0,27.89,26.42,26.01,,26.01,10.0
195.18560075759888,23.0,0.0,27.89,26.42,26.05,,26.05,10.0
195.69019150733948,23.0,0.0,27.89,26.42,26.05,,26.05,10.0
196.19119548797607,23.0,0.0,27.89,26.42,26.05,,26.05,10.0
196.68770742416382,23.0,0.0,27.89,26.42,26.05,,26.05,10.0
197.18939757347107,23.0,0.0,27.89,26.42,26.08,,26.08,10.0
197.6935739517212,23.0,0.0,27.89,26.42,26.05,,26.05,10.0
198.19288444519043,23.0,0.0,27.94,26.42,26.08,,26.08,10.0
198.69303941726685,23.0,0.0,27.89,26.45,26.08,,26.08,10.0
199.20548701286316,23.0,0.0,27.89,26.45,26.08,,26.08,10.0
199.69211173057556,23.0,0.0,27.94,26.45,26.08,,26.08,10.0
200.20630645751953,23.0,0.0,27.94,26.45,26.08,,26.08,10.0
200.69882345199585,23.0,0.0,27.94,26.45,26.08,,26.08,10.0
201.20678114891052,23.0,0.0,27.94,26.45,26.08,,26.08,10.0
201.6929214000702,23.0,0.0,27.94,26.45,26.08,,26.08,10.0
202.19305682182312,23.0,0.0,27.94,26.45,26.12,,26.12,10.0
202.71004247665405,23.0,0.0,27.94,26.45,26.12,,26.12,10.0
203.20988702774048,23.0,0.0,27.94,26.49,26.12,,26.12,10.0
203.70380353927612,23.0,0.0,27.94,26.49,26.12,,26.12,10.0
204.20947885513306,23.0,0.0,27.94,26.49,26.12,,26.12,10.0
204.70126676559448,23.0,0.0,27.94,26.49,26.12,,26.12,10.0
205.2062132358551,23.0,0.0,27.94,26.49,26.12,,26.12,10.0
205.71029353141785,23.0,0.0,27.94,26.49,26.12,,26.12,10.0
206.21820878982544,23.0,0.0,27.94,26.49,26.12,,26.12,10.0
206.71003603935242,23.0,0.0,27.94,26.49,26.12,,26.12,10.0
207.20892310142517,23.0,0.0,27.94,26.49,26.15,,26.15,10.0
207.72199869155884,23.0,0.0,27.94,26.52,26.15,,26.15,10.0
208.2195065021515,23.0,0.0,27.94,26.49,26.15,,26.15,10.0
208.72228169441223,23.0,0.0,27.94,26.52,26.15,,26.15,10.0
209.2307550907135,23.0,0.0,27.94,26.52,26.15,,26.15,10.0
209.72214913368225,23.0,0.0,27.94,26.52,26.15,,26.15,10.0
210.23000383377075,23.0,0.0,27.94,26.52,26.15,,26.15,10.0
210.72231531143188,23.0,0.0,27.94,26.52,26.15,,26.15,10.0
211.22728037834167,23.0,0.0,27.94,26.52,26.18,,26.18,10.0
211.7352044582367,23.0,0.0,27.94,26.52,26.18,,26.18,10.0
212.2260398864746,23.0,0.0,27.94,26.55,26.18,,26.18,10.0
212.72184228897095,23.0,0.0,27.98,26.52,26.18,,26.18,10.0
213.22656059265137,23.0,0.0,27.98,26.55,26.18,,26.18,10.0
213.73871874809265,23.0,0.0,27.98,26.55,26.18,,26.18,10.0
214.24529194831848,23.0,0.0,27.98,26.55,26.18,,26.18,10.0
214.73676586151123,23.0,0.0,27.98,26.55,26.18,,26.18,10.0
215.22667002677917,23.0,0.0,27.98,26.55,26.18,,26.18,10.0
215.71932435035706,23.0,0.0,27.98,26.55,26.22,,26.22,10.0
216.242440700531,23.0,0.0,28.03,26.55,26.22,,26.22,10.0
216.7435097694397,23.0,0.0,27.98,26.58,26.22,,26.22,10.0
217.2536177635193,23.0,0.0,28.03,26.55,26.22,,26.22,10.0
217.75141072273254,23.0,0.0,27.98,26.55,26.22,,26.22,10.0
218.25496530532837,23.0,0.0,28.03,26.58,26.22,,26.22,10.0
218.74871850013733,23.0,0.0,28.03,26.58,26.22,,26.22,10.0
219.25135159492493,23.0,0.0,28.03,26.58,26.22,,26.22,10.0
219.74387383460999,23.0,0.0,28.03,26.58,26.22,,26.22,10.0
220.25305199623108,23.0,0.0,28.03,26.58,26.25,,26.25,10.0
220.74281430244446,23.0,0.0,28.03,26.58,26.22,,26.22,10.0
221.24245524406433,23.0,0.0,28.03,26.58,26.22,,26.22,10.0
221.75446105003357,23.0,0.0,28.03,26.58,26.25,,26.25,10.0
222.2432553768158,23.0,0.0,28.03,26.61,26.25,,26.25,10.0
222.74289798736572,23.0,0.0,28.03,26.61,26.25,,26.25,10.0
223.2588984966278,23.0,0.0,28.07,26.61,26.25,,26.25,10.0
223.75982284545898,23.0,0.0,28.07,26.61,26.25,,26.25,10.0
224.2727816104889,23.0,0.0,28.07,26.61,26.25,,26.25,10.0
224.76374673843384,23.0,0.0,28.07,26.61,26.25,,26.25,10.0
225.2710838317871,23.0,0.0,28.07,26.61,26.25,,26.25,10.0
225.75073051452637,23.0,0.0,28.07,26.61,26.29,,26.29,10.0
226.25093984603882,23.0,0.0,28.07,26.65,26.29,,26.29,10.0
226.772114276886,23.0,0.0,28.07,26.65,26.29,,26.29,10.0
227.26881074905396,23.0,0.0,28.07,26.65,26.29,,26.29,10.0
227.76623702049255,23.0,0.0,28.07,26.65,26.29,,26.29,10.0
228.26828289031982,23.0,0.0,28.07,26.65,26.29,,26.29,10.0
228.767333984375,23.0,0.0,28.07,26.65,26.29,,26.29,10.0
229.26016402244568,23.0,0.0,28.12,26.65,26.32,,26.32,10.0
229.76731634140015,23.0,0.0,28.12,26.65,26.32,,26.32,10.0
230.2762701511383,23.0,0.0,28.12,26.65,26.32,,26.32,10.0
230.78243803977966,23.0,0.0,28.12,26.65,26.32,,26.32,10.0
231.2883903980255,23.0,0.0,28.07,26.65,26.32,,26.32,10.0
231.77570486068726,23.0,0.0,28.12,26.68,26.32,,26.32,10.0
232.28216433525085,23.0,0.0,28.12,26.68,26.32,,26.32,10.0
232.78806066513062,23.0,0.0,28.12,26.68,26.32,,26.32,10.0
233.27973985671997,23.0,0.0,28.12,26.68,26.36,,26.36,10.0
233.78715348243713,23.0,0.0,28.12,26.68,26.36,,26.36,10.0
234.2854995727539,23.0,0.0,28.12,26.68,26.36,,26.36,10.0
234.78373050689697,23.0,0.0,28.12,26.68,26.36,,26.36,10.0
235.2949662208557,23.0,0.0,28.12,26.68,26.36,,26.36,10.0
235.78776001930237,23.0,0.0,28.12,26.68,26.36,,26.36,10.0
236.28435897827148,23.0,0.0,28.12,26.68,26.36,,26.36,10.0
236.79736304283142,23.0,0.0,28.12,26.68,26.36,,26.36,10.0
237.2991213798523,23.0,0.0,28.12,26.71,26.36,,26.36,10.0
237.8012354373932,23.0,0.0,28.12,26.68,26.36,,26.36,10.0
238.31037878990173,23.0,0.0,28.12,26.71,26.39,,26.39,10.0
238.79861783981323,23.0,0.0,28.12,26.71,26.39,,26.39,10.0
239.2984504699707,23.0,0.0,28.12,26.71,26.39,,26.39,10.0
239.79901361465454,23.0,0.0,28.12,26.71,26.36,,26.36,10.0
240.2989146709442,23.0,0.0,28.12,26.71,26.39,,26.39,10.0
240.80057525634766,23.0,0.0,28.12,26.71,26.39,,26.39,10.0
241.29611444473267,23.0,0.0,28.12,26.71,26.39,,26.39,10.0
241.7960684299469,23.0,0.0,28.12,26.71,26.39,,26.39,10.0
242.29783701896667,23.0,0.0,28.16,26.71,26.39,,26.39,10.0
242.79949975013733,23.0,0.0,28.16,26.71,26.39,,26.39,10.0
243.30056428909302,23.0,0.0,28.16,26.71,26.39,,26.39,10.0
243.7989764213562,23.0,0.0,28.16,26.71,26.43,,26.43,10.0
244.30905413627625,23.0,0.0,28.16,26.74,26.39,,26.39,10.0
244.80746412277222,23.0,0.0,28.16,26.74,26.39,,26.39,10.0
245.30601286888123,23.0,0.0,28.16,26.74,26.43,,26.43,10.0
245.80523705482483,23.0,0.0,28.16,26.74,26.43,,26.43,10.0
246.303147315979,23.0,0.0,28.16,26.74,26.43,,26.43,10.0
246.80565547943115,23.0,0.0,28.16,26.74,26.43,,26.43,10.0
247.31692790985107,23.0,0.0,28.21,26.74,26.43,,26.43,10.0
247.8156180381775,23.0,0.0,28.16,26.74,26.43,,26.43,10.0
248.3129370212555,23.0,0.0,28.21,26.74,26.43,,26.43,10.0
248.8223373889923,23.0,0.0,28.21,26.74,26.43,,26.43,10.0
249.32194566726685,23.0,0.0,28.21,26.78,26.43,,26.43,10.0
249.82598400115967,23.0,0.0,28.21,26.74,26.43,,26.43,10.0
250.32336735725403,23.0,0.0,28.21,26.78,26.43,,26.43,10.0
250.8207025527954,23.0,0.0,28.21,26.78,26.46,,26.46,10.0
251.32107257843018,23.0,0.0,28.21,26.78,26.46,,26.46,10.0
251.83137440681458,23.0,0.0,28.21,26.78,26.46,,26.46,10.0
252.33506751060486,23.0,0.0,28.21,26.78,26.46,,26.46,10.0
252.82564282417297,23.0,0.0,28.21,26.78,26.43,,26.43,10.0
253.34612846374512,23.0,0.0,28.21,26.78,26.46,,26.46,10.0
253.83511972427368,23.0,0.0,28.21,26.78,26.46,,26.46,10.0
254.33998036384583,23.0,0.0,28.21,26.81,26.46,,26.46,10.0
254.84866285324097,23.0,0.0,28.21,26.78,26.46,,26.46,10.0
255.33835005760193,23.0,0.0,28.21,26.78,26.46,,26.46,10.0
255.84669637680054,23.0,0.0,28.21,26.78,26.46,,26.46,10.0
256.3506646156311,23.0,0.0,28.21,26.81,26.46,,26.46,10.0
256.8453652858734,23.0,0.0,28.21,26.81,26.46,,26.46,10.0
257.34937620162964,23.0,0.0,28.21,26.81,26.46,,26.46,10.0
257.8335950374603,23.0,0.0,28.21,26.81,26.46,,26.46,10.0
258.3475966453552,23.0,0.0,28.21,26.81,26.46,,26.46,10.0
258.85108375549316,23.0,0.0,28.25,26.81,26.5,,26.5,10.0
259.34269738197327,23.0,0.0,28.21,26.81,26.5,,26.5,10.0
259.8493845462799,23.0,0.0,28.21,26.81,26.5,,26.5,10.0
260.3490858078003,23.0,0.0,28.25,26.81,26.5,,26.5,10.0
260.8426876068115,23.0,0.0,28.21,26.81,26.5,,26.5,10.0
261.36477184295654,23.0,0.0,28.21,26.81,26.5,,26.5,10.0
261.8501992225647,23.0,0.0,28.25,26.81,26.5,,26.5,10.0
262.3586308956146,23.0,0.0,28.25,26.81,26.5,,26.5,10.0
262.86643075942993,23.0,0.0,28.25,26.84,26.5,,26.5,10.0
263.36825585365295,23.0,0.0,28.25,26.84,26.5,,26.5,10.0
263.86253929138184,23.0,0.0,28.25,26.84,26.53,,26.53,10.0
264.36678433418274,23.0,0.0,28.25,26.84,26.5,,26.5,10.0
264.8597342967987,23.0,0.0,28.25,26.84,26.53,,26.53,10.0
265.3647081851959,23.0,0.0,28.25,26.84,26.53,,26.53,10.0
265.85863280296326,23.0,0.0,28.25,26.84,26.53,,26.53,10.0
266.36701130867004,23.0,0.0,28.25,26.84,26.53,,26.53,10.0
266.87549209594727,23.0,0.0,28.3,26.84,26.53,,26.53,10.0
267.38160467147827,23.0,0.0,28.3,26.87,26.53,,26.53,10.0
267.8669128417969,23.0,0.0,28.3,26.87,26.53,,26.53,10.0
268.37837743759155,23.0,0.0,28.3,26.87,26.53,,26.53,10.0
268.8874044418335,23.0,0.0,28.3,26.87,26.53,,26.53,10.0
269.3800280094147,23.0,0.0,28.3,26.87,26.53,,26.53,10.0
269.88737201690674,23.0,0.0,28.3,26.87,26.53,,26.53,10.0
270.38265347480774,23.0,0.0,28.3,26.87,26.57,,26.57,10.0
270.8749680519104,23.0,0.0,28.3,26.87,26.57,,26.57,10.0
271.3833484649658,23.0,0.0,28.3,26.87,26.57,,26.57,10.0
271.89037680625916,23.0,0.0,28.3,26.87,26.57,,26.57,10.0
272.39718532562256,23.0,0.0,28.3,26.91,26.57,,26.57,10.0
272.88711857795715,23.0,0.0,28.3,26.87,26.57,,26.57,10.0
273.3922243118286,23.0,0.0,28.3,26.87,26.57,,26.57,10.0
273.8911769390106,23.0,0.0,28.3,26.87,26.57,,26.57,10.0
274.3929867744446,23.0,0.0,28.3,26.91,26.57,,26.57,10.0
274.89144802093506,23.0,0.0,28.3,26.91,26.57,,26.57,10.0
275.3930802345276,23.0,0.0,28.3,26.91,26.6,,26.6,10.0
275.9000153541565,23.0,0.0,28.3,26.91,26.6,,26.6,10.0
276.38400888442993,23.0,0.0,28.34,26.91,26.6,,26.6,10.0
276.8950505256653,23.0,0.0,28.34,26.91,26.6,,26.6,10.0
277.40156388282776,23.0,0.0,28.34,26.91,26.6,,26.6,10.0
277.8957257270813,23.0,0.0,28.34,26.91,26.6,,26.6,10.0
278.3984122276306,23.0,0.0,28.34,26.91,26.6,,26.6,10.0
278.9110143184662,23.0,0.0,28.34,26.91,26.6,,26.6,10.0
279.3998818397522,23.0,0.0,28.34,26.91,26.6,,26.6,10.0
279.910165309906,23.0,0.0,28.34,26.91,26.6,,26.6,10.0
280.4006540775299,23.0,0.0,28.34,26.94,26.64,,26.64,10.0
280.9106378555298,23.0,0.0,28.34,26.91,26.64,,26.64,10.0
281.4023094177246,23.0,0.0,28.34,26.91,26.64,,26.64,10.0
281.9103536605835,23.0,0.0,28.34,26.94,26.64,,26.64,10.0
282.4048867225647,23.0,0.0,28.34,26.94,26.64,,26.64,10.0
282.90828108787537,23.0,0.0,28.34,26.94,26.64,,26.64,10.0
283.40879678726196,23.0,0.0,28.34,26.94,26.64,,26.64,10.0
283.90688490867615,23.0,0.0,28.34,26.94,26.64,,26.64,10.0
284.4091365337372,23.0,0.0,28.34,26.94,26.64,,26.64,10.0
284.91865968704224,23.0,0.0,28.34,26.94,26.64,,26.64,10.0
285.4158887863159,23.0,0.0,28.34,26.94,26.64,,26.64,10.0
285.91451716423035,23.0,0.0,28.39,26.94,26.64,,26.64,10.0
286.4217472076416,23.0,0.0,28.39,26.94,26.64,,26.64,10.0
286.92012453079224,23.0,0.0,28.34,26.94,26.64,,26.64,10.0
287.42138719558716,23.0,0.0,28.39,26.94,26.64,,26.64,10.0
287.9180612564087,23.0,0.0,28.39,26.94,26.64,,26.64,10.0
288.4152491092682,23.0,0.0,28.39,26.97,26.64,,26.64,10.0
288.91715812683105,23.0,0.0,28.39,26.94,26.64,,26.64,10.0
289.42208552360535,23.0,0.0,28.39,26.94,26.64,,26.64,10.0
289.92139506340027,23.0,0.0,28.39,26.94,26.67,,26.67,10.0
290.4273805618286,23.0,0.0,28.39,26.97,26.67,,26.67,10.0
290.92511343955994,23.0,0.0,28.39,26.97,26.67,,26.67,10.0
291.42786502838135,23.0,0.0,28.39,26.97,26.67,,26.67,10.0
291.93114829063416,23.0,0.0,28.39,26.97,26.67,,26.67,10.0
292.42898893356323,23.0,0.0,28.39,26.97,26.67,,26.67,10.0
292.9314920902252,23.0,0.0,28.39,26.97,26.67,,26.67,10.0
293.4377863407135,23.0,0.0,28.39,26.97,26.67,,26.67,10.0
293.9294536113739,23.0,0.0,28.39,26.97,26.67,,26.67,10.0
294.43132400512695,23.0,0.0,28.39,26.97,26.67,,26.67,10.0
294.9307117462158,23.0,0.0,28.39,26.97,26.67,,26.67,10.0
295.4387764930725,23.0,0.0,28.39,26.97,26.67,,26.67,10.0
295.9417345523834,23.0,0.0,28.39,26.97,26.67,,26.67,10.0
296.45398139953613,23.0,0.0,28.39,26.97,26.67,,26.67,10.0
296.9405138492584,23.0,0.0,28.39,26.97,26.67,,26.67,10.0
297.45629024505615,23.0,0.0,28.39,26.97,26.67,,26.67,10.0
297.94127321243286,23.0,0.0,28.39,26.97,26.67,,26.67,10.0
298.4553406238556,23.0,0.0,28.39,26.97,26.67,,26.67,10.0
298.9582612514496,23.0,0.0,28.34,26.97,26.67,,26.67,10.0
299.45185899734497,23.0,0.0,28.39,27.0,26.67,,26.67,10.0
299.95489478111267,23.0,0.0,28.39,26.97,26.67,,26.67,10.0
300.4578161239624,23.0,0.0,28.39,26.97,26.67,,26.67,10.0
300.9540274143219,23.0,0.0,28.39,26.97,26.67,,26.67,10.0
301.456992149353,23.0,0.0,28.39,26.97,26.67,,26.67,10.0
301.9517488479614,23.0,0.0,28.39,26.97,26.67,,26.67,10.0
302.47145795822144,23.0,0.0,28.39,26.97,26.67,,26.67,10.0
302.9586932659149,23.0,0.0,28.39,26.97,26.67,,26.67,10.0
303.45772647857666,23.0,0.0,28.39,27.0,26.67,,26.67,10.0
303.9719092845917,23.0,0.0,28.39,27.0,26.67,,26.67,10.0
304.47428488731384,23.0,0.0,28.39,27.0,26.67,,26.67,10.0
304.97393584251404,23.0,0.0,28.39,27.0,26.71,,26.71,10.0
305.4721233844757,23.0,0.0,28.39,27.0,26.71,,26.71,10.0
305.9730305671692,23.0,0.0,28.39,27.0,26.71,,26.71,10.0
306.4658443927765,23.0,0.0,28.39,27.0,26.71,,26.71,10.0
306.97117948532104,23.0,0.0,28.39,27.0,26.71,,26.71,10.0
307.47973918914795,23.0,0.0,28.39,27.0,26.71,,26.71,10.0
307.9871575832367,23.0,0.0,28.39,27.0,26.71,,26.71,10.0
308.4813160896301,23.0,0.0,28.39,27.0,26.71,,26.71,10.0
308.9916846752167,23.0,0.0,28.39,27.0,26.71,,26.71,10.0
309.4817292690277,23.0,0.0,28.39,27.0,26.71,,26.71,10.0
309.99287843704224,23.0,0.0,28.39,27.0,26.71,,26.71,10.0
310.4854667186737,23.0,0.0,28.39,27.0,26.71,,26.71,10.0
310.9918942451477,23.0,0.0,28.43,27.0,26.71,,26.71,10.0
311.49913597106934,23.0,0.0,28.43,27.0,26.71,,26.71,10.0
311.9900014400482,23.0,0.0,28.43,27.03,26.71,,26.71,10.0
312.4976558685303,23.0,0.0,28.43,27.03,26.71,,26.71,10.0
312.9914073944092,23.0,0.0,28.43,27.03,26.71,,26.71,10.0
313.4985055923462,23.0,0.0,28.43,27.03,26.71,,26.71,10.0
313.9906585216522,23.0,0.0,28.43,27.03,26.71,,26.71,10.0
314.4875011444092,23.0,0.0,28.43,27.03,26.71,,26.71,10.0
314.9953908920288,23.0,0.0,28.43,27.03,26.71,,26.71,10.0
315.50421237945557,23.0,0.0,28.43,27.03,26.71,,26.71,10.0
315.9910976886749,23.0,0.0,28.43,27.03,26.71,,26.71,10.0
316.5025780200958,23.0,0.0,28.43,27.03,26.71,,26.71,10.0
317.0084800720215,23.0,0.0,28.43,27.03,26.71,,26.71,10.0
317.5007131099701,23.0,0.0,28.43,27.03,26.71,,26.71,10.0
318.0055923461914,23.0,0.0,28.43,27.03,26.74,,26.74,10.0
318.5075674057007,23.0,0.0,28.43,27.03,26.71,,26.71,10.0
319.0024552345276,23.0,0.0,28.43,27.03,26.74,,26.74,10.0
319.5081503391266,23.0,0.0,28.43,27.07,26.74,,26.74,10.0
320.00844955444336,23.0,0.0,28.43,27.03,26.74,,26.74,10.0
320.50229120254517,23.0,0.0,28.47,27.03,26.74,,26.74,10.0
321.0084011554718,23.0,0.0,28.47,27.03,26.74,,26.74,10.0
321.5136516094208,23.0,0.0,28.43,27.03,26.74,,26.74,10.0
322.02056860923767,23.0,0.0,28.43,27.07,26.74,,26.74,10.0
322.5259232521057,23.0,0.0,28.43,27.07,26.74,,26.74,10.0
323.00703382492065,23.0,0.0,28.43,27.07,26.74,,26.74,10.0
323.5247459411621,23.0,0.0,28.47,27.07,26.78,,26.78,10.0
324.0209240913391,23.0,0.0,28.43,27.07,26.78,,26.78,10.0
324.52337884902954,23.0,0.0,28.43,27.07,26.78,,26.78,10.0
325.01999950408936,23.0,0.0,28.43,27.07,26.78,,26.78,10.0
325.53456687927246,23.0,0.0,28.43,27.07,26.78,,26.78,10.0
326.0168240070343,23.0,0.0,28.43,27.07,26.78,,26.78,10.0
326.5401015281677,23.0,0.0,28.43,27.07,26.78,,26.78,10.0
327.032589673996,23.0,0.0,28.43,27.07,26.78,,26.78,10.0
327.5324022769928,23.0,0.0,28.43,27.07,26.78,,26.78,10.0
328.0336380004883,23.0,0.0,28.43,27.07,26.78,,26.78,10.0
328.5386083126068,23.0,0.0,28.43,27.07,26.78,,26.78,10.0
329.0227725505829,23.0,0.0,28.43,27.07,26.78,,26.78,10.0
329.533789396286,23.0,0.0,28.43,27.07,26.78,,26.78,10.0
330.0390865802765,23.0,0.0,28.43,27.1,26.78,,26.78,10.0
330.52932047843933,23.0,0.0,28.43,27.1,26.78,,26.78,10.0
331.0345585346222,23.0,0.0,28.47,27.1,26.81,,26.81,10.0
331.5446603298187,23.0,0.0,28.43,27.1,26.81,,26.81,10.0
332.04996275901794,23.0,0.0,28.43,27.1,26.78,,26.78,10.0
332.5400803089142,23.0,0.0,28.43,27.1,26.81,,26.81,10.0
333.0483093261719,23.0,0.0,28.43,27.1,26.81,,26.81,10.0
333.548983335495,23.0,0.0,28.47,27.1,26.81,,26.81,10.0
334.0422041416168,23.0,0.0,28.47,27.1,26.81,,26.81,10.0
334.5487582683563,23.0,0.0,28.47,27.1,26.81,,26.81,10.0
335.04134583473206,23.0,0.0,28.47,27.1,26.81,,26.81,10.0
335.5522527694702,23.0,0.0,28.47,27.1,26.81,,26.81,10.0
336.06006026268005,23.0,0.0,28.47,27.1,26.81,,26.81,10.0
336.549090385437,23.0,0.0,28.47,27.1,26.81,,26.81,10.0
337.0491259098053,23.0,0.0,28.47,27.1,26.81,,26.81,10.0
337.54109597206116,23.0,0.0,28.47,27.13,26.81,,26.81,10.0
338.0662319660187,23.0,0.0,28.47,27.13,26.81,,26.81,10.0
338.548068523407,23.0,0.0,28.47,27.13,26.81,,26.81,10.0
339.06288480758667,23.0,0.0,28.47,27.13,26.81,,26.81,10.0
339.5663459300995,23.0,0.0,28.47,27.13,26.81,,26.81,10.0
340.0502972602844,23.0,0.0,28.47,27.13,26.85,,26.85,10.0
340.5657858848572,23.0,0.0,28.47,27.13,26.85,,26.85,10.0
341.0655333995819,23.0,0.0,28.47,27.13,26.85,,26.85,10.0
341.56374859809875,23.0,0.0,28.47,27.13,26.85,,26.85,10.0
342.0691215991974,23.0,0.0,28.47,27.13,26.85,,26.85,10.0
342.55926513671875,23.0,0.0,28.47,27.13,26.85,,26.85,10.0
343.0694909095764,23.0,0.0,28.47,27.13,26.85,,26.85,10.0
343.5783655643463,23.0,0.0,28.47,27.13,26.85,,26.85,10.0
344.07069396972656,23.0,0.0,28.52,27.13,26.85,,26.85,10.0
344.58056259155273,23.0,0.0,28.52,27.13,26.85,,26.85,10.0
345.07002449035645,23.0,0.0,28.52,27.13,26.85,,26.85,10.0
345.578670501709,23.0,0.0,28.52,27.13,26.85,,26.85,10.0
346.08535075187683,23.0,0.0,28.52,27.13,26.85,,26.85,10.0
346.57521653175354,23.0,0.0,28.52,27.13,26.85,,26.85,10.0
347.08063292503357,23.0,0.0,28.52,27.13,26.85,,26.85,10.0
347.58524107933044,23.0,0.0,28.52,27.13,26.85,,26.85,10.0
348.0827839374542,23.0,0.0,28.52,27.16,26.85,,26.85,10.0
348.5816466808319,23.0,0.0,28.52,27.13,26.85,,26.85,10.0
349.08758544921875,23.0,0.0,28.52,27.13,26.85,,26.85,10.0
349.58295369148254,23.0,0.0,28.52,27.16,26.85,,26.85,10.0
350.07981848716736,23.0,0.0,28.52,27.16,26.85,,26.85,10.0
350.59409284591675,23.0,0.0,28.52,27.16,26.85,,26.85,10.0
351.1009681224823,23.0,0.0,28.56,27.16,26.88,,26.88,10.0
351.586950302124,23.0,0.0,28.56,27.16,26.88,,26.88,10.0
352.09712290763855,23.0,0.0,28.56,27.16,26.88,,26.88,10.0
352.5988323688507,23.0,0.0,28.56,27.16,26.88,,26.88,10.0
353.09577918052673,23.0,0.0,28.56,27.16,26.88,,26.88,10.0
353.59788703918457,23.0,0.0,28.56,27.16,26.88,,26.88,10.0
354.09725522994995,23.0,0.0,28.56,27.16,26.88,,26.88,10.0
354.590989112854,23.0,0.0,28.56,27.16,26.88,,26.88,10.0
355.11283254623413,23.0,0.0,28.56,27.16,26.88,,26.88,10.0
355.59823536872864,23.0,0.0,28.56,27.16,26.88,,26.88,10.0
356.0942385196686,23.0,0.0,28.56,27.16,26.88,,26.88,10.0
356.59888648986816,23.0,0.0,28.56,27.16,26.88,,26.88,10.0
357.1082863807678,23.0,0.0,28.56,27.16,26.88,,26.88,10.0
357.61345410346985,23.0,0.0,28.56,27.16,26.88,,26.88,10.0
358.1040720939636,23.0,0.0,28.56,27.2,26.88,,26.88,10.0
358.61591482162476,23.0,0.0,28.56,27.16,26.88,,26.88,10.0
359.10715985298157,23.0,0.0,28.61,27.16,26.92,,26.92,10.0
359.6107087135315,23.0,0.0,28.56,27.2,26.92,,26.92,10.0
360.1160047054291,23.0,0.0,28.56,27.2,26.92,,26.92,10.0
360.61586689949036,23.0,0.0,28.56,27.2,26.92,,26.92,10.0
361.1155934333801,23.0,0.0,28.56,27.2,26.92,,26.92,10.0
361.6152386665344,23.0,0.0,28.61,27.2,26.92,,26.92,10.0
362.1132388114929,23.0,0.0,28.56,27.2,26.92,,26.92,10.0
362.6280257701874,23.0,0.0,28.61,27.2,26.92,,26.92,10.0
363.11388325691223,23.0,0.0,28.61,27.2,26.92,,26.92,10.0
363.6161091327667,23.0,0.0,28.61,27.2,26.92,,26.92,10.0
364.1315381526947,23.0,0.0,28.56,27.2,26.92,,26.92,10.0
364.6312642097473,23.0,0.0,28.61,27.2,26.92,,26.92,10.0
365.12716460227966,23.0,0.0,28.61,27.2,26.92,,26.92,10.0
365.6309742927551,23.0,0.0,28.61,27.2,26.92,,26.92,10.0
366.1225805282593,23.0,0.0,28.61,27.2,26.92,,26.92,10.0
366.6301908493042,23.0,0.0,28.61,27.2,26.92,,26.92,10.0
367.13178277015686,23.0,0.0,28.61,27.2,26.92,,26.92,10.0
367.6434473991394,23.0,0.0,28.61,27.2,26.92,,26.92,10.0
368.1292440891266,23.0,0.0,28.61,27.2,26.95,,26.95,10.0
368.64590644836426,23.0,0.0,28.56,27.2,26.95,,26.95,10.0
369.1308400630951,23.0,0.0,28.56,27.2,26.95,,26.95,10.0
369.6442623138428,23.0,0.0,28.61,27.2,26.95,,26.95,10.0
370.1377046108246,23.0,0.0,28.61,27.2,26.95,,26.95,10.0
370.6460049152374,23.0,0.0,28.61,27.2,26.95,,26.95,10.0
371.14885997772217,23.0,0.0,28.61,27.2,26.95,,26.95,10.0
371.64151787757874,23.0,0.0,28.61,27.2,26.95,,26.95,10.0
372.14971137046814,23.0,0.0,28.61,27.23,26.95,,26.95,10.0
372.66086888313293,23.0,0.0,28.56,27.23,26.95,,26.95,10.0
373.14775824546814,23.0,0.0,28.61,27.23,26.95,,26.95,10.0
373.6600253582001,23.0,0.0,28.61,27.23,26.95,,26.95,10.0
374.15009474754333,23.0,0.0,28.61,27.23,26.95,,26.95,10.0
374.6586060523987,23.0,0.0,28.61,27.23,26.95,,26.95,10.0
375.14867901802063,23.0,0.0,28.61,27.23,26.95,,26.95,10.0
375.64777994155884,23.0,0.0,28.61,27.23,26.95,,26.95,10.0
376.16077876091003,23.0,0.0,28.61,27.23,26.95,,26.95,10.0
376.66163063049316,23.0,0.0,28.61,27.23,26.95,,26.95,10.0
377.1587951183319,23.0,0.0,28.61,27.23,26.95,,26.95,10.0
377.64771461486816,23.0,0.0,28.61,27.23,26.95,,26.95,10.0
378.1483476161957,23.0,0.0,28.61,27.23,26.95,,26.95,10.0
378.66192722320557,23.0,0.0,28.61,27.23,26.95,,26.95,10.0
379.16556906700134,23.0,0.0,28.61,27.23,26.95,,26.95,10.0
379.6722116470337,23.0,0.0,28.65,27.23,26.95,,26.95,10.0
380.1564815044403,23.0,0.0,28.65,27.23,26.95,,26.95,10.0
380.67171907424927,23.0,0.0,28.61,27.23,26.95,,26.95,10.0
381.17371702194214,23.0,0.0,28.61,27.23,26.95,,26.95,10.0
381.66474986076355,23.0,0.0,28.61,27.23,26.95,,26.95,10.0
382.17842841148376,23.0,0.0,28.65,27.23,26.99,,26.99,10.0
382.6732597351074,23.0,0.0,28.61,27.23,26.99,,26.99,10.0
383.17670726776123,23.0,0.0,28.61,27.23,26.99,,26.99,10.0
383.6669955253601,23.0,0.0,28.61,27.23,26.99,,26.99,10.0
384.1644620895386,23.0,0.0,28.61,27.23,26.99,,26.99,10.0
384.67678213119507,23.0,0.0,28.65,27.23,26.99,,26.99,10.0
385.1660387516022,23.0,0.0,28.61,27.23,26.99,,26.99,10.0
385.6898527145386,23.0,0.0,28.61,27.23,26.99,,26.99,10.0
386.1833791732788,23.0,0.0,28.61,27.23,26.99,,26.99,10.0
386.693998336792,23.0,0.0,28.61,27.23,26.99,,26.99,10.0
387.1736238002777,23.0,0.0,28.65,27.26,26.99,,26.99,10.0
387.69403290748596,23.0,0.0,28.61,27.26,26.99,,26.99,10.0
388.1863226890564,23.0,0.0,28.65,27.26,26.99,,26.99,10.0
388.68852138519287,23.0,0.0,28.65,27.26,26.99,,26.99,10.0
389.19555950164795,23.0,0.0,28.65,27.26,26.99,,26.99,10.0
389.6875169277191,23.0,0.0,28.65,27.26,26.99,,26.99,10.0
390.1929795742035,23.0,0.0,28.61,27.26,27.02,,27.02,10.0
390.7032265663147,23.0,0.0,28.65,27.26,26.99,,26.99,10.0
391.19421339035034,23.0,0.0,28.65,27.26,26.99,,26.99,10.0
391.6893997192383,23.0,0.0,28.65,27.26,26.99,,26.99,10.0
392.20521569252014,23.0,0.0,28.65,27.26,26.99,,26.99,10.0
392.68876695632935,23.0,0.0,28.65,27.26,26.99,,26.99,10.0
393.20203852653503,23.0,0.0,28.65,27.26,27.02,,27.02,10.0
393.7068901062012,23.0,0.0,28.65,27.26,27.02,,27.02,10.0
394.19745993614197,23.0,0.0,28.65,27.26,27.02,,27.02,10.0
394.7078778743744,23.0,0.0,28.65,27.29,26.99,,26.99,10.0
395.1982698440552,23.0,0.0,28.65,27.26,27.02,,27.02,10.0
395.70339274406433,23.0,0.0,28.65,27.29,27.02,,27.02,10.0
396.20704650878906,23.0,0.0,28.65,27.29,27.02,,27.02,10.0
396.7164092063904,23.0,0.0,28.65,27.29,27.02,,27.02,10.0
397.20305824279785,23.0,0.0,28.65,27.29,27.02,,27.02,10.0
397.70489740371704,23.0,0.0,28.65,27.26,27.02,,27.02,10.0
398.2114613056183,23.0,0.0,28.65,27.29,27.02,,27.02,10.0
398.7234036922455,23.0,0.0,28.65,27.29,26.99,,26.99,10.0
399.21183800697327,23.0,0.0,28.65,27.29,27.02,,27.02,10.0
399.719140291214,23.0,0.0,28.65,27.29,27.02,,27.02,10.0
400.2226097583771,23.0,0.0,28.65,27.29,27.02,,27.02,10.0
400.72969484329224,23.0,0.0,28.65,27.29,27.02,,27.02,10.0
401.22136187553406,23.0,0.0,28.65,27.29,27.02,,27.02,10.0
401.7284662723541,23.0,0.0,28.65,27.29,27.02,,27.02,10.0
402.22649788856506,23.0,0.0,28.65,27.29,27.02,,27.02,10.0
402.7198097705841,23.0,0.0,28.65,27.29,27.02,,27.02,10.0
403.22196078300476,23.0,0.0,28.65,27.29,27.06,,27.06,10.0
403.73084926605225,23.0,0.0,28.65,27.32,27.02,,27.02,10.0
404.2187442779541,23.0,0.0,28.65,27.29,27.02,,27.02,10.0
404.74028038978577,23.0,0.0,28.65,27.29,27.06,,27.06,10.0
405.22307801246643,23.0,0.0,28.65,27.29,27.06,,27.06,10.0
405.72343134880066,23.0,0.0,28.65,27.29,27.06,,27.06,10.0
406.2378511428833,23.0,0.0,28.65,27.29,27.06,,27.06,10.0
406.7388150691986,23.0,0.0,28.65,27.29,27.06,,27.06,10.0
407.2388198375702,23.0,0.0,28.65,27.29,27.06,,27.06,10.0
407.73766446113586,23.0,0.0,28.65,27.32,27.06,,27.06,10.0
408.2401239871979,23.0,0.0,28.65,27.32,27.06,,27.06,10.0
408.74984860420227,23.0,0.0,28.65,27.32,27.06,,27.06,10.0
409.24376463890076,23.0,0.0,28.7,27.32,27.06,,27.06,10.0
409.7343099117279,23.0,0.0,28.7,27.32,27.06,,27.06,10.0
410.2555570602417,23.0,0.0,28.7,27.32,27.06,,27.06,10.0
410.7395770549774,23.0,0.0,28.7,27.32,27.06,,27.06,10.0
411.23968172073364,23.0,0.0,28.7,27.32,27.06,,27.06,10.0
411.75542521476746,23.0,0.0,28.7,27.32,27.06,,27.06,10.0
412.2535207271576,23.0,0.0,28.7,27.32,27.06,,27.06,10.0
412.7572705745697,23.0,0.0,28.7,27.32,27.06,,27.06,10.0
413.2570712566376,23.0,0.0,28.7,27.32,27.06,,27.06,10.0
413.75285243988037,23.0,0.0,28.7,27.32,27.06,,27.06,10.0
414.256600856781,23.0,0.0,28.7,27.32,27.09,,27.09,10.0
414.75030422210693,23.0,0.0,28.7,27.32,27.06,,27.06,10.0
415.2568964958191,23.0,0.0,28.7,27.32,27.09,,27.09,10.0
415.7507858276367,23.0,0.0,28.7,27.32,27.06,,27.06,10.0
416.25812554359436,23.0,0.0,28.7,27.32,27.06,,27.06,10.0
416.75017380714417,23.0,0.0,28.7,27.32,27.06,,27.06,10.0
417.2724709510803,23.0,0.0,28.7,27.32,27.06,,27.06,10.0
417.7566373348236,23.0,0.0,28.7,27.32,27.06,,27.06,10.0
418.2680640220642,23.0,0.0,28.7,27.32,27.06,,27.06,10.0
418.7727904319763,23.0,0.0,28.7,27.32,27.06,,27.06,10.0
419.27069115638733,23.0,0.0,28.7,27.32,27.09,,27.09,10.0
419.7741665840149,23.0,0.0,28.7,27.32,27.06,,27.06,10.0
420.267728805542,23.0,0.0,28.7,27.32,27.09,,27.09,10.0
420.77544951438904,23.0,0.0,28.7,27.32,27.06,,27.06,10.0
421.26664662361145,23.0,0.0,28.7,27.32,27.06,,27.06,10.0
421.77172207832336,23.0,0.0,28.7,27.32,27.09,,27.09,10.0
422.265340089798,23.0,0.0,28.7,27.32,27.09,,27.09,10.0
422.78483605384827,23.0,0.0,28.7,27.32,27.09,,27.09,10.0
423.2749762535095,23.0,0.0,28.7,27.32,27.09,,27.09,10.0
423.77300572395325,23.0,0.0,28.7,27.32,27.09,,27.09,10.0
424.2883059978485,23.0,0.0,28.7,27.32,27.09,,27.09,10.0
424.7827925682068,23.0,0.0,28.7,27.32,27.09,,27.09,10.0
425.28838992118835,23.0,0.0,28.7,27.32,27.09,,27.09,10.0
425.7909286022186,23.0,0.0,28.7,27.36,27.09,,27.09,10.0
426.28355598449707,23.0,0.0,28.7,27.36,27.09,,27.09,10.0
426.7894504070282,23.0,0.0,28.7,27.36,27.09,,27.09,10.0
427.2979953289032,23.0,0.0,28.7,27.36,27.09,,27.09,10.0
427.79050040245056,23.0,0.0,28.7,27.36,27.09,,27.09,10.0
428.29902720451355,23.0,0.0,28.7,27.36,27.09,,27.09,10.0
428.8059265613556,23.0,0.0,28.7,27.36,27.09,,27.09,10.0
429.2879309654236,23.0,0.0,28.7,27.36,27.06,,27.06,10.0
429.79844427108765,23.0,0.0,28.7,27.36,27.09,,27.09,10.0
430.3006989955902,23.0,0.0,28.7,27.36,27.09,,27.09,10.0
430.79791378974915,23.0,0.0,28.7,27.36,27.09,,27.09,10.0
431.29801630973816,23.0,0.0,28.7,27.36,27.09,,27.09,10.0
431.8046510219574,23.0,0.0,28.7,27.36,27.09,,27.09,10.0
432.306205034256,23.0,0.0,28.74,27.36,27.09,,27.09,10.0
432.8020567893982,23.0,0.0,28.7,27.36,27.09,,27.09,10.0
433.3062539100647,23.0,0.0,28.7,27.36,27.09,,27.09,10.0
433.8054213523865,23.0,0.0,28.7,27.36,27.06,,27.06,10.0
434.31890654563904,23.0,0.0,28.7,27.36,27.09,,27.09,10.0
434.8038663864136,23.0,0.0,28.7,27.36,27.09,,27.09,10.0
435.29719400405884,23.0,0.0,28.7,27.36,27.09,,27.09,10.0
435.81559896469116,23.0,0.0,28.74,27.36,27.09,,27.09,10.0
436.30596137046814,23.0,0.0,28.7,27.36,27.06,,27.06,10.0
436.8139817714691,23.0,0.0,28.7,27.36,27.09,,27.09,10.0
437.3061897754669,23.0,0.0,28.7,27.36,27.09,,27.09,10.0
437.8039560317993,23.0,0.0,28.7,27.36,27.09,,27.09,10.0
438.3141014575958,23.0,0.0,28.7,27.36,27.09,,27.09,10.0
438.81486105918884,23.0,0.0,28.7,27.36,27.09,,27.09,10.0
439.3099060058594,23.0,0.0,28.74,27.36,27.09,,27.09,10.0
439.83184361457825,23.0,0.0,28.7,27.36,27.09,,27.09,10.0
440.324022769928,23.0,0.0,28.74,27.39,27.09,,27.09,10.0
440.83256578445435,23.0,0.0,28.74,27.39,27.09,,27.09,10.0
441.3134241104126,23.0,0.0,28.74,27.36,27.09,,27.09,10.0
441.8306701183319,23.0,0.0,28.74,27.39,27.09,,27.09,10.0
442.32341599464417,23.0,0.0,28.74,27.39,27.09,,27.09,10.0
442.83173727989197,23.0,0.0,28.74,27.39,27.09,,27.09,10.0
443.3296411037445,23.0,0.0,28.74,27.36,27.09,,27.09,10.0
443.83064913749695,23.0,0.0,28.74,27.36,27.09,,27.09,10.0
444.33266043663025,23.0,0.0,28.74,27.39,27.09,,27.09,10.0
444.8231728076935,23.0,0.0,28.74,27.36,27.09,,27.09,10.0
445.32881259918213,23.0,0.0,28.74,27.36,27.09,,27.09,10.0
445.8363423347473,23.0,0.0,28.74,27.39,27.09,,27.09,10.0
446.3310432434082,23.0,0.0,28.74,27.39,27.09,,27.09,10.0
446.8493564128876,23.0,0.0,28.74,27.39,27.09,,27.09,10.0
447.3317470550537,23.0,0.0,28.74,27.36,27.09,,27.09,10.0
447.8475923538208,23.0,0.0,28.74,27.39,27.13,,27.13,10.0
448.3411521911621,23.0,0.0,28.74,27.36,27.13,,27.13,10.0
448.8456757068634,23.0,0.0,28.74,27.39,27.09,,27.09,10.0
449.34651827812195,23.0,0.0,28.74,27.39,27.09,,27.09,10.0
449.8422899246216,23.0,0.0,28.74,27.36,27.13,,27.13,10.0
450.346715927124,23.0,0.0,28.74,27.39,27.13,,27.13,10.0
450.8457684516907,23.0,0.0,28.74,27.39,27.09,,27.09,10.0
451.3493616580963,23.0,0.0,28.74,27.39,27.13,,27.13,10.0
451.84725880622864,23.0,0.0,28.74,27.39,27.09,,27.09,10.0
452.36564016342163,23.0,0.0,28.74,27.36,27.09,,27.09,10.0
452.8610620498657,23.0,0.0,28.74,27.39,27.09,,27.09,10.0
453.34723567962646,23.0,0.0,28.74,27.39,27.13,,27.13,10.0
453.85398864746094,23.0,0.0,28.74,27.36,27.13,,27.13,10.0
454.3596701622009,23.0,0.0,28.74,27.39,27.13,,27.13,10.0
454.8639283180237,23.0,0.0,28.74,27.39,27.13,,27.13,10.0
455.355628490448,23.0,0.0,28.74,27.39,27.13,,27.13,10.0
455.86405897140503,23.0,0.0,28.74,27.39,27.13,,27.13,10.0
456.3636226654053,23.0,0.0,28.74,27.39,27.13,,27.13,10.0
456.8596272468567,23.0,0.0,28.74,27.39,27.13,,27.13,10.0
457.36221051216125,23.0,0.0,28.74,27.39,27.13,,27.13,10.0
457.86259603500366,23.0,0.0,28.74,27.39,27.13,,27.13,10.0
458.3599500656128,23.0,0.0,28.74,27.39,27.13,,27.13,10.0
458.8800332546234,23.0,0.0,28.74,27.39,27.13,,27.13,10.0
459.37417244911194,23.0,0.0,28.74,27.39,27.13,,27.13,10.0
459.8840765953064,23.0,0.0,28.74,27.39,27.13,,27.13,10.0
460.36435437202454,23.0,0.0,28.74,27.39,27.13,,27.13,10.0
460.8837902545929,23.0,0.0,28.74,27.39,27.13,,27.13,10.0
461.3772976398468,23.0,0.0,28.74,27.39,27.16,,27.16,10.0
461.88338685035706,23.0,0.0,28.74,27.39,27.13,,27.13,10.0
462.3808662891388,23.0,0.0,28.74,27.39,27.13,,27.13,10.0
462.89214992523193,23.0,0.0,28.74,27.39,27.13,,27.13,10.0
463.3814482688904,23.0,0.0,28.74,27.39,27.13,,27.13,10.0
463.89036417007446,23.0,0.0,28.74,27.39,27.13,,27.13,10.0
464.37905073165894,23.0,0.0,28.74,27.39,27.13,,27.13,10.0
464.87673783302307,23.0,0.0,28.74,27.39,27.13,,27.13,10.0
465.39531207084656,23.0,0.0,28.79,27.39,27.13,,27.13,10.0
465.8968367576599,23.0,0.0,28.79,27.39,27.16,,27.16,10.0
466.3968288898468,23.0,0.0,28.79,27.39,27.16,,27.16,10.0
466.89240074157715,23.0,0.0,28.79,27.39,27.13,,27.13,10.0
467.3926672935486,23.0,0.0,28.79,27.39,27.16,,27.16,10.0
467.8933322429657,23.0,0.0,28.79,27.42,27.16,,27.16,10.0
468.40142130851746,23.0,0.0,28.79,27.42,27.13,,27.13,10.0
468.8947684764862,23.0,0.0,28.79,27.42,27.13,,27.13,10.0
469.39648032188416,23.0,0.0,28.79,27.39,27.13,,27.13,10.0
469.90940380096436,23.0,0.0,28.79,27.39,27.13,,27.13,10.0
470.4118478298187,23.0,0.0,28.79,27.39,27.13,,27.13,10.0
470.8956444263458,23.0,0.0,28.79,27.39,27.13,,27.13,10.0
471.41189193725586,23.0,0.0,28.79,27.39,27.13,,27.13,10.0
471.9129099845886,23.0,0.0,28.79,27.39,27.13,,27.13,10.0
472.40871357917786,23.0,0.0,28.79,27.39,27.13,,27.13,10.0
472.9136264324188,23.0,0.0,28.79,27.39,27.13,,27.13,10.0
473.4059624671936,23.0,0.0,28.79,27.42,27.16,,27.16,10.0
473.9139618873596,23.0,0.0,28.79,27.42,27.13,,27.13,10.0
474.4127140045166,23.0,0.0,28.79,27.39,27.13,,27.13,10.0
474.92510080337524,23.0,0.0,28.79,27.39,27.16,,27.16,10.0
475.4107964038849,23.0,0.0,28.79,27.42,27.13,,27.13,10.0
475.90651655197144,23.0,0.0,28.79,27.42,27.13,,27.13,10.0
476.4116282463074,23.0,0.0,28.79,27.42,27.13,,27.13,10.0
476.9257538318634,23.0,0.0,28.79,27.39,27.13,,27.13,10.0
477.43009996414185,23.0,0.0,28.79,27.39,27.13,,27.13,10.0
477.9229393005371,23.0,0.0,28.79,27.42,27.13,,27.13,10.0
478.42916321754456,23.0,0.0,28.79,27.42,27.13,,27.13,10.0
478.9241487979889,23.0,0.0,28.79,27.39,27.16,,27.16,10.0
479.42696261405945,23.0,0.0,28.79,27.39,27.13,,27.13,10.0
479.9295907020569,23.0,0.0,28.79,27.39,27.13,,27.13,10.0
480.42645382881165,23.0,0.0,28.74,27.42,27.13,,27.13,10.0
480.92699909210205,23.0,0.0,28.79,27.39,27.13,,27.13,10.0
481.4215521812439,23.0,0.0,28.79,27.42,27.16,,27.16,10.0
481.9431390762329,23.0,0.0,28.79,27.42,27.16,,27.16,10.0
482.43076062202454,23.0,0.0,28.74,27.42,27.16,,27.16,10.0
482.9396996498108,23.0,0.0,28.79,27.42,27.16,,27.16,10.0
483.4461553096771,23.0,0.0,28.79,27.42,27.16,,27.16,10.0
483.9275896549225,23.0,0.0,28.79,27.42,27.16,,27.16,10.0
484.44228959083557,23.0,0.0,28.79,27.42,27.16,,27.16,10.0
484.93028950691223,23.0,0.0,28.79,27.42,27.16,,27.16,10.0
485.4291672706604,23.0,0.0,28.79,27.42,27.16,,27.16,10.0
485.9417049884796,23.0,0.0,28.79,27.42,27.16,,27.16,10.0
486.4503424167633,23.0,0.0,28.79,27.42,27.16,,27.16,10.0
486.9380328655243,23.0,0.0,28.74,27.42,27.16,,27.16,10.0
487.44594860076904,23.0,0.0,28.79,27.42,27.16,,27.16,10.0
487.9535620212555,23.0,0.0,28.79,27.42,27.16,,27.16,10.0
488.4437825679779,23.0,0.0,28.79,27.42,27.16,,27.16,10.0
488.94957852363586,23.0,0.0,28.74,27.42,27.16,,27.16,10.0
489.4549582004547,23.0,0.0,28.79,27.42,27.16,,27.16,10.0
489.94646763801575,23.0,0.0,28.79,27.42,27.16,,27.16,10.0
490.4541263580322,23.0,0.0,28.79,27.42,27.16,,27.16,10.0
490.961501121521,23.0,0.0,28.79,27.42,27.16,,27.16,10.0
491.4629786014557,23.0,0.0,28.79,27.42,27.16,,27.16,10.0
491.95546555519104,23.0,0.0,28.79,27.42,27.16,,27.16,10.0
492.4600417613983,23.0,0.0,28.79,27.42,27.16,,27.16,10.0
492.94997000694275,23.0,0.0,28.79,27.42,27.16,,27.16,10.0
493.461270570755,23.0,0.0,28.79,27.42,27.16,,27.16,10.0
493.97242641448975,23.0,0.0,28.79,27.42,27.16,,27.16,10.0
494.46111369132996,23.0,0.0,28.79,27.42,27.16,,27.16,10.0
494.95515513420105,23.0,0.0,28.79,27.42,27.16,,27.16,10.0
495.46964716911316,23.0,0.0,28.79,27.42,27.16,,27.16,10.0
495.9636731147766,23.0,0.0,28.74,27.42,27.16,,27.16,10.0
496.47643208503723,23.0,0.0,28.79,27.42,27.16,,27.16,10.0
496.96166467666626,23.0,0.0,28.79,27.42,27.16,,27.16,10.0
497.4750409126282,23.0,0.0,28.79,27.42,27.16,,27.16,10.0
497.96284794807434,23.0,0.0,28.79,27.42,27.16,,27.16,10.0
498.4722559452057,23.0,0.0,28.79,27.42,27.16,,27.16,10.0
498.964115858078,23.0,0.0,28.79,27.42,27.16,,27.16,10.0
499.4707465171814,23.0,0.0,28.79,27.42,27.16,,27.16,10.0
499.9781768321991,23.0,0.0,28.79,27.42,27.16,,27.16,10.0
500.48501467704773,23.0,0.0,28.79,27.42,27.16,,27.16,10.0
500.98809599876404,23.0,0.0,28.79,27.42,27.16,,27.16,10.0
501.471314907074,23.0,0.0,28.79,27.42,27.16,,27.16,10.0
501.98683190345764,23.0,0.0,28.79,27.42,27.16,,27.16,10.0
502.4866168498993,23.0,0.0,28.79,27.42,27.16,,27.16,10.0
502.9902558326721,23.0,0.0,28.79,27.42,27.16,,27.16,10.0
503.4930372238159,23.0,0.0,28.79,27.42,27.16,,27.16,10.0
503.98836278915405,23.0,0.0,28.79,27.42,27.16,,27.16,10.0
504.4877333641052,23.0,0.0,28.79,27.42,27.16,,27.16,10.0
504.98383474349976,23.0,0.0,28.79,27.42,27.16,,27.16,10.0
505.48970675468445,23.0,0.0,28.79,27.42,27.16,,27.16,10.0
505.9979889392853,23.0,0.0,28.79,27.42,27.16,,27.16,10.0
506.4974226951599,23.0,0.0,28.79,27.42,27.16,,27.16,10.0
507.00019907951355,23.0,0.0,28.79,27.42,27.16,,27.16,10.0
507.505491733551,23.0,0.0,28.79,27.45,27.16,,27.16,10.0
508.00336241722107,23.0,0.0,28.79,27.42,27.16,,27.16,10.0
508.5118000507355,23.0,0.0,28.79,27.42,27.16,,27.16,10.0
509.00273633003235,23.0,0.0,28.79,27.42,27.16,,27.16,10.0
509.502569437027,23.0,0.0,28.79,27.42,27.16,,27.16,10.0
510.0016758441925,23.0,0.0,28.79,27.42,27.16,,27.16,10.0
510.50498485565186,23.0,0.0,28.79,27.42,27.16,,27.16,10.0
510.99585032463074,23.0,0.0,28.79,27.42,27.16,,27.16,10.0
511.5216999053955,23.0,0.0,28.74,27.42,27.16,,27.16,10.0
512.0043666362762,23.0,0.0,28.74,27.42,27.16,,27.16,10.0
512.4995300769806,23.0,0.0,28.74,27.42,27.16,,27.16,10.0
513.0233912467957,23.0,0.0,28.74,27.42,27.16,,27.16,10.0
513.5023303031921,23.0,0.0,28.74,27.42,27.16,,27.16,10.0
514.0213124752045,23.0,0.0,28.74,27.42,27.16,,27.16,10.0
514.5043303966522,23.0,0.0,28.74,27.42,27.16,,27.16,10.0
515.0202870368958,23.0,0.0,28.74,27.42,27.16,,27.16,10.0
515.5201728343964,23.0,0.0,28.74,27.42,27.19,,27.19,10.0
516.0188579559326,23.0,0.0,28.74,27.42,27.16,,27.16,10.0
516.5209741592407,23.0,0.0,28.79,27.42,27.16,,27.16,10.0
517.0314004421234,23.0,0.0,28.79,27.42,27.16,,27.16,10.0
517.528192281723,23.0,0.0,28.79,27.42,27.16,,27.16,10.0
518.0341577529907,23.0,0.0,28.79,27.42,27.16,,27.16,10.0
518.5269470214844,23.0,0.0,28.79,27.42,27.16,,27.16,10.0
519.0385694503784,23.0,0.0,28.79,27.42,27.19,,27.19,10.0
519.5187435150146,23.0,0.0,28.79,27.42,27.16,,27.16,10.0
520.0323674678802,23.0,0.0,28.79,27.42,27.19,,27.19,10.0
520.5367133617401,23.0,0.0,28.79,27.42,27.19,,27.19,10.0
521.0386693477631,23.0,0.0,28.79,27.42,27.16,,27.16,10.0
521.5328450202942,23.0,0.0,28.79,27.42,27.16,,27.16,10.0
522.037700176239,23.0,0.0,28.79,27.42,27.16,,27.16,10.0
522.5440657138824,23.0,0.0,28.79,27.42,27.16,,27.16,10.0
523.0480353832245,23.0,0.0,28.79,27.42,27.16,,27.16,10.0
523.5317058563232,23.0,0.0,28.79,27.42,27.16,,27.16,10.0
524.0457425117493,23.0,0.0,28.79,27.42,27.19,,27.19,10.0
524.5409197807312,23.0,0.0,28.79,27.45,27.19,,27.19,10.0
525.0488827228546,23.0,0.0,28.79,27.45,27.16,,27.16,10.0
525.5522584915161,23.0,0.0,28.79,27.45,27.19,,27.19,10.0
526.0368313789368,23.0,0.0,28.79,27.42,27.19,,27.19,10.0
526.5476846694946,23.0,0.0,28.79,27.45,27.19,,27.19,10.0
527.0530095100403,23.0,0.0,28.79,27.45,27.19,,27.19,10.0
527.55233335495,23.0,0.0,28.79,27.45,27.19,,27.19,10.0
528.0466692447662,23.0,0.0,28.79,27.45,27.16,,27.16,10.0
528.5528674125671,23.0,0.0,28.79,27.45,27.16,,27.16,10.0
529.0487971305847,23.0,0.0,28.79,27.45,27.16,,27.16,10.0
529.5488653182983,23.0,0.0,28.79,27.45,27.16,,27.16,10.0
530.0543210506439,23.0,0.0,28.79,27.45,27.19,,27.19,10.0
530.5542478561401,23.0,0.0,28.79,27.45,27.16,,27.16,10.0
531.0665023326874,23.0,0.0,28.79,27.45,27.16,,27.16,10.0
531.5534946918488,23.0,0.0,28.79,27.45,27.19,,27.19,10.0
532.0643801689148,23.0,0.0,28.79,27.45,27.16,,27.16,10.0
532.568601846695,23.0,0.0,28.79,27.42,27.16,,27.16,10.0
533.0720624923706,23.0,0.0,28.79,27.42,27.16,,27.16,10.0
533.5645499229431,23.0,0.0,28.79,27.45,27.16,,27.16,10.0
534.0704569816589,23.0,0.0,28.79,27.42,27.19,,27.19,10.0
534.5650646686554,23.0,0.0,28.79,27.42,27.16,,27.16,10.0
535.0720407962799,23.0,0.0,28.79,27.45,27.19,,27.19,10.0
535.5806005001068,23.0,0.0,28.79,27.45,27.19,,27.19,10.0
536.0695080757141,23.0,0.0,28.79,27.45,27.19,,27.19,10.0
536.5778067111969,23.0,0.0,28.79,27.45,27.19,,27.19,10.0
537.0823907852173,23.0,0.0,28.79,27.45,27.19,,27.19,10.0
537.5755190849304,23.0,0.0,28.79,27.45,27.19,,27.19,10.0
538.0781028270721,23.0,0.0,28.79,27.45,27.19,,27.19,10.0
538.5842864513397,23.0,0.0,28.79,27.45,27.19,,27.19,10.0
539.0869708061218,23.0,0.0,28.79,27.45,27.19,,27.19,10.0
539.5814809799194,23.0,0.0,28.79,27.45,27.19,,27.19,10.0
540.0879828929901,23.0,0.0,28.79,27.45,27.19,,27.19,10.0
540.5762531757355,23.0,0.0,28.79,27.45,27.19,,27.19,10.0
541.100114107132,23.0,0.0,28.79,27.45,27.19,,27.19,10.0
541.5953867435455,23.0,0.0,28.79,27.45,27.19,,27.19,10.0
542.1011064052582,23.0,0.0,28.83,27.45,27.19,,27.19,10.0
542.5790920257568,23.0,0.0,28.79,27.45,27.19,,27.19,10.0
543.1010847091675,23.0,0.0,28.83,27.45,27.19,,27.19,10.0
543.5794546604156,23.0,0.0,28.79,27.45,27.19,,27.19,10.0
544.1001300811768,23.0,0.0,28.83,27.45,27.19,,27.19,10.0
544.590491771698,23.0,0.0,28.83,27.45,27.19,,27.19,10.0
545.0986704826355,23.0,0.0,28.83,27.45,27.19,,27.19,10.0
545.6045472621918,23.0,0.0,28.83,27.45,27.19,,27.19,10.0
546.1102035045624,23.0,0.0,28.83,27.45,27.19,,27.19,10.0
546.5996286869049,23.0,0.0,28.83,27.45,27.19,,27.19,10.0
547.1074812412262,23.0,0.0,28.83,27.45,27.19,,27.19,10.0
547.6120612621307,23.0,0.0,28.83,27.45,27.19,,27.19,10.0
548.1043944358826,23.0,0.0,28.83,27.45,27.19,,27.19,10.0
548.6024811267853,23.0,0.0,28.83,27.45,27.19,,27.19,10.0
549.1015124320984,23.0,0.0,28.83,27.45,27.19,,27.19,10.0
549.6006228923798,23.0,0.0,28.83,27.45,27.19,,27.19,10.0
550.0998599529266,23.0,0.0,28.79,27.45,27.19,,27.19,10.0
550.6012651920319,23.0,0.0,28.79,27.45,27.23,,27.23,10.0
551.1063072681427,23.0,0.0,28.79,27.45,27.19,,27.19,10.0
551.6122596263885,23.0,0.0,28.83,27.45,27.23,,27.23,10.0
552.104709148407,23.0,0.0,28.79,27.45,27.23,,27.23,10.0
552.6127738952637,23.0,0.0,28.79,27.45,27.19,,27.19,10.0
553.1158111095428,23.0,0.0,28.79,27.45,27.23,,27.23,10.0
553.6062390804291,23.0,0.0,28.79,27.45,27.19,,27.19,10.0
554.1142828464508,23.0,0.0,28.79,27.45,27.19,,27.19,10.0
554.6146411895752,23.0,0.0,28.83,27.45,27.19,,27.19,10.0
555.1114315986633,23.0,0.0,28.83,27.45,27.19,,27.19,10.0
555.6109502315521,23.0,0.0,28.79,27.45,27.19,,27.19,10.0
556.1168739795685,23.0,0.0,28.79,27.49,27.19,,27.19,10.0
556.6123492717743,23.0,0.0,28.79,27.45,27.23,,27.23,10.0
557.1199064254761,23.0,0.0,28.83,27.49,27.19,,27.19,10.0
557.624790430069,23.0,0.0,28.79,27.45,27.23,,27.23,10.0
558.1292822360992,23.0,0.0,28.83,27.49,27.23,,27.23,10.0
558.6276395320892,23.0,0.0,28.79,27.45,27.23,,27.23,10.0
559.1201436519623,23.0,0.0,28.83,27.49,27.23,,27.23,10.0
559.6279399394989,23.0,0.0,28.83,27.49,27.23,,27.23,10.0
560.1296620368958,23.0,0.0,28.79,27.45,27.23,,27.23,10.0
560.6287488937378,23.0,0.0,28.79,27.49,27.23,,27.23,10.0
561.1282474994659,23.0,0.0,28.83,27.49,27.23,,27.23,10.0
561.6326038837433,23.0,0.0,28.83,27.45,27.23,,27.23,10.0
562.1362240314484,23.0,0.0,28.83,27.45,27.23,,27.23,10.0
562.6439542770386,23.0,0.0,28.79,27.45,27.23,,27.23,10.0
563.1431546211243,23.0,0.0,28.79,27.45,27.23,,27.23,10.0
563.6368041038513,23.0,0.0,28.83,27.45,27.23,,27.23,10.0
564.1394107341766,23.0,0.0,28.79,27.45,27.23,,27.23,10.0
564.639800786972,23.0,0.0,28.83,27.49,27.23,,27.23,10.0
565.139119386673,23.0,0.0,28.79,27.45,27.23,,27.23,10.0
565.636061668396,23.0,0.0,28.79,27.49,27.23,,27.23,10.0
566.1431043148041,23.0,0.0,28.79,27.49,27.23,,27.23,10.0
566.6415774822235,23.0,0.0,28.79,27.49,27.23,,27.23,10.0
567.1439578533173,23.0,0.0,28.79,27.45,27.23,,27.23,10.0
567.6503562927246,23.0,0.0,28.79,27.45,27.23,,27.23,10.0
568.1449303627014,23.0,0.0,28.83,27.49,27.23,,27.23,10.0
568.6509714126587,23.0,0.0,28.79,27.45,27.23,,27.23,10.0
569.1574549674988,23.0,0.0,28.83,27.45,27.23,,27.23,10.0
569.6497349739075,23.0,0.0,28.79,27.45,27.26,,27.26,10.0
570.1577906608582,23.0,0.0,28.83,27.45,27.23,,27.23,10.0
570.6538636684418,23.0,0.0,28.79,27.45,27.26,,27.26,10.0
571.1540429592133,23.0,0.0,28.79,27.45,27.23,,27.23,10.0
571.6538596153259,23.0,0.0,28.79,27.45,27.23,,27.23,10.0
572.1538004875183,23.0,0.0,28.79,27.45,27.26,,27.26,10.0
572.6586444377899,23.0,0.0,28.79,27.45,27.23,,27.23,10.0
573.1615176200867,23.0,0.0,28.79,27.45,27.26,,27.26,10.0
573.6635837554932,23.0,0.0,28.79,27.45,27.26,,27.26,10.0
574.1666095256805,23.0,0.0,28.79,27.45,27.23,,27.23,10.0
574.667338848114,23.0,0.0,28.79,27.45,27.23,,27.23,10.0
575.1657497882843,23.0,0.0,28.79,27.45,27.23,,27.23,10.0
575.6640386581421,23.0,0.0,28.79,27.49,27.23,,27.23,10.0
576.1753840446472,23.0,0.0,28.83,27.45,27.23,,27.23,10.0
576.666766166687,23.0,0.0,28.79,27.45,27.23,,27.23,10.0
577.179347038269,23.0,0.0,28.83,27.45,27.23,,27.23,10.0
577.6758825778961,23.0,0.0,28.79,27.49,27.23,,27.23,10.0
578.170051574707,23.0,0.0,28.79,27.49,27.23,,27.23,10.0
578.6832854747772,23.0,0.0,28.83,27.45,27.23,,27.23,10.0
579.1888844966888,23.0,0.0,28.83,27.49,27.23,,27.23,10.0
579.6955590248108,23.0,0.0,28.79,27.49,27.23,,27.23,10.0
580.1763145923615,23.0,0.0,28.79,27.49,27.23,,27.23,10.0
580.6911859512329,23.0,0.0,28.79,27.49,27.23,,27.23,10.0
581.195966720581,23.0,0.0,28.83,27.45,27.23,,27.23,10.0
581.6907215118408,23.0,0.0,28.83,27.45,27.23,,27.23,10.0
582.1937005519867,23.0,0.0,28.79,27.49,27.23,,27.23,10.0
582.6926138401031,23.0,0.0,28.79,27.49,27.23,,27.23,10.0
583.2021594047546,23.0,0.0,28.79,27.49,27.23,,27.23,10.0
583.7078695297241,23.0,0.0,28.83,27.49,27.23,,27.23,10.0
584.1906788349152,23.0,0.0,28.79,27.49,27.23,,27.23,10.0
584.6902558803558,23.0,0.0,28.83,27.49,27.23,,27.23,10.0
585.1956400871277,23.0,0.0,28.83,27.49,27.23,,27.23,10.0
585.6990826129913,23.0,0.0,28.83,27.49,27.23,,27.23,10.0
586.2024085521698,23.0,0.0,28.83,27.49,27.23,,27.23,10.0
586.7078680992126,23.0,0.0,28.79,27.49,27.23,,27.23,10.0
587.2107486724854,23.0,0.0,28.83,27.49,27.23,,27.23,10.0
587.6985747814178,23.0,0.0,28.83,27.49,27.23,,27.23,10.0
588.2064182758331,23.0,0.0,28.83,27.49,27.23,,27.23,10.0
588.7108333110809,23.0,0.0,28.83,27.49,27.23,,27.23,10.0
589.2118825912476,23.0,0.0,28.83,27.49,27.23,,27.23,10.0
589.7222764492035,23.0,0.0,28.83,27.49,27.23,,27.23,10.0
590.2089040279388,23.0,0.0,28.83,27.49,27.23,,27.23,10.0
590.7192873954773,23.0,0.0,28.83,27.49,27.23,,27.23,10.0
591.2106735706329,23.0,0.0,28.83,27.49,27.23,,27.23,10.0
591.7112791538239,23.0,0.0,28.83,27.49,27.23,,27.23,10.0
592.2235686779022,23.0,0.0,28.83,27.45,27.23,,27.23,10.0
592.7301161289215,23.0,0.0,28.83,27.45,27.23,,27.23,10.0
593.2189688682556,23.0,0.0,28.83,27.49,27.19,,27.19,10.0
593.7306432723999,23.0,0.0,28.83,27.49,27.23,,27.23,10.0
594.2234823703766,23.0,0.0,28.83,27.49,27.23,,27.23,10.0
594.7167227268219,23.0,0.0,28.83,27.49,27.23,,27.23,10.0
595.2349898815155,23.0,0.0,28.83,27.49,27.23,,27.23,10.0
595.7283878326416,23.0,0.0,28.83,27.49,27.23,,27.23,10.0
596.2227210998535,23.0,0.0,28.83,27.49,27.23,,27.23,10.0
596.7382011413574,23.0,0.0,28.83,27.49,27.23,,27.23,10.0
597.230232000351,23.0,0.0,28.83,27.49,27.23,,27.23,10.0
597.7357337474823,23.0,0.0,28.83,27.49,27.23,,27.23,10.0
598.2371373176575,23.0,0.0,28.83,27.49,27.23,,27.23,10.0
598.7281501293182,23.0,0.0,28.83,27.49,27.23,,27.23,10.0
599.233461856842,23.0,0.0,28.83,27.49,27.23,,27.23,10.0
599.7345221042633,23.0,0.0,28.83,27.49,27.19,,27.19,10.0
600.235228061676,23.0,0.0,28.83,27.49,27.19,,27.19,10.0
600.7291238307953,23.0,0.0,28.83,27.49,27.23,,27.23,10.0
601.2282974720001,23.0,0.0,28.83,27.49,27.23,,27.23,10.0
601.7295925617218,23.0,0.0,28.83,27.49,27.23,,27.23,10.0
602.2298789024353,23.0,0.0,28.83,27.49,27.19,,27.19,10.0
602.7519209384918,23.0,0.0,28.83,27.49,27.19,,27.19,10.0
603.3780195713043,23.0,0.0,28.83,27.49,27.23,,27.23,10.0
603.752828836441,23.0,0.0,28.83,27.49,27.19,,27.19,10.0
604.2472050189972,23.0,0.0,28.83,27.45,27.19,,27.19,10.0
604.7506880760193,23.0,0.0,28.83,27.49,27.19,,27.19,10.0
605.2400374412537,23.0,0.0,28.83,27.49,27.23,,27.23,10.0
605.7504580020905,23.0,0.0,28.83,27.49,27.23,,27.23,10.0
606.2510664463043,23.0,0.0,28.83,27.49,27.19,,27.19,10.0
606.7538721561432,23.0,0.0,28.83,27.49,27.19,,27.19,10.0
607.2545852661133,23.0,0.0,28.83,27.49,27.19,,27.19,10.0
607.753698348999,23.0,0.0,28.83,27.49,27.19,,27.19,10.0
608.2696905136108,23.0,0.0,28.83,27.49,27.19,,27.19,10.0
608.7676088809967,23.0,0.0,28.83,27.45,27.19,,27.19,10.0
609.2702476978302,23.0,0.0,28.83,27.49,27.23,,27.23,10.0
609.7665729522705,23.0,0.0,28.83,27.49,27.19,,27.19,10.0
610.267270565033,23.0,0.0,28.83,27.49,27.19,,27.19,10.0
610.77032995224,23.0,0.0,28.83,27.49,27.19,,27.19,10.0
611.2763257026672,23.0,0.0,28.83,27.49,27.19,,27.19,10.0
611.766934633255,23.0,0.0,28.83,27.49,27.23,,27.23,10.0
612.2701818943024,23.0,0.0,28.83,27.49,27.19,,27.19,10.0
612.7698242664337,23.0,0.0,28.83,27.45,27.19,,27.19,10.0
613.2725279331207,23.0,0.0,28.83,27.45,27.19,,27.19,10.0
613.786646604538,23.0,0.0,28.83,27.45,27.23,,27.23,10.0
614.2853465080261,23.0,0.0,28.83,27.45,27.19,,27.19,10.0
614.7847821712494,23.0,0.0,28.83,27.45,27.19,,27.19,10.0
615.2691781520844,23.0,0.0,28.83,27.45,27.19,,27.19,10.0
615.7904524803162,23.0,0.0,28.83,27.45,27.19,,27.19,10.0
616.272469997406,23.0,0.0,28.83,27.45,27.19,,27.19,10.0
